id,company_id,esb_id,name,product_code,bom_name,category_name,sub_category_name,category_type_name,flag_active,normalized_name,raw_data,synced_at,updated_at
1,1,1192,- Brewmalt - Cup Frosted (Event/Bulk),BULK-00004,Brewmalt - Cup Frosted (Event/Bulk),Finished Good,Event/Bulk,Inventory,true,,"{""bomName"":""Brewmalt - Cup Frosted (Event/Bulk)"",""productID"":1192,""flagActive"":true,""productCode"":""BULK-00004"",""productName"":""- Brewmalt - Cup Frosted (Event/Bulk)"",""categoryName"":""Finished Good"",""subCategoryName"":""Event/Bulk"",""categoryTypeName"":""Inventory""}",2026-08-21 18:25:32.021999+00,2026-08-28 07:30:20.376907+00
2,1,1516,- Bulk Order - Paket 1 (Bulk/Event),BULK-00048,,Finished Good,Event/Bulk,Inventory,true,,"{""bomName"":null,""productID"":1516,""flagActive"":true,""productCode"":""BULK-00048"",""productName"":""- Bulk Order - Paket 1 (Bulk/Event)"",""categoryName"":""Finished Good"",""subCategoryName"":""Event/Bulk"",""categoryTypeName"":""Inventory""}",2026-08-21 18:25:32.021999+00,2026-08-28 07:30:20.376907+00
3,1,1520,- Bulk Order - Paket 4 (Bulk/Event),BULK-00049,Bulk Order - Paket 4 (Bulk/Event),Finished Good,Event/Bulk,Inventory,true,,"{""bomName"":""Bulk Order - Paket 4 (Bulk/Event)"",""productID"":1520,""flagActive"":true,""productCode"":""BULK-00049"",""productName"":""- Bulk Order - Paket 4 (Bulk/Event)"",""categoryName"":""Finished Good"",""subCategoryName"":""Event/Bulk"",""categoryTypeName"":""Inventory""}",2026-08-21 18:25:32.021999+00,2026-08-28 07:30:20.376907+00
4,1,1198,- Butterscotch Macchiato - Cup Es (Event/Bulk),BULK-00005,Butterscotch Macchiato - Cup Es (Event/Bulk),Finished Good,Event/Bulk,Inventory,true,,"{""bomName"":""Butterscotch Macchiato - Cup Es (Event/Bulk)"",""productID"":1198,""flagActive"":true,""productCode"":""BULK-00005"",""productName"":""- Butterscotch Macchiato - Cup Es (Event/Bulk)"",""categoryName"":""Finished Good"",""subCategoryName"":""Event/Bulk"",""categoryTypeName"":""Inventory""}",2026-08-21 18:25:32.021999+00,2026-08-28 07:30:20.376907+00
5,1,1544,- Calf Chocolate - Can 250ml (Event/Bulk),BULK-00056,Calf Chocolate - Can 250ml (Event/Bulk),Finished Good,Event/Bulk,Inventory,true,,"{""bomName"":""Calf Chocolate - Can 250ml (Event/Bulk)"",""productID"":1544,""flagActive"":true,""productCode"":""BULK-00056"",""productName"":""- Calf Chocolate - Can 250ml (Event/Bulk)"",""categoryName"":""Finished Good"",""subCategoryName"":""Event/Bulk"",""categoryTypeName"":""Inventory""}",2026-08-21 18:25:32.021999+00,2026-08-28 07:30:20.376907+00
6,1,1551,- Calf Event - Paket 1 // Chocolate Only (Event/Bulk),BULK-00062,Calf Event - Paket 1 // Choco Only,Finished Good,Event/Bulk,Inventory,true,,"{""bomName"":""Calf Event - Paket 1 // Choco Only"",""productID"":1551,""flagActive"":true,""productCode"":""BULK-00062"",""productName"":""- Calf Event - Paket 1 // Chocolate Only (Event/Bulk)"",""categoryName"":""Finished Good"",""subCategoryName"":""Event/Bulk"",""categoryTypeName"":""Inventory""}",2026-08-21 18:25:32.021999+00,2026-08-28 07:30:20.376907+00
7,1,1491,- Calf Event - Paket 1 // Prem + Aromatic (Bulk/Event),BULK-00026,Calf Event - Paket 1 // Prem + Aromatic (24L),Finished Good,Event/Bulk,Inventory,true,,"{""bomName"":""Calf Event - Paket 1 // Prem + Aromatic (24L)"",""productID"":1491,""flagActive"":true,""productCode"":""BULK-00026"",""productName"":""- Calf Event - Paket 1 // Prem + Aromatic (Bulk/Event)"",""categoryName"":""Finished Good"",""subCategoryName"":""Event/Bulk"",""categoryTypeName"":""Inventory""}",2026-08-21 18:25:32.021999+00,2026-08-28 07:30:20.376907+00
8,1,1490,- Calf Event - Paket 1 // Prem + Choco (Bulk/Event),BULK-00025,Calf Event - Paket 1 // Prem + Choco (24L),Finished Good,Event/Bulk,Inventory,true,,"{""bomName"":""Calf Event - Paket 1 // Prem + Choco (24L)"",""productID"":1490,""flagActive"":true,""productCode"":""BULK-00025"",""productName"":""- Calf Event - Paket 1 // Prem + Choco (Bulk/Event)"",""categoryName"":""Finished Good"",""subCategoryName"":""Event/Bulk"",""categoryTypeName"":""Inventory""}",2026-08-21 18:25:32.021999+00,2026-08-28 07:30:20.376907+00
9,1,1485,- Calf Event - Paket 1 // Premium Only (Bulk/Event),BULK-00024,Calf Event - Paket 1 // Premium Only (24L),Finished Good,Event/Bulk,Inventory,true,,"{""bomName"":""Calf Event - Paket 1 // Premium Only (24L)"",""productID"":1485,""flagActive"":true,""productCode"":""BULK-00024"",""productName"":""- Calf Event - Paket 1 // Premium Only (Bulk/Event)"",""categoryName"":""Finished Good"",""subCategoryName"":""Event/Bulk"",""categoryTypeName"":""Inventory""}",2026-08-21 18:25:32.021999+00,2026-08-28 07:30:20.376907+00
10,1,1492,- Calf Event - Paket 2 // Premium (Bulk/Event),BULK-00027,Calf Event - Paket 2 // Premium (18L),Finished Good,Event/Bulk,Inventory,true,,"{""bomName"":""Calf Event - Paket 2 // Premium (18L)"",""productID"":1492,""flagActive"":true,""productCode"":""BULK-00027"",""productName"":""- Calf Event - Paket 2 // Premium (Bulk/Event)"",""categoryName"":""Finished Good"",""subCategoryName"":""Event/Bulk"",""categoryTypeName"":""Inventory""}",2026-08-21 18:25:32.021999+00,2026-08-28 07:30:20.376907+00
11,1,1495,- Calf Event - Paket 3 // Aromatic Milktea (Bulk/Event),BULK-00030,Calf Event - Paket 3 // Smooth Pistachio (330ml),Finished Good,Event/Bulk,Inventory,true,,"{""bomName"":""Calf Event - Paket 3 // Smooth Pistachio (330ml)"",""productID"":1495,""flagActive"":true,""productCode"":""BULK-00030"",""productName"":""- Calf Event - Paket 3 // Aromatic Milktea (Bulk/Event)"",""categoryName"":""Finished Good"",""subCategoryName"":""Event/Bulk"",""categoryTypeName"":""Inventory""}",2026-08-21 18:25:32.021999+00,2026-08-28 07:30:20.376907+00
12,1,1493,- Calf Event - Paket 3 // Premium (Bulk/Event),BULK-00028,Calf Event - Paket 3 // Premium (330ml),Finished Good,Event/Bulk,Inventory,true,,"{""bomName"":""Calf Event - Paket 3 // Premium (330ml)"",""productID"":1493,""flagActive"":true,""productCode"":""BULK-00028"",""productName"":""- Calf Event - Paket 3 // Premium (Bulk/Event)"",""categoryName"":""Finished Good"",""subCategoryName"":""Event/Bulk"",""categoryTypeName"":""Inventory""}",2026-08-21 18:25:32.021999+00,2026-08-28 07:30:20.376907+00
13,1,1494,- Calf Event - Paket 3 // Smooth Pistachio (Bulk/Event),BULK-00029,Calf Event - Paket 3 // Smooth Pistachio (330ml),Finished Good,Event/Bulk,Inventory,true,,"{""bomName"":""Calf Event - Paket 3 // Smooth Pistachio (330ml)"",""productID"":1494,""flagActive"":true,""productCode"":""BULK-00029"",""productName"":""- Calf Event - Paket 3 // Smooth Pistachio (Bulk/Event)"",""categoryName"":""Finished Good"",""subCategoryName"":""Event/Bulk"",""categoryTypeName"":""Inventory""}",2026-08-21 18:25:32.021999+00,2026-08-28 07:30:20.376907+00
14,1,1496,- Calf Event - Paket 3 // Sweet Calf Series (Bulk/Event),00,,Finished Good,Event/Bulk,Inventory,false,,"{""bomName"":null,""productID"":1496,""flagActive"":false,""productCode"":""00"",""productName"":""- Calf Event - Paket 3 // Sweet Calf Series (Bulk/Event)"",""categoryName"":""Finished Good"",""subCategoryName"":""Event/Bulk"",""categoryTypeName"":""Inventory""}",2026-08-21 18:25:32.021999+00,2026-08-28 07:30:20.376907+00
15,1,1497,- Calf Event - Paket 4 // Premium (250ml),BULK-00031,,Finished Good,Event/Bulk,Inventory,true,,"{""bomName"":null,""productID"":1497,""flagActive"":true,""productCode"":""BULK-00031"",""productName"":""- Calf Event - Paket 4 // Premium (250ml)"",""categoryName"":""Finished Good"",""subCategoryName"":""Event/Bulk"",""categoryTypeName"":""Inventory""}",2026-08-21 18:25:32.021999+00,2026-08-28 07:30:20.376907+00
16,1,1730,- Calf Event Non Barista // Premium + Chocolate,BULK-00087,,Finished Good,Event/Bulk,Inventory,true,,"{""bomName"":null,""productID"":1730,""flagActive"":true,""productCode"":""BULK-00087"",""productName"":""- Calf Event Non Barista // Premium + Chocolate"",""categoryName"":""Finished Good"",""subCategoryName"":""Event/Bulk"",""categoryTypeName"":""Inventory""}",2026-08-21 18:25:32.021999+00,2026-08-28 07:30:20.376907+00
17,1,1729,- Calf Event Non Barista // Premium Only,BULK-00086,,Finished Good,Event/Bulk,Inventory,true,,"{""bomName"":null,""productID"":1729,""flagActive"":true,""productCode"":""BULK-00086"",""productName"":""- Calf Event Non Barista // Premium Only"",""categoryName"":""Finished Good"",""subCategoryName"":""Event/Bulk"",""categoryTypeName"":""Inventory""}",2026-08-21 18:25:32.021999+00,2026-08-28 07:30:20.376907+00
18,1,1498,- Calf Freeflow - Paket 1 // Premium (Bulk/Event),BULK-00032,Calf Freeflow - Paket 1 // Premium (12L),Finished Good,Event/Bulk,Inventory,true,,"{""bomName"":""Calf Freeflow - Paket 1 // Premium (12L)"",""productID"":1498,""flagActive"":true,""productCode"":""BULK-00032"",""productName"":""- Calf Freeflow - Paket 1 // Premium (Bulk/Event)"",""categoryName"":""Finished Good"",""subCategoryName"":""Event/Bulk"",""categoryTypeName"":""Inventory""}",2026-08-21 18:25:32.021999+00,2026-08-28 07:30:20.376907+00
19,1,1500,- Calf Freeflow - Paket 2 // Premium + Aromatic (Bulk/Event),BULK-00034,Calf Freeflow - Paket 2 // Prem + Aromatic (12L),Finished Good,Event/Bulk,Inventory,true,,"{""bomName"":""Calf Freeflow - Paket 2 // Prem + Aromatic (12L)"",""productID"":1500,""flagActive"":true,""productCode"":""BULK-00034"",""productName"":""- Calf Freeflow - Paket 2 // Premium + Aromatic (Bulk/Event)"",""categoryName"":""Finished Good"",""subCategoryName"":""Event/Bulk"",""categoryTypeName"":""Inventory""}",2026-08-21 18:25:32.021999+00,2026-08-28 07:30:20.376907+00
20,1,1499,- Calf Freeflow - Paket 2 // Premium + Chocolate (Bulk/Event),BULK-00033,Calf Freeflow - Paket 2 // Premium + Choco (12L),Finished Good,Event/Bulk,Inventory,true,,"{""bomName"":""Calf Freeflow - Paket 2 // Premium + Choco (12L)"",""productID"":1499,""flagActive"":true,""productCode"":""BULK-00033"",""productName"":""- Calf Freeflow - Paket 2 // Premium + Chocolate (Bulk/Event)"",""categoryName"":""Finished Good"",""subCategoryName"":""Event/Bulk"",""categoryTypeName"":""Inventory""}",2026-08-21 18:25:32.021999+00,2026-08-28 07:30:20.376907+00
21,1,1723,- Calf Lite - Premium + Chocolate,BULK-00081,Calf Lite - Premium + Chocolate,Finished Good,Event/Bulk,Inventory,true,,"{""bomName"":""Calf Lite - Premium + Chocolate"",""productID"":1723,""flagActive"":true,""productCode"":""BULK-00081"",""productName"":""- Calf Lite - Premium + Chocolate"",""categoryName"":""Finished Good"",""subCategoryName"":""Event/Bulk"",""categoryTypeName"":""Inventory""}",2026-08-21 18:25:32.021999+00,2026-08-28 07:30:20.376907+00
22,1,1724,- Calf Lite - Premium + Matcha,BULK-00082,Calf Lite - Premium + Matcha,Finished Good,Event/Bulk,Inventory,true,,"{""bomName"":""Calf Lite - Premium + Matcha"",""productID"":1724,""flagActive"":true,""productCode"":""BULK-00082"",""productName"":""- Calf Lite - Premium + Matcha"",""categoryName"":""Finished Good"",""subCategoryName"":""Event/Bulk"",""categoryTypeName"":""Inventory""}",2026-08-21 18:25:32.021999+00,2026-08-28 07:30:20.376907+00
23,1,1726,- Calf Lite // Premium + Berry Shot,BULK-00084,Calf Lite - Premium + Berry Shot,Finished Good,Event/Bulk,Inventory,true,,"{""bomName"":""Calf Lite - Premium + Berry Shot"",""productID"":1726,""flagActive"":true,""productCode"":""BULK-00084"",""productName"":""- Calf Lite // Premium + Berry Shot"",""categoryName"":""Finished Good"",""subCategoryName"":""Event/Bulk"",""categoryTypeName"":""Inventory""}",2026-08-21 18:25:32.021999+00,2026-08-28 07:30:20.376907+00
24,1,1725,- Calf Lite // Premium + Classic Milktea,BULK-00083,Calf Lite - Premium + Classic Milktea,Finished Good,Event/Bulk,Inventory,true,,"{""bomName"":""Calf Lite - Premium + Classic Milktea"",""productID"":1725,""flagActive"":true,""productCode"":""BULK-00083"",""productName"":""- Calf Lite // Premium + Classic Milktea"",""categoryName"":""Finished Good"",""subCategoryName"":""Event/Bulk"",""categoryTypeName"":""Inventory""}",2026-08-21 18:25:32.021999+00,2026-08-28 07:30:20.376907+00
25,1,1722,- Calf Lite // Premium Only,BULK-00080,Calf Lite - Premium Only,Finished Good,Event/Bulk,Inventory,true,,"{""bomName"":""Calf Lite - Premium Only"",""productID"":1722,""flagActive"":true,""productCode"":""BULK-00080"",""productName"":""- Calf Lite // Premium Only"",""categoryName"":""Finished Good"",""subCategoryName"":""Event/Bulk"",""categoryTypeName"":""Inventory""}",2026-08-21 18:25:32.021999+00,2026-08-28 07:30:20.376907+00
26,1,1721,- Calf Plus // Premium + Berry Shot,BULK-00079,Calf Plus - Premium + Berry Shot,Finished Good,Event/Bulk,Inventory,true,,"{""bomName"":""Calf Plus - Premium + Berry Shot"",""productID"":1721,""flagActive"":true,""productCode"":""BULK-00079"",""productName"":""- Calf Plus // Premium + Berry Shot"",""categoryName"":""Finished Good"",""subCategoryName"":""Event/Bulk"",""categoryTypeName"":""Inventory""}",2026-08-21 18:25:32.021999+00,2026-08-28 07:30:20.376907+00
27,1,1718,- Calf Plus // Premium + Chocolate,BULK-00076,Calf Plus - Premium + Chocolate,Finished Good,Event/Bulk,Inventory,true,,"{""bomName"":""Calf Plus - Premium + Chocolate"",""productID"":1718,""flagActive"":true,""productCode"":""BULK-00076"",""productName"":""- Calf Plus // Premium + Chocolate"",""categoryName"":""Finished Good"",""subCategoryName"":""Event/Bulk"",""categoryTypeName"":""Inventory""}",2026-08-21 18:25:32.021999+00,2026-08-28 07:30:20.376907+00
28,1,1720,- Calf Plus // Premium + Classic Milktea,BULK-00078,Calf Plus - Premium + Classic Milktea,Finished Good,Event/Bulk,Inventory,true,,"{""bomName"":""Calf Plus - Premium + Classic Milktea"",""productID"":1720,""flagActive"":true,""productCode"":""BULK-00078"",""productName"":""- Calf Plus // Premium + Classic Milktea"",""categoryName"":""Finished Good"",""subCategoryName"":""Event/Bulk"",""categoryTypeName"":""Inventory""}",2026-08-21 18:25:32.021999+00,2026-08-28 07:30:20.376907+00
29,1,1719,- Calf Plus // Premium + Matcha,BULK-00077,Calf Plus - Premium + Matcha,Finished Good,Event/Bulk,Inventory,true,,"{""bomName"":""Calf Plus - Premium + Matcha"",""productID"":1719,""flagActive"":true,""productCode"":""BULK-00077"",""productName"":""- Calf Plus // Premium + Matcha"",""categoryName"":""Finished Good"",""subCategoryName"":""Event/Bulk"",""categoryTypeName"":""Inventory""}",2026-08-21 18:25:32.021999+00,2026-08-28 07:30:20.376907+00
30,1,1717,- Calf Plus // Premium Only,BULK-00075,Calf Plus - Premium Only,Finished Good,Event/Bulk,Inventory,true,,"{""bomName"":""Calf Plus - Premium Only"",""productID"":1717,""flagActive"":true,""productCode"":""BULK-00075"",""productName"":""- Calf Plus // Premium Only"",""categoryName"":""Finished Good"",""subCategoryName"":""Event/Bulk"",""categoryTypeName"":""Inventory""}",2026-08-21 18:25:32.021999+00,2026-08-28 07:30:20.376907+00
31,1,1203,- Calf Premium - Botol 1L (Event/Bulk),BULK-00006,Calf Premium - Botol 1L (Event/Bulk),Finished Good,Event/Bulk,Inventory,true,,"{""bomName"":""Calf Premium - Botol 1L (Event/Bulk)"",""productID"":1203,""flagActive"":true,""productCode"":""BULK-00006"",""productName"":""- Calf Premium - Botol 1L (Event/Bulk)"",""categoryName"":""Finished Good"",""subCategoryName"":""Event/Bulk"",""categoryTypeName"":""Inventory""}",2026-08-21 18:25:32.021999+00,2026-08-28 07:30:20.376907+00
32,1,1204,- Calf Premium - Can 250 (Event/Bulk),BULK-00007,Calf Premium - Can 250 (Event/Bulk),Finished Good,Event/Bulk,Inventory,true,,"{""bomName"":""Calf Premium - Can 250 (Event/Bulk)"",""productID"":1204,""flagActive"":true,""productCode"":""BULK-00007"",""productName"":""- Calf Premium - Can 250 (Event/Bulk)"",""categoryName"":""Finished Good"",""subCategoryName"":""Event/Bulk"",""categoryTypeName"":""Inventory""}",2026-08-21 18:25:32.021999+00,2026-08-28 07:30:20.376907+00
33,1,1205,- Calf Premium - Can 330 (Event/Bulk),BULK-00008,Calf Premium - Can 330 (Event/Bulk),Finished Good,Event/Bulk,Inventory,true,,"{""bomName"":""Calf Premium - Can 330 (Event/Bulk)"",""productID"":1205,""flagActive"":true,""productCode"":""BULK-00008"",""productName"":""- Calf Premium - Can 330 (Event/Bulk)"",""categoryName"":""Finished Good"",""subCategoryName"":""Event/Bulk"",""categoryTypeName"":""Inventory""}",2026-08-21 18:25:32.021999+00,2026-08-28 07:30:20.376907+00
34,1,1206,- Calf Premium - Cup Es 190ml (Event/Bulk),BULK-00009,Calf Premium - Cup Es 190ml (Event/Bulk),Finished Good,Event/Bulk,Inventory,true,,"{""bomName"":""Calf Premium - Cup Es 190ml (Event/Bulk)"",""productID"":1206,""flagActive"":true,""productCode"":""BULK-00009"",""productName"":""- Calf Premium - Cup Es 190ml (Event/Bulk)"",""categoryName"":""Finished Good"",""subCategoryName"":""Event/Bulk"",""categoryTypeName"":""Inventory""}",2026-08-21 18:25:32.021999+00,2026-08-28 07:30:20.376907+00
35,1,1207,- Calf Premium - Cup Hot 110ml (Event/Bulk),BULK-00010,Calf Premium - Cup Hot 110ml (Event/Bulk),Finished Good,Event/Bulk,Inventory,true,,"{""bomName"":""Calf Premium - Cup Hot 110ml (Event/Bulk)"",""productID"":1207,""flagActive"":true,""productCode"":""BULK-00010"",""productName"":""- Calf Premium - Cup Hot 110ml (Event/Bulk)"",""categoryName"":""Finished Good"",""subCategoryName"":""Event/Bulk"",""categoryTypeName"":""Inventory""}",2026-08-21 18:25:32.021999+00,2026-08-28 07:30:20.376907+00
36,1,1208,- Calf Premium - Galon 5L (Event/Bulk),BULK-00011,Calf Premium - Galon 5L (Event/Bulk),Finished Good,Event/Bulk,Inventory,true,,"{""bomName"":""Calf Premium - Galon 5L (Event/Bulk)"",""productID"":1208,""flagActive"":true,""productCode"":""BULK-00011"",""productName"":""- Calf Premium - Galon 5L (Event/Bulk)"",""categoryName"":""Finished Good"",""subCategoryName"":""Event/Bulk"",""categoryTypeName"":""Inventory""}",2026-08-21 18:25:32.021999+00,2026-08-28 07:30:20.376907+00
37,1,1620,- Calf Signature // Premium + Chocolate (Bulk/Event),BULK-00069,Calf Signature / Premium + Chocolate,Finished Good,Event/Bulk,Inventory,true,,"{""bomName"":""Calf Signature / Premium + Chocolate"",""productID"":1620,""flagActive"":true,""productCode"":""BULK-00069"",""productName"":""- Calf Signature // Premium + Chocolate (Bulk/Event)"",""categoryName"":""Finished Good"",""subCategoryName"":""Event/Bulk"",""categoryTypeName"":""Inventory""}",2026-08-21 18:25:32.021999+00,2026-08-28 07:30:20.376907+00
38,1,1621,- Calf Signature // Premium + Classic Milktea  (Bulk/Event),BULK-00070,Calf Signature // Premium + Classic Milktea,Finished Good,Event/Bulk,Inventory,true,,"{""bomName"":""Calf Signature // Premium + Classic Milktea"",""productID"":1621,""flagActive"":true,""productCode"":""BULK-00070"",""productName"":""- Calf Signature // Premium + Classic Milktea  (Bulk/Event)"",""categoryName"":""Finished Good"",""subCategoryName"":""Event/Bulk"",""categoryTypeName"":""Inventory""}",2026-08-21 18:25:32.021999+00,2026-08-28 07:30:20.376907+00
39,3,375,ADONAN DIMSUM,WIPK-00011,,RAW MATERIAL FOOD,MEAT,Inventory,true,,{},2026-08-21 18:25:32.021999+00,2026-08-21 18:36:17.00606+00
40,3,334,AIR,RMBV-00019,,Raw Material,BEVERAGE,Inventory,true,,{},2026-08-21 18:25:32.021999+00,2026-08-21 18:36:17.00606+00
41,3,355,AYAM PAHA FILLET,RMMT-00003,,Raw Material,MEAT,Inventory,true,,{},2026-08-21 18:25:32.021999+00,2026-08-21 18:36:17.00606+00
42,3,358,BAKING PAPER,KSUK-00009,,KITCHENWARE & SUPPLIES,PACKAGING KITCHEN,Inventory,true,,{},2026-08-21 18:25:32.021999+00,2026-08-21 18:36:17.00606+00
43,3,356,BAWANG PUTIH KUPAS,RMVG-00002,,Raw Material,VEGETABLE,Inventory,true,,{},2026-08-21 18:25:32.021999+00,2026-08-21 18:36:17.00606+00
44,1,1622,- Calf Signature // Premium + Matcha (Bulk/Event),BULK-00071,Calf Signature // Premium + Matcha,Finished Good,Event/Bulk,Inventory,true,,"{""bomName"":""Calf Signature // Premium + Matcha"",""productID"":1622,""flagActive"":true,""productCode"":""BULK-00071"",""productName"":""- Calf Signature // Premium + Matcha (Bulk/Event)"",""categoryName"":""Finished Good"",""subCategoryName"":""Event/Bulk"",""categoryTypeName"":""Inventory""}",2026-08-21 18:25:32.021999+00,2026-08-28 07:30:20.376907+00
45,1,1619,- Calf Signature // Premium Only (Bulk/Event),BULK-00068,Calf Signature (All Premium),Finished Good,Event/Bulk,Inventory,true,,"{""bomName"":""Calf Signature (All Premium)"",""productID"":1619,""flagActive"":true,""productCode"":""BULK-00068"",""productName"":""- Calf Signature // Premium Only (Bulk/Event)"",""categoryName"":""Finished Good"",""subCategoryName"":""Event/Bulk"",""categoryTypeName"":""Inventory""}",2026-08-21 18:25:32.021999+00,2026-08-28 07:30:20.376907+00
46,1,1209,- Caramel Macchiato - Cup Es (Event/Bulk),BULK-00012,Caramel Macchiato - Cup Es (Event/Bulk),Finished Good,Event/Bulk,Inventory,true,,"{""bomName"":""Caramel Macchiato - Cup Es (Event/Bulk)"",""productID"":1209,""flagActive"":true,""productCode"":""BULK-00012"",""productName"":""- Caramel Macchiato - Cup Es (Event/Bulk)"",""categoryName"":""Finished Good"",""subCategoryName"":""Event/Bulk"",""categoryTypeName"":""Inventory""}",2026-08-21 18:25:32.021999+00,2026-08-28 07:30:20.376907+00
47,1,1668,- Classic Milk Tea - Cup Hot 110ml (Event/Bulk),BULK-070,Classic Milk Tea - Cup Hot 110ml (Event/Bulk),Finished Good,Event/Bulk,Inventory,true,,"{""bomName"":""Classic Milk Tea - Cup Hot 110ml (Event/Bulk)"",""productID"":1668,""flagActive"":true,""productCode"":""BULK-070"",""productName"":""- Classic Milk Tea - Cup Hot 110ml (Event/Bulk)"",""categoryName"":""Finished Good"",""subCategoryName"":""Event/Bulk"",""categoryTypeName"":""Inventory""}",2026-08-21 18:25:32.021999+00,2026-08-28 07:30:20.376907+00
48,1,1213,- Cold Brew Plain - Cup Hot 110ml (Event/Bulk),BULK-00013,Cold Brew Plain - Cup Hot 110ml (Event/Bulk),Finished Good,Event/Bulk,Inventory,true,,"{""bomName"":""Cold Brew Plain - Cup Hot 110ml (Event/Bulk)"",""productID"":1213,""flagActive"":true,""productCode"":""BULK-00013"",""productName"":""- Cold Brew Plain - Cup Hot 110ml (Event/Bulk)"",""categoryName"":""Finished Good"",""subCategoryName"":""Event/Bulk"",""categoryTypeName"":""Inventory""}",2026-08-21 18:25:32.021999+00,2026-08-28 07:30:20.376907+00
49,1,1277,- Iced Chocolate - Cup Es 170ml (Event/Bulk),BULK-00014,Iced Chocolate - Cup Es 170ml (Event/Bulk),Finished Good,Event/Bulk,Inventory,true,,"{""bomName"":""Iced Chocolate - Cup Es 170ml (Event/Bulk)"",""productID"":1277,""flagActive"":true,""productCode"":""BULK-00014"",""productName"":""- Iced Chocolate - Cup Es 170ml (Event/Bulk)"",""categoryName"":""Finished Good"",""subCategoryName"":""Event/Bulk"",""categoryTypeName"":""Inventory""}",2026-08-21 18:25:32.021999+00,2026-08-28 07:30:20.376907+00
50,1,1278,- Iced Chocolate - Cup Hot 110ml (Event/Bulk),BULK-00015,Iced Chocolate - Cup Hot 110ml (Event/Bulk),Finished Good,Event/Bulk,Inventory,true,,"{""bomName"":""Iced Chocolate - Cup Hot 110ml (Event/Bulk)"",""productID"":1278,""flagActive"":true,""productCode"":""BULK-00015"",""productName"":""- Iced Chocolate - Cup Hot 110ml (Event/Bulk)"",""categoryName"":""Finished Good"",""subCategoryName"":""Event/Bulk"",""categoryTypeName"":""Inventory""}",2026-08-21 18:25:32.021999+00,2026-08-28 07:30:20.376907+00
51,1,1545,- Liquid Jefferson (Event/Bulk),BULK-00057,Liquid Jeffersom (Event/Bulk),Finished Good,Event/Bulk,Inventory,true,,"{""bomName"":""Liquid Jeffersom (Event/Bulk)"",""productID"":1545,""flagActive"":true,""productCode"":""BULK-00057"",""productName"":""- Liquid Jefferson (Event/Bulk)"",""categoryName"":""Finished Good"",""subCategoryName"":""Event/Bulk"",""categoryTypeName"":""Inventory""}",2026-08-21 18:25:32.021999+00,2026-08-28 07:30:20.376907+00
52,1,1546,- Magic Cheese Butter Cream (Event/Bulk),BULK-00058,Magic Cheese Butter Cream (Event/Bulk),Finished Good,Event/Bulk,Inventory,true,,"{""bomName"":""Magic Cheese Butter Cream (Event/Bulk)"",""productID"":1546,""flagActive"":true,""productCode"":""BULK-00058"",""productName"":""- Magic Cheese Butter Cream (Event/Bulk)"",""categoryName"":""Finished Good"",""subCategoryName"":""Event/Bulk"",""categoryTypeName"":""Inventory""}",2026-08-21 18:25:32.021999+00,2026-08-28 07:30:20.376907+00
53,1,1616,- Matcha Latte - Cup Es 170ml (Bulk/Event),BULK-00065,Matcha Latte - Cup Es 170ml (Bulk/Event),Finished Good,Event/Bulk,Inventory,true,,"{""bomName"":""Matcha Latte - Cup Es 170ml (Bulk/Event)"",""productID"":1616,""flagActive"":true,""productCode"":""BULK-00065"",""productName"":""- Matcha Latte - Cup Es 170ml (Bulk/Event)"",""categoryName"":""Finished Good"",""subCategoryName"":""Event/Bulk"",""categoryTypeName"":""Inventory""}",2026-08-21 18:25:32.021999+00,2026-08-28 07:30:20.376907+00
54,1,1618,- Matcha Latte - Hot Cup 110ml (Bulk/Event),BULK-00067,Matcha Latte - Hot Cup 110ml (Bulk/Event),Finished Good,Event/Bulk,Inventory,true,,"{""bomName"":""Matcha Latte - Hot Cup 110ml (Bulk/Event)"",""productID"":1618,""flagActive"":true,""productCode"":""BULK-00067"",""productName"":""- Matcha Latte - Hot Cup 110ml (Bulk/Event)"",""categoryName"":""Finished Good"",""subCategoryName"":""Event/Bulk"",""categoryTypeName"":""Inventory""}",2026-08-21 18:25:32.021999+00,2026-08-28 07:30:20.376907+00
55,1,1506,- Premium Oat - Can 330ml (Bulk/Event),BULK-00040,Premium Oat - Can 330ml (Bulk/Event),Finished Good,Event/Bulk,Inventory,true,,"{""bomName"":""Premium Oat - Can 330ml (Bulk/Event)"",""productID"":1506,""flagActive"":true,""productCode"":""BULK-00040"",""productName"":""- Premium Oat - Can 330ml (Bulk/Event)"",""categoryName"":""Finished Good"",""subCategoryName"":""Event/Bulk"",""categoryTypeName"":""Inventory""}",2026-08-21 18:25:32.021999+00,2026-08-28 07:30:20.376907+00
56,1,1507,- Smooth Caramel Butterscotch - Can 330ml (Bulk/Event),BULK-00041,Smooth Caramel Butterscotch - 330ml (Bulk/Event),Finished Good,Event/Bulk,Inventory,true,,"{""bomName"":""Smooth Caramel Butterscotch - 330ml (Bulk/Event)"",""productID"":1507,""flagActive"":true,""productCode"":""BULK-00041"",""productName"":""- Smooth Caramel Butterscotch - Can 330ml (Bulk/Event)"",""categoryName"":""Finished Good"",""subCategoryName"":""Event/Bulk"",""categoryTypeName"":""Inventory""}",2026-08-21 18:25:32.021999+00,2026-08-28 07:30:20.376907+00
57,1,1543,- Smooth Pistachio - Can 250ml (Event/Bulk),BULK-00055,Smooth Pistachio - Can 250ml (Event/Bulk),Finished Good,Event/Bulk,Inventory,true,,"{""bomName"":""Smooth Pistachio - Can 250ml (Event/Bulk)"",""productID"":1543,""flagActive"":true,""productCode"":""BULK-00055"",""productName"":""- Smooth Pistachio - Can 250ml (Event/Bulk)"",""categoryName"":""Finished Good"",""subCategoryName"":""Event/Bulk"",""categoryTypeName"":""Inventory""}",2026-08-21 18:25:32.021999+00,2026-08-28 07:30:20.376907+00
58,1,1505,- Smooth Pistachio - Can 330ml (Bulk/Event),BULK-00039,Smooth Pistachio  - Can 330ml (Bulk/Event),Finished Good,Event/Bulk,Inventory,true,,"{""bomName"":""Smooth Pistachio  - Can 330ml (Bulk/Event)"",""productID"":1505,""flagActive"":true,""productCode"":""BULK-00039"",""productName"":""- Smooth Pistachio - Can 330ml (Bulk/Event)"",""categoryName"":""Finished Good"",""subCategoryName"":""Event/Bulk"",""categoryTypeName"":""Inventory""}",2026-08-21 18:25:32.021999+00,2026-08-28 07:30:20.376907+00
59,1,1531,- Smooth Pistachio - GALON 5L (Event/Bulk),BULK-00053,- Smooth Pistachio - GALON 5L (Event/Bulk),Finished Good,Event/Bulk,Inventory,true,,"{""bomName"":""- Smooth Pistachio - GALON 5L (Event/Bulk)"",""productID"":1531,""flagActive"":true,""productCode"":""BULK-00053"",""productName"":""- Smooth Pistachio - GALON 5L (Event/Bulk)"",""categoryName"":""Finished Good"",""subCategoryName"":""Event/Bulk"",""categoryTypeName"":""Inventory""}",2026-08-21 18:25:32.021999+00,2026-08-28 07:30:20.376907+00
60,1,1388,- Smooth Vanilla Pecan - 1L (Event/Bulk),BULK-00016,Smooth Vanilla Pecan - 1L (Event/Bulk),Finished Good,Event/Bulk,Inventory,true,,"{""bomName"":""Smooth Vanilla Pecan - 1L (Event/Bulk)"",""productID"":1388,""flagActive"":true,""productCode"":""BULK-00016"",""productName"":""- Smooth Vanilla Pecan - 1L (Event/Bulk)"",""categoryName"":""Finished Good"",""subCategoryName"":""Event/Bulk"",""categoryTypeName"":""Inventory""}",2026-08-21 18:25:32.021999+00,2026-08-28 07:30:20.376907+00
61,1,1390,- Smooth Vanilla Pecan - GALON 5L (Event/Bulk),BULK-00017,Smooth Vanilla Pecan - GALON 5L (Event/Bulk),Finished Good,Event/Bulk,Inventory,true,,"{""bomName"":""Smooth Vanilla Pecan - GALON 5L (Event/Bulk)"",""productID"":1390,""flagActive"":true,""productCode"":""BULK-00017"",""productName"":""- Smooth Vanilla Pecan - GALON 5L (Event/Bulk)"",""categoryName"":""Finished Good"",""subCategoryName"":""Event/Bulk"",""categoryTypeName"":""Inventory""}",2026-08-21 18:25:32.021999+00,2026-08-28 07:30:20.376907+00
62,1,1402,- Sweet Calf Blueberry - Can 330 (Event/Bulk),BULK-00018,Sweet Calf Blueberry - Can 330 (Event/Bulk),Finished Good,Event/Bulk,Inventory,true,,"{""bomName"":""Sweet Calf Blueberry - Can 330 (Event/Bulk)"",""productID"":1402,""flagActive"":true,""productCode"":""BULK-00018"",""productName"":""- Sweet Calf Blueberry - Can 330 (Event/Bulk)"",""categoryName"":""Finished Good"",""subCategoryName"":""Event/Bulk"",""categoryTypeName"":""Inventory""}",2026-08-21 18:25:32.021999+00,2026-08-28 07:30:20.376907+00
63,1,1403,- Sweet Calf Cookies - Can 330 (Event/Bulk),BULK-00019,Sweet Calf Cookies - Can 330 (Event/Bulk),Finished Good,Event/Bulk,Inventory,true,,"{""bomName"":""Sweet Calf Cookies - Can 330 (Event/Bulk)"",""productID"":1403,""flagActive"":true,""productCode"":""BULK-00019"",""productName"":""- Sweet Calf Cookies - Can 330 (Event/Bulk)"",""categoryName"":""Finished Good"",""subCategoryName"":""Event/Bulk"",""categoryTypeName"":""Inventory""}",2026-08-21 18:25:32.021999+00,2026-08-28 07:30:20.376907+00
64,1,1404,- Sweet Calf Matcha - Can 330 (Event/Bulk),BULK-00020,Sweet Calf Matcha - Can 330 (Event/Bulk),Finished Good,Event/Bulk,Inventory,true,,"{""bomName"":""Sweet Calf Matcha - Can 330 (Event/Bulk)"",""productID"":1404,""flagActive"":true,""productCode"":""BULK-00020"",""productName"":""- Sweet Calf Matcha - Can 330 (Event/Bulk)"",""categoryName"":""Finished Good"",""subCategoryName"":""Event/Bulk"",""categoryTypeName"":""Inventory""}",2026-08-21 18:25:32.021999+00,2026-08-28 07:30:20.376907+00
65,1,1405,- Sweet Calf Strawberry - Can 330 (Event/Bulk),BULK-00021,Sweet Calf Strawberry - Can 330 (Event/Bulk),Finished Good,Event/Bulk,Inventory,true,,"{""bomName"":""Sweet Calf Strawberry - Can 330 (Event/Bulk)"",""productID"":1405,""flagActive"":true,""productCode"":""BULK-00021"",""productName"":""- Sweet Calf Strawberry - Can 330 (Event/Bulk)"",""categoryName"":""Finished Good"",""subCategoryName"":""Event/Bulk"",""categoryTypeName"":""Inventory""}",2026-08-21 18:25:32.021999+00,2026-08-28 07:30:20.376907+00
66,1,1406,- Sweet Calf Tiramisu - Can 330 (Event/Bulk),BULK-00022,Sweet Calf Tiramisu - Can 330 (Event/Bulk),Finished Good,Event/Bulk,Inventory,true,,"{""bomName"":""Sweet Calf Tiramisu - Can 330 (Event/Bulk)"",""productID"":1406,""flagActive"":true,""productCode"":""BULK-00022"",""productName"":""- Sweet Calf Tiramisu - Can 330 (Event/Bulk)"",""categoryName"":""Finished Good"",""subCategoryName"":""Event/Bulk"",""categoryTypeName"":""Inventory""}",2026-08-21 18:25:32.021999+00,2026-08-28 07:30:20.376907+00
67,1,1407,- Sweet Calf Toblerone - Can 330 (Event/Bulk),BULK-00023,Sweet Calf Toblerone - Can 330 (Event/Bulk),Finished Good,Event/Bulk,Inventory,true,,"{""bomName"":""Sweet Calf Toblerone - Can 330 (Event/Bulk)"",""productID"":1407,""flagActive"":true,""productCode"":""BULK-00023"",""productName"":""- Sweet Calf Toblerone - Can 330 (Event/Bulk)"",""categoryName"":""Finished Good"",""subCategoryName"":""Event/Bulk"",""categoryTypeName"":""Inventory""}",2026-08-21 18:25:32.021999+00,2026-08-28 07:30:20.376907+00
68,1,1661,AC Panasonic YN12 1.5PK Standard Split,,,EQUIPMENT OUTLET,ASSET,Asset,true,,"{""bomName"":null,""productID"":1661,""flagActive"":true,""productCode"":"""",""productName"":""AC Panasonic YN12 1.5PK Standard Split"",""categoryName"":""EQUIPMENT OUTLET"",""subCategoryName"":""ASSET"",""categoryTypeName"":""Asset""}",2026-08-21 18:25:32.021999+00,2026-08-28 07:30:20.376907+00
69,1,1660,AC Panasonic YN18 2PK Standard Split,,,EQUIPMENT OUTLET,ASSET,Asset,true,,"{""bomName"":null,""productID"":1660,""flagActive"":true,""productCode"":"""",""productName"":""AC Panasonic YN18 2PK Standard Split"",""categoryName"":""EQUIPMENT OUTLET"",""subCategoryName"":""ASSET"",""categoryTypeName"":""Asset""}",2026-08-21 18:25:32.021999+00,2026-08-28 07:30:20.376907+00
70,1,1530,Add on - Aromatic (1 Liter) (Bulk/Event),BULK-00052,Add on - Aromatic (1 Liter) (Bulk/Event),Finished Good,Event/Bulk,Inventory,true,,"{""bomName"":""Add on - Aromatic (1 Liter) (Bulk/Event)"",""productID"":1530,""flagActive"":true,""productCode"":""BULK-00052"",""productName"":""Add on - Aromatic (1 Liter) (Bulk/Event)"",""categoryName"":""Finished Good"",""subCategoryName"":""Event/Bulk"",""categoryTypeName"":""Inventory""}",2026-08-21 18:25:32.021999+00,2026-08-28 07:30:20.376907+00
71,1,1503,Add on - Aromatic (6 Liter) (Bulk/Event),BULK-00037,Add on - Aromatic (6 Liter) (Bulk/Event),Finished Good,Event/Bulk,Inventory,true,,"{""bomName"":""Add on - Aromatic (6 Liter) (Bulk/Event)"",""productID"":1503,""flagActive"":true,""productCode"":""BULK-00037"",""productName"":""Add on - Aromatic (6 Liter) (Bulk/Event)"",""categoryName"":""Finished Good"",""subCategoryName"":""Event/Bulk"",""categoryTypeName"":""Inventory""}",2026-08-21 18:25:32.021999+00,2026-08-28 07:30:20.376907+00
72,1,1514,Add on - Chocolate (1 Liter) (Bulk/Event),BULK-00047,Add on - Chocolate (1 Liter) (Bulk/Event),Finished Good,Event/Bulk,Inventory,true,,"{""bomName"":""Add on - Chocolate (1 Liter) (Bulk/Event)"",""productID"":1514,""flagActive"":true,""productCode"":""BULK-00047"",""productName"":""Add on - Chocolate (1 Liter) (Bulk/Event)"",""categoryName"":""Finished Good"",""subCategoryName"":""Event/Bulk"",""categoryTypeName"":""Inventory""}",2026-08-21 18:25:32.021999+00,2026-08-28 07:30:20.376907+00
73,1,1502,Add on - Chocolate (6 Liter) (Bulk/Event),BULK-00036,Add on - Chocolate (6 Liter) (Bulk/Event),Finished Good,Event/Bulk,Inventory,true,,"{""bomName"":""Add on - Chocolate (6 Liter) (Bulk/Event)"",""productID"":1502,""flagActive"":true,""productCode"":""BULK-00036"",""productName"":""Add on - Chocolate (6 Liter) (Bulk/Event)"",""categoryName"":""Finished Good"",""subCategoryName"":""Event/Bulk"",""categoryTypeName"":""Inventory""}",2026-08-21 18:25:32.021999+00,2026-08-28 07:30:20.376907+00
74,1,1512,Add on - Premium (1 Liter) (Bulk/Event),BULK-00045,Add on - Premium (1 Liter) (Bulk/Event),Finished Good,Event/Bulk,Inventory,true,,"{""bomName"":""Add on - Premium (1 Liter) (Bulk/Event)"",""productID"":1512,""flagActive"":true,""productCode"":""BULK-00045"",""productName"":""Add on - Premium (1 Liter) (Bulk/Event)"",""categoryName"":""Finished Good"",""subCategoryName"":""Event/Bulk"",""categoryTypeName"":""Inventory""}",2026-08-21 18:25:32.021999+00,2026-08-28 07:30:20.376907+00
75,1,1501,Add on - Premium (6 Liter) (Bulk/Event),BULK-00035,Add on - Premium (6 Liter) (Bulk/Event),Finished Good,Event/Bulk,Inventory,true,,"{""bomName"":""Add on - Premium (6 Liter) (Bulk/Event)"",""productID"":1501,""flagActive"":true,""productCode"":""BULK-00035"",""productName"":""Add on - Premium (6 Liter) (Bulk/Event)"",""categoryName"":""Finished Good"",""subCategoryName"":""Event/Bulk"",""categoryTypeName"":""Inventory""}",2026-08-21 18:25:32.021999+00,2026-08-28 07:30:20.376907+00
76,1,1527,AIR NEW,AIIR-00001,,General,BEVERAGE,Non Inventory,true,,"{""bomName"":null,""productID"":1527,""flagActive"":true,""productCode"":""AIIR-00001"",""productName"":""AIR NEW"",""categoryName"":""General"",""subCategoryName"":""BEVERAGE"",""categoryTypeName"":""Non Inventory""}",2026-08-21 18:25:32.021999+00,2026-08-28 07:30:20.376907+00
77,1,1169,AIR [non active],RMBV-00019,,RAW MATERIAL,BEVERAGE,Inventory,false,,"{""bomName"":null,""productID"":1169,""flagActive"":false,""productCode"":""RMBV-00019"",""productName"":""AIR [non active]"",""categoryName"":""RAW MATERIAL"",""subCategoryName"":""BEVERAGE"",""categoryTypeName"":""Inventory""}",2026-08-21 18:25:32.021999+00,2026-08-28 07:30:20.376907+00
78,1,1170,ALUMUNIUM FOIL OX 100 ( CUP PUDDING ),PCPK-00001,,PACKAGING,PACKAGING KITCHEN,Inventory,true,,"{""bomName"":null,""productID"":1170,""flagActive"":true,""productCode"":""PCPK-00001"",""productName"":""ALUMUNIUM FOIL OX 100 ( CUP PUDDING )"",""categoryName"":""PACKAGING"",""subCategoryName"":""PACKAGING KITCHEN"",""categoryTypeName"":""Inventory""}",2026-08-21 18:25:32.021999+00,2026-08-28 07:30:20.376907+00
79,1,1171,AREN BIASA,RMBV-00001,,RAW MATERIAL,BEVERAGE,Inventory,false,,"{""bomName"":null,""productID"":1171,""flagActive"":false,""productCode"":""RMBV-00001"",""productName"":""AREN BIASA"",""categoryName"":""RAW MATERIAL"",""subCategoryName"":""BEVERAGE"",""categoryTypeName"":""Inventory""}",2026-08-21 18:25:32.021999+00,2026-08-28 07:30:20.376907+00
80,1,1174,AYAM PAHA FILLET,RMMT-00003,,RAW MATERIAL,MEAT,Inventory,true,,"{""bomName"":null,""productID"":1174,""flagActive"":true,""productCode"":""RMMT-00003"",""productName"":""AYAM PAHA FILLET"",""categoryName"":""RAW MATERIAL"",""subCategoryName"":""MEAT"",""categoryTypeName"":""Inventory""}",2026-08-21 18:25:32.021999+00,2026-08-28 07:30:20.376907+00
81,1,1175,BAKING POWDER,RMKC-00001,,RAW MATERIAL FOOD,KITCHEN,Inventory,true,,"{""bomName"":null,""productID"":1175,""flagActive"":true,""productCode"":""RMKC-00001"",""productName"":""BAKING POWDER"",""categoryName"":""RAW MATERIAL FOOD"",""subCategoryName"":""KITCHEN"",""categoryTypeName"":""Inventory""}",2026-08-21 18:25:32.021999+00,2026-08-28 07:30:20.376907+00
82,1,1488,Barista Charge,,,Other Income,-,Non Inventory,true,,"{""bomName"":null,""productID"":1488,""flagActive"":true,""productCode"":"""",""productName"":""Barista Charge"",""categoryName"":""Other Income"",""subCategoryName"":""-"",""categoryTypeName"":""Non Inventory""}",2026-08-21 18:25:32.021999+00,2026-08-28 07:30:20.376907+00
83,1,1176,BAWANG BOMBAY,RMVG-00003,,RAW MATERIAL,VEGETABLE,Inventory,true,,"{""bomName"":null,""productID"":1176,""flagActive"":true,""productCode"":""RMVG-00003"",""productName"":""BAWANG BOMBAY"",""categoryName"":""RAW MATERIAL"",""subCategoryName"":""VEGETABLE"",""categoryTypeName"":""Inventory""}",2026-08-21 18:25:32.021999+00,2026-08-28 07:30:20.376907+00
84,1,1177,BAWANG MERAH KUPAS,RMVG-00001,,RAW MATERIAL,VEGETABLE,Inventory,true,,"{""bomName"":null,""productID"":1177,""flagActive"":true,""productCode"":""RMVG-00001"",""productName"":""BAWANG MERAH KUPAS"",""categoryName"":""RAW MATERIAL"",""subCategoryName"":""VEGETABLE"",""categoryTypeName"":""Inventory""}",2026-08-21 18:25:32.021999+00,2026-08-28 07:30:20.376907+00
85,1,1178,BAWANG PUTIH KUPAS,RMVG-00002,,RAW MATERIAL,VEGETABLE,Inventory,true,,"{""bomName"":null,""productID"":1178,""flagActive"":true,""productCode"":""RMVG-00002"",""productName"":""BAWANG PUTIH KUPAS"",""categoryName"":""RAW MATERIAL"",""subCategoryName"":""VEGETABLE"",""categoryTypeName"":""Inventory""}",2026-08-21 18:25:32.021999+00,2026-08-28 07:30:20.376907+00
86,1,1179,BEANS AUTHENTIC,RBBA-00001,,Roasted Beans,BEANS AUTHENTIC,Inventory,true,,"{""bomName"":null,""productID"":1179,""flagActive"":true,""productCode"":""RBBA-00001"",""productName"":""BEANS AUTHENTIC"",""categoryName"":""Roasted Beans"",""subCategoryName"":""BEANS AUTHENTIC"",""categoryTypeName"":""Inventory""}",2026-08-21 18:25:32.021999+00,2026-08-28 07:30:20.376907+00
87,1,1180,BEANS COLD BREW,RBCB-00001,,Roasted Beans,BEANS COLD BREW,Inventory,true,,"{""bomName"":null,""productID"":1180,""flagActive"":true,""productCode"":""RBCB-00001"",""productName"":""BEANS COLD BREW"",""categoryName"":""Roasted Beans"",""subCategoryName"":""BEANS COLD BREW"",""categoryTypeName"":""Inventory""}",2026-08-21 18:25:32.021999+00,2026-08-28 07:30:20.376907+00
88,1,1181,BEANS PREMIUM,RBAP-00001,,Roasted Beans,ARABICA PREMIUM,Inventory,true,,"{""bomName"":null,""productID"":1181,""flagActive"":true,""productCode"":""RBAP-00001"",""productName"":""BEANS PREMIUM"",""categoryName"":""Roasted Beans"",""subCategoryName"":""ARABICA PREMIUM"",""categoryTypeName"":""Inventory""}",2026-08-21 18:25:32.021999+00,2026-08-28 07:30:20.376907+00
89,4,593,BROWNIES,RMFR-00001,,Raw Material,FRESH,Inventory,true,,{},2026-08-21 18:25:32.021999+00,2026-08-21 18:36:17.00606+00
90,1,1182,BEANS REGULER,RBRR-00001,,Roasted Beans,ROBUSTA REGULER,Inventory,true,,"{""bomName"":null,""productID"":1182,""flagActive"":true,""productCode"":""RBRR-00001"",""productName"":""BEANS REGULER"",""categoryName"":""Roasted Beans"",""subCategoryName"":""ROBUSTA REGULER"",""categoryTypeName"":""Inventory""}",2026-08-21 18:25:32.021999+00,2026-08-28 07:30:20.376907+00
91,1,1607,BEEF BRATWURST,RMMT-00006,,RAW MATERIAL FOOD,MEAT,Inventory,true,,"{""bomName"":null,""productID"":1607,""flagActive"":true,""productCode"":""RMMT-00006"",""productName"":""BEEF BRATWURST"",""categoryName"":""RAW MATERIAL FOOD"",""subCategoryName"":""MEAT"",""categoryTypeName"":""Inventory""}",2026-08-21 18:25:32.021999+00,2026-08-28 07:30:20.376907+00
92,1,1183,BEEF SHORTPLATE,RMMT-00001,,RAW MATERIAL,MEAT,Inventory,true,,"{""bomName"":null,""productID"":1183,""flagActive"":true,""productCode"":""RMMT-00001"",""productName"":""BEEF SHORTPLATE"",""categoryName"":""RAW MATERIAL"",""subCategoryName"":""MEAT"",""categoryTypeName"":""Inventory""}",2026-08-21 18:25:32.021999+00,2026-08-28 07:30:20.376907+00
93,1,1184,BERAS 20000gr,RMKC-00002,,RAW MATERIAL FOOD,KITCHEN,Inventory,false,,"{""bomName"":null,""productID"":1184,""flagActive"":false,""productCode"":""RMKC-00002"",""productName"":""BERAS 20000gr"",""categoryName"":""RAW MATERIAL FOOD"",""subCategoryName"":""KITCHEN"",""categoryTypeName"":""Inventory""}",2026-08-21 18:25:32.021999+00,2026-08-28 07:30:20.376907+00
94,1,1515,BERAS NEW,RMKC-00042,,RAW MATERIAL FOOD,KITCHEN,Inventory,true,,"{""bomName"":null,""productID"":1515,""flagActive"":true,""productCode"":""RMKC-00042"",""productName"":""BERAS NEW"",""categoryName"":""RAW MATERIAL FOOD"",""subCategoryName"":""KITCHEN"",""categoryTypeName"":""Inventory""}",2026-08-21 18:25:32.021999+00,2026-08-28 07:30:20.376907+00
95,1,1709,Berry Shot Cup Hot 110ml,BULK099,,Finished Good,Event/Bulk,Inventory,true,,"{""bomName"":null,""productID"":1709,""flagActive"":true,""productCode"":""BULK099"",""productName"":""Berry Shot Cup Hot 110ml"",""categoryName"":""Finished Good"",""subCategoryName"":""Event/Bulk"",""categoryTypeName"":""Inventory""}",2026-08-21 18:25:32.021999+00,2026-08-28 07:30:20.376907+00
96,1,1185,BISCUIT BISKUAT 152GR,RMDG-00001,,RAW MATERIAL,DRY GOODS,Inventory,true,,"{""bomName"":null,""productID"":1185,""flagActive"":true,""productCode"":""RMDG-00001"",""productName"":""BISCUIT BISKUAT 152GR"",""categoryName"":""RAW MATERIAL"",""subCategoryName"":""DRY GOODS"",""categoryTypeName"":""Inventory""}",2026-08-21 18:25:32.021999+00,2026-08-28 07:30:20.376907+00
97,1,1186,BISCUIT OREO 442GR,RMDG-00002,,RAW MATERIAL,DRY GOODS,Inventory,true,,"{""bomName"":null,""productID"":1186,""flagActive"":true,""productCode"":""RMDG-00002"",""productName"":""BISCUIT OREO 442GR"",""categoryName"":""RAW MATERIAL"",""subCategoryName"":""DRY GOODS"",""categoryTypeName"":""Inventory""}",2026-08-21 18:25:32.021999+00,2026-08-28 07:30:20.376907+00
98,1,1187,BISCUIT REGAL 230GR,RMDG-00003,,RAW MATERIAL,DRY GOODS,Inventory,true,,"{""bomName"":null,""productID"":1187,""flagActive"":true,""productCode"":""RMDG-00003"",""productName"":""BISCUIT REGAL 230GR"",""categoryName"":""RAW MATERIAL"",""subCategoryName"":""DRY GOODS"",""categoryTypeName"":""Inventory""}",2026-08-21 18:25:32.021999+00,2026-08-28 07:30:20.376907+00
99,1,1188,BLUE BAND COOKIES & CAKE 200GR,RMKC-00003,,RAW MATERIAL FOOD,KITCHEN,Inventory,true,,"{""bomName"":null,""productID"":1188,""flagActive"":true,""productCode"":""RMKC-00003"",""productName"":""BLUE BAND COOKIES & CAKE 200GR"",""categoryName"":""RAW MATERIAL FOOD"",""subCategoryName"":""KITCHEN"",""categoryTypeName"":""Inventory""}",2026-08-21 18:25:32.021999+00,2026-08-28 07:30:20.376907+00
100,1,1189,BOLOGNESE SAUCE 500GR,RMKC-00004,,RAW MATERIAL FOOD,KITCHEN,Inventory,true,,"{""bomName"":null,""productID"":1189,""flagActive"":true,""productCode"":""RMKC-00004"",""productName"":""BOLOGNESE SAUCE 500GR"",""categoryName"":""RAW MATERIAL FOOD"",""subCategoryName"":""KITCHEN"",""categoryTypeName"":""Inventory""}",2026-08-21 18:25:32.021999+00,2026-08-28 07:30:20.376907+00
101,1,1190,BOTOL KALE 1000ML,PCPB-00001,,PACKAGING,PACKAGING BAR,Inventory,true,,"{""bomName"":null,""productID"":1190,""flagActive"":true,""productCode"":""PCPB-00001"",""productName"":""BOTOL KALE 1000ML"",""categoryName"":""PACKAGING"",""subCategoryName"":""PACKAGING BAR"",""categoryTypeName"":""Inventory""}",2026-08-21 18:25:32.021999+00,2026-08-28 07:30:20.376907+00
102,1,1193,BROWNIES,RMFR-00001,,RAW MATERIAL,FRESH,Inventory,true,,"{""bomName"":null,""productID"":1193,""flagActive"":true,""productCode"":""RMFR-00001"",""productName"":""BROWNIES"",""categoryName"":""RAW MATERIAL"",""subCategoryName"":""FRESH"",""categoryTypeName"":""Inventory""}",2026-08-21 18:25:32.021999+00,2026-08-28 07:30:20.376907+00
103,1,1508,BROWNIES (Bulk/Event),BULK-00042,,Finished Good,Event/Bulk,Inventory,false,,"{""bomName"":null,""productID"":1508,""flagActive"":false,""productCode"":""BULK-00042"",""productName"":""BROWNIES (Bulk/Event)"",""categoryName"":""Finished Good"",""subCategoryName"":""Event/Bulk"",""categoryTypeName"":""Inventory""}",2026-08-21 18:25:32.021999+00,2026-08-28 07:30:20.376907+00
104,1,1194,BUBBLE WRAP,KSUT-00027,,General,UTENSIL,Non Inventory,true,,"{""bomName"":null,""productID"":1194,""flagActive"":true,""productCode"":""KSUT-00027"",""productName"":""BUBBLE WRAP"",""categoryName"":""General"",""subCategoryName"":""UTENSIL"",""categoryTypeName"":""Non Inventory""}",2026-08-21 18:25:32.021999+00,2026-08-28 07:30:20.376907+00
105,1,1195,BUTTER ANCHOR CREAM CHEESE 1000GR,RMFR-00052,,RAW MATERIAL,FRESH,Inventory,false,,"{""bomName"":null,""productID"":1195,""flagActive"":false,""productCode"":""RMFR-00052"",""productName"":""BUTTER ANCHOR CREAM CHEESE 1000GR"",""categoryName"":""RAW MATERIAL"",""subCategoryName"":""FRESH"",""categoryTypeName"":""Inventory""}",2026-08-21 18:25:32.021999+00,2026-08-28 07:30:20.376907+00
106,1,1196,BUTTER ANCHOR SALTED 200GR,RMFR-00051,,RAW MATERIAL,FRESH,Inventory,false,,"{""bomName"":null,""productID"":1196,""flagActive"":false,""productCode"":""RMFR-00051"",""productName"":""BUTTER ANCHOR SALTED 200GR"",""categoryName"":""RAW MATERIAL"",""subCategoryName"":""FRESH"",""categoryTypeName"":""Inventory""}",2026-08-21 18:25:32.021999+00,2026-08-28 07:30:20.376907+00
107,1,1197,BUTTER ANCHOR UNSALTED 200GR,RMFR-00050,,RAW MATERIAL,FRESH,Inventory,true,,"{""bomName"":null,""productID"":1197,""flagActive"":true,""productCode"":""RMFR-00050"",""productName"":""BUTTER ANCHOR UNSALTED 200GR"",""categoryName"":""RAW MATERIAL"",""subCategoryName"":""FRESH"",""categoryTypeName"":""Inventory""}",2026-08-21 18:25:32.021999+00,2026-08-28 07:30:20.376907+00
108,1,1595,BUTTER UNSALTED ORCHID,RMKC-00045,,RAW MATERIAL FOOD,KITCHEN,Inventory,true,,"{""bomName"":null,""productID"":1595,""flagActive"":true,""productCode"":""RMKC-00045"",""productName"":""BUTTER UNSALTED ORCHID"",""categoryName"":""RAW MATERIAL FOOD"",""subCategoryName"":""KITCHEN"",""categoryTypeName"":""Inventory""}",2026-08-21 18:25:32.021999+00,2026-08-28 07:30:20.376907+00
109,1,1199,CABE HIJAU BESAR,RMVG-00004,,RAW MATERIAL,VEGETABLE,Inventory,true,,"{""bomName"":null,""productID"":1199,""flagActive"":true,""productCode"":""RMVG-00004"",""productName"":""CABE HIJAU BESAR"",""categoryName"":""RAW MATERIAL"",""subCategoryName"":""VEGETABLE"",""categoryTypeName"":""Inventory""}",2026-08-21 18:25:32.021999+00,2026-08-28 07:30:20.376907+00
110,1,1200,CABE MERAH KERITING,RMVG-00005,,RAW MATERIAL,VEGETABLE,Inventory,true,,"{""bomName"":null,""productID"":1200,""flagActive"":true,""productCode"":""RMVG-00005"",""productName"":""CABE MERAH KERITING"",""categoryName"":""RAW MATERIAL"",""subCategoryName"":""VEGETABLE"",""categoryTypeName"":""Inventory""}",2026-08-21 18:25:32.021999+00,2026-08-28 07:30:20.376907+00
111,1,1201,CABE RAWIT MERAH,RMVG-00006,,RAW MATERIAL,VEGETABLE,Inventory,true,,"{""bomName"":null,""productID"":1201,""flagActive"":true,""productCode"":""RMVG-00006"",""productName"":""CABE RAWIT MERAH"",""categoryName"":""RAW MATERIAL"",""subCategoryName"":""VEGETABLE"",""categoryTypeName"":""Inventory""}",2026-08-21 18:25:32.021999+00,2026-08-28 07:30:20.376907+00
112,1,1202,CABLE TIES,KSUT-00001,,KITCHENWARE & SUPPLIES,UTENSIL,Non Inventory,false,,"{""bomName"":null,""productID"":1202,""flagActive"":false,""productCode"":""KSUT-00001"",""productName"":""CABLE TIES"",""categoryName"":""KITCHENWARE & SUPPLIES"",""subCategoryName"":""UTENSIL"",""categoryTypeName"":""Non Inventory""}",2026-08-21 18:25:32.021999+00,2026-08-28 07:30:20.376907+00
113,1,1559,CABLE TIES (NEW),INSU-00005,,KITCHEN & SUPPLIES (NEW),ADDITIONAL PACKAGING,Inventory,true,,"{""bomName"":null,""productID"":1559,""flagActive"":true,""productCode"":""INSU-00005"",""productName"":""CABLE TIES (NEW)"",""categoryName"":""KITCHEN & SUPPLIES (NEW)"",""subCategoryName"":""ADDITIONAL PACKAGING"",""categoryTypeName"":""Inventory""}",2026-08-21 18:25:32.021999+00,2026-08-28 07:30:20.376907+00
114,1,1732,Calf Event Non Barista - Premium + Classic Milktea,BULK-00089,,Finished Good,Event/Bulk,Inventory,true,,"{""bomName"":null,""productID"":1732,""flagActive"":true,""productCode"":""BULK-00089"",""productName"":""Calf Event Non Barista - Premium + Classic Milktea"",""categoryName"":""Finished Good"",""subCategoryName"":""Event/Bulk"",""categoryTypeName"":""Inventory""}",2026-08-21 18:25:32.021999+00,2026-08-28 07:30:20.376907+00
115,1,1733,Calf Event Non Barista // Premium + Berry Shot,BULK-00090,,Finished Good,Event/Bulk,Inventory,true,,"{""bomName"":null,""productID"":1733,""flagActive"":true,""productCode"":""BULK-00090"",""productName"":""Calf Event Non Barista // Premium + Berry Shot"",""categoryName"":""Finished Good"",""subCategoryName"":""Event/Bulk"",""categoryTypeName"":""Inventory""}",2026-08-21 18:25:32.021999+00,2026-08-28 07:30:20.376907+00
116,1,1731,Calf Event Non Barista // Premium + Matcha,BULK-00088,,Finished Good,Event/Bulk,Inventory,true,,"{""bomName"":null,""productID"":1731,""flagActive"":true,""productCode"":""BULK-00088"",""productName"":""Calf Event Non Barista // Premium + Matcha"",""categoryName"":""Finished Good"",""subCategoryName"":""Event/Bulk"",""categoryTypeName"":""Inventory""}",2026-08-21 18:25:32.021999+00,2026-08-28 07:30:20.376907+00
117,1,1633,Calf Iftar Raya - Matcha + Premium (Bulk/Event),BULK-00072,Calf Iftar Raya - Matcha + Premium,Finished Good,Event/Bulk,Inventory,true,,"{""bomName"":""Calf Iftar Raya - Matcha + Premium"",""productID"":1633,""flagActive"":true,""productCode"":""BULK-00072"",""productName"":""Calf Iftar Raya - Matcha + Premium (Bulk/Event)"",""categoryName"":""Finished Good"",""subCategoryName"":""Event/Bulk"",""categoryTypeName"":""Inventory""}",2026-08-21 18:25:32.021999+00,2026-08-28 07:30:20.376907+00
118,1,1523,Calf Premium - Fosted Cup (170ml) (Bulk/Event),BULK-00050,Calf Premium - Fosted Cup (170ml) (Bulk/Event),Finished Good,Event/Bulk,Inventory,true,,"{""bomName"":""Calf Premium - Fosted Cup (170ml) (Bulk/Event)"",""productID"":1523,""flagActive"":true,""productCode"":""BULK-00050"",""productName"":""Calf Premium - Fosted Cup (170ml) (Bulk/Event)"",""categoryName"":""Finished Good"",""subCategoryName"":""Event/Bulk"",""categoryTypeName"":""Inventory""}",2026-08-21 18:25:32.021999+00,2026-08-28 07:30:20.376907+00
119,1,1585,Calf Regular - Cup Es 190 ml (Event/Bulk),BULK-00064,Calf Regular - Cup Es 190ml (Event/Bulk),Finished Good,Event/Bulk,Inventory,true,,"{""bomName"":""Calf Regular - Cup Es 190ml (Event/Bulk)"",""productID"":1585,""flagActive"":true,""productCode"":""BULK-00064"",""productName"":""Calf Regular - Cup Es 190 ml (Event/Bulk)"",""categoryName"":""Finished Good"",""subCategoryName"":""Event/Bulk"",""categoryTypeName"":""Inventory""}",2026-08-21 18:25:32.021999+00,2026-08-28 07:30:20.376907+00
120,1,1708,Calf Signature // Premium + Berry Shot,BULK-00074,Calf Signature // Premium + Berry Shot,Finished Good,Event/Bulk,Inventory,true,,"{""bomName"":""Calf Signature // Premium + Berry Shot"",""productID"":1708,""flagActive"":true,""productCode"":""BULK-00074"",""productName"":""Calf Signature // Premium + Berry Shot"",""categoryName"":""Finished Good"",""subCategoryName"":""Event/Bulk"",""categoryTypeName"":""Inventory""}",2026-08-21 18:25:32.021999+00,2026-08-28 07:30:20.376907+00
121,1,1552,Calf Tuktuk - Paket 1 (Bulk/Event),BULK-00063,Calf Tuktuk - Paket 1 (Event/Bulk),Finished Good,Event/Bulk,Inventory,true,,"{""bomName"":""Calf Tuktuk - Paket 1 (Event/Bulk)"",""productID"":1552,""flagActive"":true,""productCode"":""BULK-00063"",""productName"":""Calf Tuktuk - Paket 1 (Bulk/Event)"",""categoryName"":""Finished Good"",""subCategoryName"":""Event/Bulk"",""categoryTypeName"":""Inventory""}",2026-08-21 18:25:32.021999+00,2026-08-28 07:30:20.376907+00
122,1,1210,CHEESE MOZZARELLA BLOCK,RMFR-00002,,RAW MATERIAL,FRESH,Inventory,true,,"{""bomName"":null,""productID"":1210,""flagActive"":true,""productCode"":""RMFR-00002"",""productName"":""CHEESE MOZZARELLA BLOCK"",""categoryName"":""RAW MATERIAL"",""subCategoryName"":""FRESH"",""categoryTypeName"":""Inventory""}",2026-08-21 18:25:32.021999+00,2026-08-28 07:30:20.376907+00
123,1,1669,Classic Milk Tea - Cup Es 170ml (Event/Bulk),BULK098,,Finished Good,Event/Bulk,Inventory,true,,"{""bomName"":null,""productID"":1669,""flagActive"":true,""productCode"":""BULK098"",""productName"":""Classic Milk Tea - Cup Es 170ml (Event/Bulk)"",""categoryName"":""Finished Good"",""subCategoryName"":""Event/Bulk"",""categoryTypeName"":""Inventory""}",2026-08-21 18:25:32.021999+00,2026-08-28 07:30:20.376907+00
124,1,1211,CLEO BOTOL 550ML,RMBV-00023,,RAW MATERIAL,BEVERAGE,Inventory,true,,"{""bomName"":null,""productID"":1211,""flagActive"":true,""productCode"":""RMBV-00023"",""productName"":""CLEO BOTOL 550ML"",""categoryName"":""RAW MATERIAL"",""subCategoryName"":""BEVERAGE"",""categoryTypeName"":""Inventory""}",2026-08-21 18:25:32.021999+00,2026-08-28 07:30:20.376907+00
125,1,1212,CLEO GALON 18 L,RMBV-00024,,RAW MATERIAL,BEVERAGE,Inventory,true,,"{""bomName"":null,""productID"":1212,""flagActive"":true,""productCode"":""RMBV-00024"",""productName"":""CLEO GALON 18 L"",""categoryName"":""RAW MATERIAL"",""subCategoryName"":""BEVERAGE"",""categoryTypeName"":""Inventory""}",2026-08-21 18:25:32.021999+00,2026-08-28 07:30:20.376907+00
126,1,1591,COCONUT WATER,RMBV-00027,,RAW MATERIAL,BEVERAGE,Inventory,true,,"{""bomName"":null,""productID"":1591,""flagActive"":true,""productCode"":""RMBV-00027"",""productName"":""COCONUT WATER"",""categoryName"":""RAW MATERIAL"",""subCategoryName"":""BEVERAGE"",""categoryTypeName"":""Inventory""}",2026-08-21 18:25:32.021999+00,2026-08-28 07:30:20.376907+00
127,1,1547,Coldberries - 170ml (Event/Bulk),BULK-00059,Coldberries - 170ml (Event/Bulk),Finished Good,Event/Bulk,Inventory,true,,"{""bomName"":""Coldberries - 170ml (Event/Bulk)"",""productID"":1547,""flagActive"":true,""productCode"":""BULK-00059"",""productName"":""Coldberries - 170ml (Event/Bulk)"",""categoryName"":""Finished Good"",""subCategoryName"":""Event/Bulk"",""categoryTypeName"":""Inventory""}",2026-08-21 18:25:32.021999+00,2026-08-28 07:30:20.376907+00
128,1,1214,COUNTRY MAPLE SYRUP 710ML,RMKC-00005,,RAW MATERIAL FOOD,KITCHEN,Inventory,true,,"{""bomName"":null,""productID"":1214,""flagActive"":true,""productCode"":""RMKC-00005"",""productName"":""COUNTRY MAPLE SYRUP 710ML"",""categoryName"":""RAW MATERIAL FOOD"",""subCategoryName"":""KITCHEN"",""categoryTypeName"":""Inventory""}",2026-08-21 18:25:32.021999+00,2026-08-28 07:30:20.376907+00
129,1,1215,CREAMER (MAX) 500GR,RMBV-00002,,RAW MATERIAL,BEVERAGE,Inventory,true,,"{""bomName"":null,""productID"":1215,""flagActive"":true,""productCode"":""RMBV-00002"",""productName"":""CREAMER (MAX) 500GR"",""categoryName"":""RAW MATERIAL"",""subCategoryName"":""BEVERAGE"",""categoryTypeName"":""Inventory""}",2026-08-21 18:25:32.021999+00,2026-08-28 07:30:20.376907+00
130,1,1216,CREAMER (MULTIBEV) 1000GR,RMBV-00003,,RAW MATERIAL,BEVERAGE,Inventory,true,,"{""bomName"":null,""productID"":1216,""flagActive"":true,""productCode"":""RMBV-00003"",""productName"":""CREAMER (MULTIBEV) 1000GR"",""categoryName"":""RAW MATERIAL"",""subCategoryName"":""BEVERAGE"",""categoryTypeName"":""Inventory""}",2026-08-21 18:25:32.021999+00,2026-08-28 07:30:20.376907+00
131,1,1217,CREAMER LIQUID,CRMR-00001,,WIP,Creamer Liquid,Inventory,true,,"{""bomName"":null,""productID"":1217,""flagActive"":true,""productCode"":""CRMR-00001"",""productName"":""CREAMER LIQUID"",""categoryName"":""WIP"",""subCategoryName"":""Creamer Liquid"",""categoryTypeName"":""Inventory""}",2026-08-21 18:25:32.021999+00,2026-08-28 07:30:20.376907+00
132,1,1526,CREOLIN,GNCH-00008,,General,CHEMICAL,Non Inventory,true,,"{""bomName"":null,""productID"":1526,""flagActive"":true,""productCode"":""GNCH-00008"",""productName"":""CREOLIN"",""categoryName"":""General"",""subCategoryName"":""CHEMICAL"",""categoryTypeName"":""Non Inventory""}",2026-08-21 18:25:32.021999+00,2026-08-28 07:30:20.376907+00
133,1,1218,CUP 10 0Z (BAJAJ),PCPB-00002,,PACKAGING,PACKAGING BAR,Inventory,true,,"{""bomName"":null,""productID"":1218,""flagActive"":true,""productCode"":""PCPB-00002"",""productName"":""CUP 10 0Z (BAJAJ)"",""categoryName"":""PACKAGING"",""subCategoryName"":""PACKAGING BAR"",""categoryTypeName"":""Inventory""}",2026-08-21 18:25:32.021999+00,2026-08-28 07:30:20.376907+00
134,1,1219,CUP 10 OZ POLOS,PCPB-00019,,PACKAGING,PACKAGING BAR,Inventory,true,,"{""bomName"":null,""productID"":1219,""flagActive"":true,""productCode"":""PCPB-00019"",""productName"":""CUP 10 OZ POLOS"",""categoryName"":""PACKAGING"",""subCategoryName"":""PACKAGING BAR"",""categoryTypeName"":""Inventory""}",2026-08-21 18:25:32.021999+00,2026-08-28 07:30:20.376907+00
135,1,1220,CUP ES,PCPB-00003,,PACKAGING,PACKAGING BAR,Inventory,true,,"{""bomName"":null,""productID"":1220,""flagActive"":true,""productCode"":""PCPB-00003"",""productName"":""CUP ES"",""categoryName"":""PACKAGING"",""subCategoryName"":""PACKAGING BAR"",""categoryTypeName"":""Inventory""}",2026-08-21 18:25:32.021999+00,2026-08-28 07:30:20.376907+00
136,1,1221,CUP FROSTED,PCPB-00004,,PACKAGING,PACKAGING BAR,Inventory,true,,"{""bomName"":null,""productID"":1221,""flagActive"":true,""productCode"":""PCPB-00004"",""productName"":""CUP FROSTED"",""categoryName"":""PACKAGING"",""subCategoryName"":""PACKAGING BAR"",""categoryTypeName"":""Inventory""}",2026-08-21 18:25:32.021999+00,2026-08-28 07:30:20.376907+00
137,1,1641,CUP HOT 12OZ DOUBLE WALL,PCPB-00028,,PACKAGING,PACKAGING BAR,Inventory,true,,"{""bomName"":null,""productID"":1641,""flagActive"":true,""productCode"":""PCPB-00028"",""productName"":""CUP HOT 12OZ DOUBLE WALL"",""categoryName"":""PACKAGING"",""subCategoryName"":""PACKAGING BAR"",""categoryTypeName"":""Inventory""}",2026-08-21 18:25:32.021999+00,2026-08-28 07:30:20.376907+00
138,1,1222,CUP HOT 8 OZ,PCPB-00005,,PACKAGING,PACKAGING BAR,Inventory,true,,"{""bomName"":null,""productID"":1222,""flagActive"":true,""productCode"":""PCPB-00005"",""productName"":""CUP HOT 8 OZ"",""categoryName"":""PACKAGING"",""subCategoryName"":""PACKAGING BAR"",""categoryTypeName"":""Inventory""}",2026-08-21 18:25:32.021999+00,2026-08-28 07:30:20.376907+00
139,1,1651,CUP HOT 8 OZ DOUBLE WALL,PCPB-00029,,PACKAGING,PACKAGING BAR,Inventory,true,,"{""bomName"":null,""productID"":1651,""flagActive"":true,""productCode"":""PCPB-00029"",""productName"":""CUP HOT 8 OZ DOUBLE WALL"",""categoryName"":""PACKAGING"",""subCategoryName"":""PACKAGING BAR"",""categoryTypeName"":""Inventory""}",2026-08-21 18:25:32.021999+00,2026-08-28 07:30:20.376907+00
140,1,1704,CUP INJECTION 16OZ POLOS,PCPB-00035,,PACKAGING,PACKAGING BAR,Inventory,false,,"{""bomName"":null,""productID"":1704,""flagActive"":false,""productCode"":""PCPB-00035"",""productName"":""CUP INJECTION 16OZ POLOS"",""categoryName"":""PACKAGING"",""subCategoryName"":""PACKAGING BAR"",""categoryTypeName"":""Inventory""}",2026-08-21 18:25:32.021999+00,2026-08-28 07:30:20.376907+00
141,1,1700,CUP INJECTION 16OZ WASGEE,PCPB-00031,,PACKAGING,PACKAGING BAR,Inventory,false,,"{""bomName"":null,""productID"":1700,""flagActive"":false,""productCode"":""PCPB-00031"",""productName"":""CUP INJECTION 16OZ WASGEE"",""categoryName"":""PACKAGING"",""subCategoryName"":""PACKAGING BAR"",""categoryTypeName"":""Inventory""}",2026-08-21 18:25:32.021999+00,2026-08-28 07:30:20.376907+00
142,1,1223,CUP JEFFERSON & TEA,PCPB-00006,,PACKAGING,PACKAGING BAR,Inventory,true,,"{""bomName"":null,""productID"":1223,""flagActive"":true,""productCode"":""PCPB-00006"",""productName"":""CUP JEFFERSON & TEA"",""categoryName"":""PACKAGING"",""subCategoryName"":""PACKAGING BAR"",""categoryTypeName"":""Inventory""}",2026-08-21 18:25:32.021999+00,2026-08-28 07:30:20.376907+00
143,1,1224,CUP SAUCE 100ML,PCAP-00003,,PACKAGING,ADDITIONAL PACKAGING,Inventory,true,,"{""bomName"":null,""productID"":1224,""flagActive"":true,""productCode"":""PCAP-00003"",""productName"":""CUP SAUCE 100ML"",""categoryName"":""PACKAGING"",""subCategoryName"":""ADDITIONAL PACKAGING"",""categoryTypeName"":""Inventory""}",2026-08-21 18:25:32.021999+00,2026-08-28 07:30:20.376907+00
144,1,1561,CUP SAUCE 100ML (NEW),INSU_00007,,KITCHEN & SUPPLIES (NEW),ADDITIONAL PACKAGING,Inventory,false,,"{""bomName"":null,""productID"":1561,""flagActive"":false,""productCode"":""INSU_00007"",""productName"":""CUP SAUCE 100ML (NEW)"",""categoryName"":""KITCHEN & SUPPLIES (NEW)"",""subCategoryName"":""ADDITIONAL PACKAGING"",""categoryTypeName"":""Inventory""}",2026-08-21 18:25:32.021999+00,2026-08-28 07:30:20.376907+00
145,1,1225,CUP SAUCE 25ML,PCAP-00002,,PACKAGING,ADDITIONAL PACKAGING,Inventory,true,,"{""bomName"":null,""productID"":1225,""flagActive"":true,""productCode"":""PCAP-00002"",""productName"":""CUP SAUCE 25ML"",""categoryName"":""PACKAGING"",""subCategoryName"":""ADDITIONAL PACKAGING"",""categoryTypeName"":""Inventory""}",2026-08-21 18:25:32.021999+00,2026-08-28 07:30:20.376907+00
146,1,1560,CUP SAUCE 25ML (NEW),INSU-00006,,KITCHEN & SUPPLIES (NEW),ADDITIONAL PACKAGING,Inventory,false,,"{""bomName"":null,""productID"":1560,""flagActive"":false,""productCode"":""INSU-00006"",""productName"":""CUP SAUCE 25ML (NEW)"",""categoryName"":""KITCHEN & SUPPLIES (NEW)"",""subCategoryName"":""ADDITIONAL PACKAGING"",""categoryTypeName"":""Inventory""}",2026-08-21 18:25:32.021999+00,2026-08-28 07:30:20.376907+00
147,1,1226,CUP SAUCE 35ML,PCPK-00002,,PACKAGING,PACKAGING KITCHEN,Inventory,true,,"{""bomName"":null,""productID"":1226,""flagActive"":true,""productCode"":""PCPK-00002"",""productName"":""CUP SAUCE 35ML"",""categoryName"":""PACKAGING"",""subCategoryName"":""PACKAGING KITCHEN"",""categoryTypeName"":""Inventory""}",2026-08-21 18:25:32.021999+00,2026-08-28 07:30:20.376907+00
148,1,1227,CUP SAUCE 60ML,PCPK-00003,,PACKAGING,PACKAGING KITCHEN,Inventory,true,,"{""bomName"":null,""productID"":1227,""flagActive"":true,""productCode"":""PCPK-00003"",""productName"":""CUP SAUCE 60ML"",""categoryName"":""PACKAGING"",""subCategoryName"":""PACKAGING KITCHEN"",""categoryTypeName"":""Inventory""}",2026-08-21 18:25:32.021999+00,2026-08-28 07:30:20.376907+00
149,1,1228,CUP SEALER,KSUT-00004,,KITCHENWARE & SUPPLIES,UTENSIL,Non Inventory,false,,"{""bomName"":null,""productID"":1228,""flagActive"":false,""productCode"":""KSUT-00004"",""productName"":""CUP SEALER"",""categoryName"":""KITCHENWARE & SUPPLIES"",""subCategoryName"":""UTENSIL"",""categoryTypeName"":""Non Inventory""}",2026-08-21 18:25:32.021999+00,2026-08-28 07:30:20.376907+00
150,1,1562,CUP SEALER (NEW),INSU-00008,,KITCHEN & SUPPLIES (NEW),ADDITIONAL PACKAGING,Inventory,true,,"{""bomName"":null,""productID"":1562,""flagActive"":true,""productCode"":""INSU-00008"",""productName"":""CUP SEALER (NEW)"",""categoryName"":""KITCHEN & SUPPLIES (NEW)"",""subCategoryName"":""ADDITIONAL PACKAGING"",""categoryTypeName"":""Inventory""}",2026-08-21 18:25:32.021999+00,2026-08-28 07:30:20.376907+00
151,1,1665,CUP SEALER KECIL,INSU-00011,,PACKAGING,KITCHENWARE & SUPPLIES,Inventory,true,,"{""bomName"":null,""productID"":1665,""flagActive"":true,""productCode"":""INSU-00011"",""productName"":""CUP SEALER KECIL"",""categoryName"":""PACKAGING"",""subCategoryName"":""KITCHENWARE & SUPPLIES"",""categoryTypeName"":""Inventory""}",2026-08-21 18:25:32.021999+00,2026-08-28 07:30:20.376907+00
152,1,1513,Custom Stikcer,BULK-00046,,General,Event/Bulk,Non Inventory,true,,"{""bomName"":null,""productID"":1513,""flagActive"":true,""productCode"":""BULK-00046"",""productName"":""Custom Stikcer"",""categoryName"":""General"",""subCategoryName"":""Event/Bulk"",""categoryTypeName"":""Non Inventory""}",2026-08-21 18:25:32.021999+00,2026-08-28 07:30:20.376907+00
153,1,1229,DAUN JERUK,RMVG-00007,,RAW MATERIAL,VEGETABLE,Inventory,true,,"{""bomName"":null,""productID"":1229,""flagActive"":true,""productCode"":""RMVG-00007"",""productName"":""DAUN JERUK"",""categoryName"":""RAW MATERIAL"",""subCategoryName"":""VEGETABLE"",""categoryTypeName"":""Inventory""}",2026-08-21 18:25:32.021999+00,2026-08-28 07:30:20.376907+00
154,1,1486,Delivery Cost,,,Delivery Cost,-,Non Inventory,true,,"{""bomName"":null,""productID"":1486,""flagActive"":true,""productCode"":"""",""productName"":""Delivery Cost"",""categoryName"":""Delivery Cost"",""subCategoryName"":""-"",""categoryTypeName"":""Non Inventory""}",2026-08-21 18:25:32.021999+00,2026-08-28 07:30:20.376907+00
155,1,1230,DIMSUM,RMFR-00003,,RAW MATERIAL,FRESH,Inventory,true,,"{""bomName"":null,""productID"":1230,""flagActive"":true,""productCode"":""RMFR-00003"",""productName"":""DIMSUM"",""categoryName"":""RAW MATERIAL"",""subCategoryName"":""FRESH"",""categoryTypeName"":""Inventory""}",2026-08-21 18:25:32.021999+00,2026-08-28 07:30:20.376907+00
156,1,1548,Dimsum (Bulk/Event),BULK-00060,Dimsum (Bulk/event),Finished Good,Event/Bulk,Inventory,true,,"{""bomName"":""Dimsum (Bulk/event)"",""productID"":1548,""flagActive"":true,""productCode"":""BULK-00060"",""productName"":""Dimsum (Bulk/Event)"",""categoryName"":""Finished Good"",""subCategoryName"":""Event/Bulk"",""categoryTypeName"":""Inventory""}",2026-08-21 18:25:32.021999+00,2026-08-28 07:30:20.376907+00
157,1,1650,DIMSUM NORI,RMFR-00068,,RAW MATERIAL,FRESH,Inventory,true,,"{""bomName"":null,""productID"":1650,""flagActive"":true,""productCode"":""RMFR-00068"",""productName"":""DIMSUM NORI"",""categoryName"":""RAW MATERIAL"",""subCategoryName"":""FRESH"",""categoryTypeName"":""Inventory""}",2026-08-21 18:25:32.021999+00,2026-08-28 07:30:20.376907+00
158,1,1231,DRIED ORANGE 500GR,RMDG-00008,,RAW MATERIAL,DRY GOODS,Inventory,true,,"{""bomName"":null,""productID"":1231,""flagActive"":true,""productCode"":""RMDG-00008"",""productName"":""DRIED ORANGE 500GR"",""categoryName"":""RAW MATERIAL"",""subCategoryName"":""DRY GOODS"",""categoryTypeName"":""Inventory""}",2026-08-21 18:25:32.021999+00,2026-08-28 07:30:20.376907+00
159,1,1232,DRIED PINEAPPLE 500GR,RMDG-00007,,RAW MATERIAL,DRY GOODS,Inventory,true,,"{""bomName"":null,""productID"":1232,""flagActive"":true,""productCode"":""RMDG-00007"",""productName"":""DRIED PINEAPPLE 500GR"",""categoryName"":""RAW MATERIAL"",""subCategoryName"":""DRY GOODS"",""categoryTypeName"":""Inventory""}",2026-08-21 18:25:32.021999+00,2026-08-28 07:30:20.376907+00
160,1,1233,DRIED ROSELLA 500GR,RMDG-00006,,RAW MATERIAL,DRY GOODS,Inventory,true,,"{""bomName"":null,""productID"":1233,""flagActive"":true,""productCode"":""RMDG-00006"",""productName"":""DRIED ROSELLA 500GR"",""categoryName"":""RAW MATERIAL"",""subCategoryName"":""DRY GOODS"",""categoryTypeName"":""Inventory""}",2026-08-21 18:25:32.021999+00,2026-08-28 07:30:20.376907+00
161,1,1510,Earl Grey,BULK-00044,,Finished Good,Event/Bulk,Inventory,true,,"{""bomName"":null,""productID"":1510,""flagActive"":true,""productCode"":""BULK-00044"",""productName"":""Earl Grey"",""categoryName"":""Finished Good"",""subCategoryName"":""Event/Bulk"",""categoryTypeName"":""Inventory""}",2026-08-21 18:25:32.021999+00,2026-08-28 07:30:20.376907+00
162,1,1649,EARL GREY LEAVES,RMDG-00009,,RAW MATERIAL,DRY GOODS,Inventory,true,,"{""bomName"":null,""productID"":1649,""flagActive"":true,""productCode"":""RMDG-00009"",""productName"":""EARL GREY LEAVES"",""categoryName"":""RAW MATERIAL"",""subCategoryName"":""DRY GOODS"",""categoryTypeName"":""Inventory""}",2026-08-21 18:25:32.021999+00,2026-08-28 07:30:20.376907+00
163,1,1528,ES BATU NEW,AIIR-00002,,General,BEVERAGE,Non Inventory,true,,"{""bomName"":null,""productID"":1528,""flagActive"":true,""productCode"":""AIIR-00002"",""productName"":""ES BATU NEW"",""categoryName"":""General"",""subCategoryName"":""BEVERAGE"",""categoryTypeName"":""Non Inventory""}",2026-08-21 18:25:32.021999+00,2026-08-28 07:30:20.376907+00
164,1,1234,ES BATU [non active],RMBV-00022,,RAW MATERIAL,BEVERAGE,Inventory,false,,"{""bomName"":null,""productID"":1234,""flagActive"":false,""productCode"":""RMBV-00022"",""productName"":""ES BATU [non active]"",""categoryName"":""RAW MATERIAL"",""subCategoryName"":""BEVERAGE"",""categoryTypeName"":""Inventory""}",2026-08-21 18:25:32.021999+00,2026-08-28 07:30:20.376907+00
165,1,1235,Es Kopi Calf Premium - COTR (145ml),PREM-00030,,Finished Good,Premium,Inventory,true,,"{""bomName"":null,""productID"":1235,""flagActive"":true,""productCode"":""PREM-00030"",""productName"":""Es Kopi Calf Premium - COTR (145ml)"",""categoryName"":""Finished Good"",""subCategoryName"":""Premium"",""categoryTypeName"":""Inventory""}",2026-08-21 18:25:32.021999+00,2026-08-28 07:30:20.376907+00
166,1,1529,ES SERUT NEW,AIIR-00003,,General,BEVERAGE,Non Inventory,true,,"{""bomName"":null,""productID"":1529,""flagActive"":true,""productCode"":""AIIR-00003"",""productName"":""ES SERUT NEW"",""categoryName"":""General"",""subCategoryName"":""BEVERAGE"",""categoryTypeName"":""Non Inventory""}",2026-08-21 18:25:32.021999+00,2026-08-28 07:30:20.376907+00
167,1,1236,ES SERUT [non active],RMBV-00020,,RAW MATERIAL,BEVERAGE,Inventory,false,,"{""bomName"":null,""productID"":1236,""flagActive"":false,""productCode"":""RMBV-00020"",""productName"":""ES SERUT [non active]"",""categoryName"":""RAW MATERIAL"",""subCategoryName"":""BEVERAGE"",""categoryTypeName"":""Inventory""}",2026-08-21 18:25:32.021999+00,2026-08-28 07:30:20.376907+00
168,1,1237,ESPRESSO PREMIUM,ESPR-00001,,WIP,Espresso,Inventory,true,,"{""bomName"":null,""productID"":1237,""flagActive"":true,""productCode"":""ESPR-00001"",""productName"":""ESPRESSO PREMIUM"",""categoryName"":""WIP"",""subCategoryName"":""Espresso"",""categoryTypeName"":""Inventory""}",2026-08-21 18:25:32.021999+00,2026-08-28 07:30:20.376907+00
169,1,1238,ESPRESSO REGULER,ESPR-00002,,WIP,Espresso,Inventory,true,,"{""bomName"":null,""productID"":1238,""flagActive"":true,""productCode"":""ESPR-00002"",""productName"":""ESPRESSO REGULER"",""categoryName"":""WIP"",""subCategoryName"":""Espresso"",""categoryTypeName"":""Inventory""}",2026-08-21 18:25:32.021999+00,2026-08-28 07:30:20.376907+00
170,1,1239,EVAPORATED MILK FN 380GR,RMBV-00004,,RAW MATERIAL,BEVERAGE,Inventory,true,,"{""bomName"":null,""productID"":1239,""flagActive"":true,""productCode"":""RMBV-00004"",""productName"":""EVAPORATED MILK FN 380GR"",""categoryName"":""RAW MATERIAL"",""subCategoryName"":""BEVERAGE"",""categoryTypeName"":""Inventory""}",2026-08-21 18:25:32.021999+00,2026-08-28 07:30:20.376907+00
171,1,1240,EVAPORATED MILK TIGA SAPI 500GR,RMFR-00004,,RAW MATERIAL,FRESH,Inventory,true,,"{""bomName"":null,""productID"":1240,""flagActive"":true,""productCode"":""RMFR-00004"",""productName"":""EVAPORATED MILK TIGA SAPI 500GR"",""categoryName"":""RAW MATERIAL"",""subCategoryName"":""FRESH"",""categoryTypeName"":""Inventory""}",2026-08-21 18:25:32.021999+00,2026-08-28 07:30:20.376907+00
172,1,1489,Extra Hour,,,Other Income,-,Non Inventory,true,,"{""bomName"":null,""productID"":1489,""flagActive"":true,""productCode"":"""",""productName"":""Extra Hour"",""categoryName"":""Other Income"",""subCategoryName"":""-"",""categoryTypeName"":""Non Inventory""}",2026-08-21 18:25:32.021999+00,2026-08-28 07:30:20.376907+00
173,1,1241,FLAME GUN,KSUK-00008,,KITCHENWARE & SUPPLIES,UTILITIES KITCHEN,Non Inventory,true,,"{""bomName"":null,""productID"":1241,""flagActive"":true,""productCode"":""KSUK-00008"",""productName"":""FLAME GUN"",""categoryName"":""KITCHENWARE & SUPPLIES"",""subCategoryName"":""UTILITIES KITCHEN"",""categoryTypeName"":""Non Inventory""}",2026-08-21 18:25:32.021999+00,2026-08-28 07:30:20.376907+00
174,1,1537,FREEZER 310,TLLS-00005,,TOOLS,TOOLS,Asset,true,,"{""bomName"":null,""productID"":1537,""flagActive"":true,""productCode"":""TLLS-00005"",""productName"":""FREEZER 310"",""categoryName"":""TOOLS"",""subCategoryName"":""TOOLS"",""categoryTypeName"":""Asset""}",2026-08-21 18:25:32.021999+00,2026-08-28 07:30:20.376907+00
175,1,1242,FRENCH FRIES STRAIGHT CUT 2000GR,RMFR-00005,,RAW MATERIAL,FRESH,Inventory,true,,"{""bomName"":null,""productID"":1242,""flagActive"":true,""productCode"":""RMFR-00005"",""productName"":""FRENCH FRIES STRAIGHT CUT 2000GR"",""categoryName"":""RAW MATERIAL"",""subCategoryName"":""FRESH"",""categoryTypeName"":""Inventory""}",2026-08-21 18:25:32.021999+00,2026-08-28 07:30:20.376907+00
176,1,1604,FRENCH FRIES STRAIGHT CUT CHINA,RMKC-00054,,RAW MATERIAL FOOD,KITCHEN,Inventory,true,,"{""bomName"":null,""productID"":1604,""flagActive"":true,""productCode"":""RMKC-00054"",""productName"":""FRENCH FRIES STRAIGHT CUT CHINA"",""categoryName"":""RAW MATERIAL FOOD"",""subCategoryName"":""KITCHEN"",""categoryTypeName"":""Inventory""}",2026-08-21 18:25:32.021999+00,2026-08-28 07:30:20.376907+00
177,1,1243,FRESH MILK BROOKFARM CHOCOLATE 946ML,RMFR-00031,,RAW MATERIAL,FRESH,Inventory,true,,"{""bomName"":null,""productID"":1243,""flagActive"":true,""productCode"":""RMFR-00031"",""productName"":""FRESH MILK BROOKFARM CHOCOLATE 946ML"",""categoryName"":""RAW MATERIAL"",""subCategoryName"":""FRESH"",""categoryTypeName"":""Inventory""}",2026-08-21 18:25:32.021999+00,2026-08-28 07:30:20.376907+00
178,1,1244,FRESH MILK BROOKFARM LOW FAT 946ML,RMFR-00030,,RAW MATERIAL,FRESH,Inventory,true,,"{""bomName"":null,""productID"":1244,""flagActive"":true,""productCode"":""RMFR-00030"",""productName"":""FRESH MILK BROOKFARM LOW FAT 946ML"",""categoryName"":""RAW MATERIAL"",""subCategoryName"":""FRESH"",""categoryTypeName"":""Inventory""}",2026-08-21 18:25:32.021999+00,2026-08-28 07:30:20.376907+00
179,1,1245,FRESH MILK BROOKFARM PLAIN 946ML,RMFR-00032,,RAW MATERIAL,FRESH,Inventory,true,,"{""bomName"":null,""productID"":1245,""flagActive"":true,""productCode"":""RMFR-00032"",""productName"":""FRESH MILK BROOKFARM PLAIN 946ML"",""categoryName"":""RAW MATERIAL"",""subCategoryName"":""FRESH"",""categoryTypeName"":""Inventory""}",2026-08-21 18:25:32.021999+00,2026-08-28 07:30:20.376907+00
180,1,1246,FRESH MILK BROOKFARM SOYA 946ML,RMFR-00033,,RAW MATERIAL,FRESH,Inventory,true,,"{""bomName"":null,""productID"":1246,""flagActive"":true,""productCode"":""RMFR-00033"",""productName"":""FRESH MILK BROOKFARM SOYA 946ML"",""categoryName"":""RAW MATERIAL"",""subCategoryName"":""FRESH"",""categoryTypeName"":""Inventory""}",2026-08-21 18:25:32.021999+00,2026-08-28 07:30:20.376907+00
181,1,1247,FRESH MILK CIMORY 950ML,RMFR-00006,,RAW MATERIAL,FRESH,Inventory,true,,"{""bomName"":null,""productID"":1247,""flagActive"":true,""productCode"":""RMFR-00006"",""productName"":""FRESH MILK CIMORY 950ML"",""categoryName"":""RAW MATERIAL"",""subCategoryName"":""FRESH"",""categoryTypeName"":""Inventory""}",2026-08-21 18:25:32.021999+00,2026-08-28 07:30:20.376907+00
182,1,1248,FRESH MILK DELUXE MILK MEIJI 946ML,RMFR-00007,,RAW MATERIAL,FRESH,Inventory,true,,"{""bomName"":null,""productID"":1248,""flagActive"":true,""productCode"":""RMFR-00007"",""productName"":""FRESH MILK DELUXE MILK MEIJI 946ML"",""categoryName"":""RAW MATERIAL"",""subCategoryName"":""FRESH"",""categoryTypeName"":""Inventory""}",2026-08-21 18:25:32.021999+00,2026-08-28 07:30:20.376907+00
183,1,1249,FRESH MILK DIAMOND 946ML,RMFR-00008,,RAW MATERIAL,FRESH,Inventory,true,,"{""bomName"":null,""productID"":1249,""flagActive"":true,""productCode"":""RMFR-00008"",""productName"":""FRESH MILK DIAMOND 946ML"",""categoryName"":""RAW MATERIAL"",""subCategoryName"":""FRESH"",""categoryTypeName"":""Inventory""}",2026-08-21 18:25:32.021999+00,2026-08-28 07:30:20.376907+00
184,1,1250,FRESH MILK OLDENBURGER 1000ML,RMFR-00042,,RAW MATERIAL,FRESH,Inventory,true,,"{""bomName"":null,""productID"":1250,""flagActive"":true,""productCode"":""RMFR-00042"",""productName"":""FRESH MILK OLDENBURGER 1000ML"",""categoryName"":""RAW MATERIAL"",""subCategoryName"":""FRESH"",""categoryTypeName"":""Inventory""}",2026-08-21 18:25:32.021999+00,2026-08-28 07:30:20.376907+00
185,1,1251,FRESH MILK OLDENBURGER SKIMMED MILK 1000ML,RMFR-00043,,RAW MATERIAL,FRESH,Inventory,true,,"{""bomName"":null,""productID"":1251,""flagActive"":true,""productCode"":""RMFR-00043"",""productName"":""FRESH MILK OLDENBURGER SKIMMED MILK 1000ML"",""categoryName"":""RAW MATERIAL"",""subCategoryName"":""FRESH"",""categoryTypeName"":""Inventory""}",2026-08-21 18:25:32.021999+00,2026-08-28 07:30:20.376907+00
186,1,1252,FRESH MILK STRAWBERRY 946ML,RMFR-00029,,RAW MATERIAL,FRESH,Inventory,true,,"{""bomName"":null,""productID"":1252,""flagActive"":true,""productCode"":""RMFR-00029"",""productName"":""FRESH MILK STRAWBERRY 946ML"",""categoryName"":""RAW MATERIAL"",""subCategoryName"":""FRESH"",""categoryTypeName"":""Inventory""}",2026-08-21 18:25:32.021999+00,2026-08-28 07:30:20.376907+00
187,1,1253,FRESHMILK GREENFIELDS 1000ML,RMFR-00009,,RAW MATERIAL,FRESH,Inventory,true,,"{""bomName"":null,""productID"":1253,""flagActive"":true,""productCode"":""RMFR-00009"",""productName"":""FRESHMILK GREENFIELDS 1000ML"",""categoryName"":""RAW MATERIAL"",""subCategoryName"":""FRESH"",""categoryTypeName"":""Inventory""}",2026-08-21 18:25:32.021999+00,2026-08-28 07:30:20.376907+00
188,1,1254,FRESHMILK HOMETOWN 2000ML,RMFR-00010,,RAW MATERIAL,FRESH,Inventory,true,,"{""bomName"":null,""productID"":1254,""flagActive"":true,""productCode"":""RMFR-00010"",""productName"":""FRESHMILK HOMETOWN 2000ML"",""categoryName"":""RAW MATERIAL"",""subCategoryName"":""FRESH"",""categoryTypeName"":""Inventory""}",2026-08-21 18:25:32.021999+00,2026-08-28 07:30:20.376907+00
189,1,1255,FRESHMILK KIN 1000ML,RMFR-00011,,RAW MATERIAL,FRESH,Inventory,true,,"{""bomName"":null,""productID"":1255,""flagActive"":true,""productCode"":""RMFR-00011"",""productName"":""FRESHMILK KIN 1000ML"",""categoryName"":""RAW MATERIAL"",""subCategoryName"":""FRESH"",""categoryTypeName"":""Inventory""}",2026-08-21 18:25:32.021999+00,2026-08-28 07:30:20.376907+00
190,1,1728,Fussion Black - Cup Frosted,BULK-00085,Fussion Balck - Cup Frosted,Finished Good,Event/Bulk,Inventory,true,,"{""bomName"":""Fussion Balck - Cup Frosted"",""productID"":1728,""flagActive"":true,""productCode"":""BULK-00085"",""productName"":""Fussion Black - Cup Frosted"",""categoryName"":""Finished Good"",""subCategoryName"":""Event/Bulk"",""categoryTypeName"":""Inventory""}",2026-08-21 18:25:32.021999+00,2026-08-28 07:30:20.376907+00
191,1,1727,Fussion Black Cup Hot 110ml,BULK-0100,,Finished Good,Event/Bulk,Inventory,true,,"{""bomName"":null,""productID"":1727,""flagActive"":true,""productCode"":""BULK-0100"",""productName"":""Fussion Black Cup Hot 110ml"",""categoryName"":""Finished Good"",""subCategoryName"":""Event/Bulk"",""categoryTypeName"":""Inventory""}",2026-08-21 18:25:32.021999+00,2026-08-28 07:30:20.376907+00
192,1,1256,GALON 5L,PCPB-00021,,PACKAGING,PACKAGING BAR,Inventory,true,,"{""bomName"":null,""productID"":1256,""flagActive"":true,""productCode"":""PCPB-00021"",""productName"":""GALON 5L"",""categoryName"":""PACKAGING"",""subCategoryName"":""PACKAGING BAR"",""categoryTypeName"":""Inventory""}",2026-08-21 18:25:32.021999+00,2026-08-28 07:30:20.376907+00
193,1,1257,GARAM,RMKC-00006,,RAW MATERIAL FOOD,KITCHEN,Inventory,true,,"{""bomName"":null,""productID"":1257,""flagActive"":true,""productCode"":""RMKC-00006"",""productName"":""GARAM"",""categoryName"":""RAW MATERIAL FOOD"",""subCategoryName"":""KITCHEN"",""categoryTypeName"":""Inventory""}",2026-08-21 18:25:32.021999+00,2026-08-28 07:30:20.376907+00
194,1,1258,GAS 12KG,EGGS-00002,,EXP GAS,GAS,Non Inventory,true,,"{""bomName"":null,""productID"":1258,""flagActive"":true,""productCode"":""EGGS-00002"",""productName"":""GAS 12KG"",""categoryName"":""EXP GAS"",""subCategoryName"":""GAS"",""categoryTypeName"":""Non Inventory""}",2026-08-21 18:25:32.021999+00,2026-08-28 07:30:20.376907+00
195,1,1716,GAS 3KG,EGGS-00004,,EXP GAS,GAS,Non Inventory,true,,"{""bomName"":null,""productID"":1716,""flagActive"":true,""productCode"":""EGGS-00004"",""productName"":""GAS 3KG"",""categoryName"":""EXP GAS"",""subCategoryName"":""GAS"",""categoryTypeName"":""Non Inventory""}",2026-08-21 18:25:32.021999+00,2026-08-28 07:30:20.376907+00
196,1,1259,GAS 5KG,EGGS-00003,,EXP GAS,GAS,Non Inventory,true,,"{""bomName"":null,""productID"":1259,""flagActive"":true,""productCode"":""EGGS-00003"",""productName"":""GAS 5KG"",""categoryName"":""EXP GAS"",""subCategoryName"":""GAS"",""categoryTypeName"":""Non Inventory""}",2026-08-21 18:25:32.021999+00,2026-08-28 07:30:20.376907+00
197,1,1260,GAS TORCH,EGGS-00001,,EXP GAS,GAS,Non Inventory,true,,"{""bomName"":null,""productID"":1260,""flagActive"":true,""productCode"":""EGGS-00001"",""productName"":""GAS TORCH"",""categoryName"":""EXP GAS"",""subCategoryName"":""GAS"",""categoryTypeName"":""Non Inventory""}",2026-08-21 18:25:32.021999+00,2026-08-28 07:30:20.376907+00
198,1,1261,GOLDENFIL BLUEBERRY 1000GR,RMBV-00005,,RAW MATERIAL,BEVERAGE,Inventory,true,,"{""bomName"":null,""productID"":1261,""flagActive"":true,""productCode"":""RMBV-00005"",""productName"":""GOLDENFIL BLUEBERRY 1000GR"",""categoryName"":""RAW MATERIAL"",""subCategoryName"":""BEVERAGE"",""categoryTypeName"":""Inventory""}",2026-08-21 18:25:32.021999+00,2026-08-28 07:30:20.376907+00
199,1,1262,GOLDENFIL CHOCO 1000GR,RMBV-00006,,RAW MATERIAL,BEVERAGE,Inventory,true,,"{""bomName"":null,""productID"":1262,""flagActive"":true,""productCode"":""RMBV-00006"",""productName"":""GOLDENFIL CHOCO 1000GR"",""categoryName"":""RAW MATERIAL"",""subCategoryName"":""BEVERAGE"",""categoryTypeName"":""Inventory""}",2026-08-21 18:25:32.021999+00,2026-08-28 07:30:20.376907+00
200,1,1263,GOLDENFIL HAZELNUT 1000GR,RMBV-00007,,RAW MATERIAL,BEVERAGE,Inventory,true,,"{""bomName"":null,""productID"":1263,""flagActive"":true,""productCode"":""RMBV-00007"",""productName"":""GOLDENFIL HAZELNUT 1000GR"",""categoryName"":""RAW MATERIAL"",""subCategoryName"":""BEVERAGE"",""categoryTypeName"":""Inventory""}",2026-08-21 18:25:32.021999+00,2026-08-28 07:30:20.376907+00
201,1,1264,GOLDENFIL MATCHA 1000GR,RMBV-00008,,RAW MATERIAL,BEVERAGE,Inventory,true,,"{""bomName"":null,""productID"":1264,""flagActive"":true,""productCode"":""RMBV-00008"",""productName"":""GOLDENFIL MATCHA 1000GR"",""categoryName"":""RAW MATERIAL"",""subCategoryName"":""BEVERAGE"",""categoryTypeName"":""Inventory""}",2026-08-21 18:25:32.021999+00,2026-08-28 07:30:20.376907+00
202,1,1265,GOLDENFIL STRAWBERRY 1000GR,RMBV-00009,,RAW MATERIAL,BEVERAGE,Inventory,true,,"{""bomName"":null,""productID"":1265,""flagActive"":true,""productCode"":""RMBV-00009"",""productName"":""GOLDENFIL STRAWBERRY 1000GR"",""categoryName"":""RAW MATERIAL"",""subCategoryName"":""BEVERAGE"",""categoryTypeName"":""Inventory""}",2026-08-21 18:25:32.021999+00,2026-08-28 07:30:20.376907+00
203,1,1266,GOLDENFIL TIRAMISU 1000GR,RMBV-00010,,RAW MATERIAL,BEVERAGE,Inventory,true,,"{""bomName"":null,""productID"":1266,""flagActive"":true,""productCode"":""RMBV-00010"",""productName"":""GOLDENFIL TIRAMISU 1000GR"",""categoryName"":""RAW MATERIAL"",""subCategoryName"":""BEVERAGE"",""categoryTypeName"":""Inventory""}",2026-08-21 18:25:32.021999+00,2026-08-28 07:30:20.376907+00
204,1,1610,GREETING CARD CUSTOM,INSU-00042,,KITCHEN & SUPPLIES (NEW),ADDITIONAL PACKAGING,Inventory,true,,"{""bomName"":null,""productID"":1610,""flagActive"":true,""productCode"":""INSU-00042"",""productName"":""GREETING CARD CUSTOM"",""categoryName"":""KITCHEN & SUPPLIES (NEW)"",""subCategoryName"":""ADDITIONAL PACKAGING"",""categoryTypeName"":""Inventory""}",2026-08-21 18:25:32.021999+00,2026-08-28 07:30:20.376907+00
205,1,1267,GROUND BEEF,RMMT-00002,,RAW MATERIAL,MEAT,Inventory,true,,"{""bomName"":null,""productID"":1267,""flagActive"":true,""productCode"":""RMMT-00002"",""productName"":""GROUND BEEF"",""categoryName"":""RAW MATERIAL"",""subCategoryName"":""MEAT"",""categoryTypeName"":""Inventory""}",2026-08-21 18:25:32.021999+00,2026-08-28 07:30:20.376907+00
206,1,1484,GULA AREN 1300GR,RMBV-00025,,RAW MATERIAL,BEVERAGE,Inventory,true,,"{""bomName"":null,""productID"":1484,""flagActive"":true,""productCode"":""RMBV-00025"",""productName"":""GULA AREN 1300GR"",""categoryName"":""RAW MATERIAL"",""subCategoryName"":""BEVERAGE"",""categoryTypeName"":""Inventory""}",2026-08-21 18:25:32.021999+00,2026-08-28 07:30:20.376907+00
207,1,1734,GULA AREN CALF POUCH 1300GR,RMBV-00036,,RAW MATERIAL,BEVERAGE,Inventory,false,,"{""bomName"":null,""productID"":1734,""flagActive"":false,""productCode"":""RMBV-00036"",""productName"":""GULA AREN CALF POUCH 1300GR"",""categoryName"":""RAW MATERIAL"",""subCategoryName"":""BEVERAGE"",""categoryTypeName"":""Inventory""}",2026-08-21 18:25:32.021999+00,2026-08-28 07:30:20.376907+00
208,1,1631,GULA KELAPA PALMARIE 1300GR,RMBV-00032,,RAW MATERIAL,BEVERAGE,Inventory,true,,"{""bomName"":null,""productID"":1631,""flagActive"":true,""productCode"":""RMBV-00032"",""productName"":""GULA KELAPA PALMARIE 1300GR"",""categoryName"":""RAW MATERIAL"",""subCategoryName"":""BEVERAGE"",""categoryTypeName"":""Inventory""}",2026-08-21 18:25:32.021999+00,2026-08-28 07:30:20.376907+00
209,1,1630,GULA MERAH PALMARIE 1300GR,RMBV-00033,,RAW MATERIAL,BEVERAGE,Inventory,true,,"{""bomName"":null,""productID"":1630,""flagActive"":true,""productCode"":""RMBV-00033"",""productName"":""GULA MERAH PALMARIE 1300GR"",""categoryName"":""RAW MATERIAL"",""subCategoryName"":""BEVERAGE"",""categoryTypeName"":""Inventory""}",2026-08-21 18:25:32.021999+00,2026-08-28 07:30:20.376907+00
210,1,1268,GULA PASIR 1000GR,RMKC-00007,,RAW MATERIAL FOOD,KITCHEN,Inventory,true,,"{""bomName"":null,""productID"":1268,""flagActive"":true,""productCode"":""RMKC-00007"",""productName"":""GULA PASIR 1000GR"",""categoryName"":""RAW MATERIAL FOOD"",""subCategoryName"":""KITCHEN"",""categoryTypeName"":""Inventory""}",2026-08-21 18:25:32.021999+00,2026-08-28 07:30:20.376907+00
211,1,1269,GULANAS SIMPLE SYRUP 1000ML,RMSY-00001,,RAW MATERIAL,SYRUP,Inventory,true,,"{""bomName"":null,""productID"":1269,""flagActive"":true,""productCode"":""RMSY-00001"",""productName"":""GULANAS SIMPLE SYRUP 1000ML"",""categoryName"":""RAW MATERIAL"",""subCategoryName"":""SYRUP"",""categoryTypeName"":""Inventory""}",2026-08-21 18:25:32.021999+00,2026-08-28 07:30:20.376907+00
212,1,1270,GULARE AREN 1300GR,RMBV-00011,,RAW MATERIAL,BEVERAGE,Inventory,true,,"{""bomName"":null,""productID"":1270,""flagActive"":true,""productCode"":""RMBV-00011"",""productName"":""GULARE AREN 1300GR"",""categoryName"":""RAW MATERIAL"",""subCategoryName"":""BEVERAGE"",""categoryTypeName"":""Inventory""}",2026-08-21 18:25:32.021999+00,2026-08-28 07:30:20.376907+00
213,1,1694,HAIRNET,CKDM-00001,,General,UTENSIL,Non Inventory,true,,"{""bomName"":null,""productID"":1694,""flagActive"":true,""productCode"":""CKDM-00001"",""productName"":""HAIRNET"",""categoryName"":""General"",""subCategoryName"":""UTENSIL"",""categoryTypeName"":""Non Inventory""}",2026-08-21 18:25:32.021999+00,2026-08-28 07:30:20.376907+00
214,1,1623,HAMPERS CUSTOM ISI 3 CAN,INSU_00050,,KITCHEN & SUPPLIES (NEW),ADDITIONAL PACKAGING,Inventory,true,,"{""bomName"":null,""productID"":1623,""flagActive"":true,""productCode"":""INSU_00050"",""productName"":""HAMPERS CUSTOM ISI 3 CAN"",""categoryName"":""KITCHEN & SUPPLIES (NEW)"",""subCategoryName"":""ADDITIONAL PACKAGING"",""categoryTypeName"":""Inventory""}",2026-08-21 18:25:32.021999+00,2026-08-28 07:30:20.376907+00
215,1,1271,HAMPERS KALENG,PCAP-00004,,PACKAGING,ADDITIONAL PACKAGING,Inventory,true,,"{""bomName"":null,""productID"":1271,""flagActive"":true,""productCode"":""PCAP-00004"",""productName"":""HAMPERS KALENG"",""categoryName"":""PACKAGING"",""subCategoryName"":""ADDITIONAL PACKAGING"",""categoryTypeName"":""Inventory""}",2026-08-21 18:25:32.021999+00,2026-08-28 07:30:20.376907+00
216,1,1563,HAMPERS KALENG (NEW),INSU-00009,,KITCHEN & SUPPLIES (NEW),ADDITIONAL PACKAGING,Inventory,false,,"{""bomName"":null,""productID"":1563,""flagActive"":false,""productCode"":""INSU-00009"",""productName"":""HAMPERS KALENG (NEW)"",""categoryName"":""KITCHEN & SUPPLIES (NEW)"",""subCategoryName"":""ADDITIONAL PACKAGING"",""categoryTypeName"":""Inventory""}",2026-08-21 18:25:32.021999+00,2026-08-28 07:30:20.376907+00
217,1,1272,HAND GLOVES,KSUT-00006,,KITCHENWARE & SUPPLIES,UTENSIL,Non Inventory,false,,"{""bomName"":null,""productID"":1272,""flagActive"":false,""productCode"":""KSUT-00006"",""productName"":""HAND GLOVES"",""categoryName"":""KITCHENWARE & SUPPLIES"",""subCategoryName"":""UTENSIL"",""categoryTypeName"":""Non Inventory""}",2026-08-21 18:25:32.021999+00,2026-08-28 07:30:20.376907+00
218,1,1564,HAND GLOVES (NEW),INSU-00010,,KITCHEN & SUPPLIES (NEW),ADDITIONAL PACKAGING,Inventory,true,,"{""bomName"":null,""productID"":1564,""flagActive"":true,""productCode"":""INSU-00010"",""productName"":""HAND GLOVES (NEW)"",""categoryName"":""KITCHEN & SUPPLIES (NEW)"",""subCategoryName"":""ADDITIONAL PACKAGING"",""categoryTypeName"":""Inventory""}",2026-08-21 18:25:32.021999+00,2026-08-28 07:30:20.376907+00
219,1,1664,HANDLE KRAN,TLLS-00030,,TOOLS,TOOLS,Asset,true,,"{""bomName"":null,""productID"":1664,""flagActive"":true,""productCode"":""TLLS-00030"",""productName"":""HANDLE KRAN"",""categoryName"":""TOOLS"",""subCategoryName"":""TOOLS"",""categoryTypeName"":""Asset""}",2026-08-21 18:25:32.021999+00,2026-08-28 07:30:20.376907+00
220,1,1658,HANDLE SEAT,TLLS-00017,,TOOLS,TOOLS,Asset,true,,"{""bomName"":null,""productID"":1658,""flagActive"":true,""productCode"":""TLLS-00017"",""productName"":""HANDLE SEAT"",""categoryName"":""TOOLS"",""subCategoryName"":""TOOLS"",""categoryTypeName"":""Asset""}",2026-08-21 18:25:32.021999+00,2026-08-28 07:30:20.376907+00
221,1,1609,HANG TAG CUSTOM,INSU-00041,,KITCHEN & SUPPLIES (NEW),ADDITIONAL PACKAGING,Inventory,true,,"{""bomName"":null,""productID"":1609,""flagActive"":true,""productCode"":""INSU-00041"",""productName"":""HANG TAG CUSTOM"",""categoryName"":""KITCHEN & SUPPLIES (NEW)"",""subCategoryName"":""ADDITIONAL PACKAGING"",""categoryTypeName"":""Inventory""}",2026-08-21 18:25:32.021999+00,2026-08-28 07:30:20.376907+00
222,1,1273,ICE CREAM VANILLA 8000ML,RMFR-00012,,RAW MATERIAL,FRESH,Inventory,false,,"{""bomName"":null,""productID"":1273,""flagActive"":false,""productCode"":""RMFR-00012"",""productName"":""ICE CREAM VANILLA 8000ML"",""categoryName"":""RAW MATERIAL"",""subCategoryName"":""FRESH"",""categoryTypeName"":""Inventory""}",2026-08-21 18:25:32.021999+00,2026-08-28 07:30:20.376907+00
223,1,1522,ICE CREAM VANILLA NEW,RMFR-00064,,RAW MATERIAL,FRESH,Inventory,true,,"{""bomName"":null,""productID"":1522,""flagActive"":true,""productCode"":""RMFR-00064"",""productName"":""ICE CREAM VANILLA NEW"",""categoryName"":""RAW MATERIAL"",""subCategoryName"":""FRESH"",""categoryTypeName"":""Inventory""}",2026-08-21 18:25:32.021999+00,2026-08-28 07:30:20.376907+00
224,1,1274,ICE HOT CONCENTRATE 1000ML,RMFR-00013,,RAW MATERIAL,FRESH,Inventory,true,,"{""bomName"":null,""productID"":1274,""flagActive"":true,""productCode"":""RMFR-00013"",""productName"":""ICE HOT CONCENTRATE 1000ML"",""categoryName"":""RAW MATERIAL"",""subCategoryName"":""FRESH"",""categoryTypeName"":""Inventory""}",2026-08-21 18:25:32.021999+00,2026-08-28 07:30:20.376907+00
225,1,1275,ICE HOT CREAMER 500ML,RMFR-00014,,RAW MATERIAL,FRESH,Inventory,true,,"{""bomName"":null,""productID"":1275,""flagActive"":true,""productCode"":""RMFR-00014"",""productName"":""ICE HOT CREAMER 500ML"",""categoryName"":""RAW MATERIAL"",""subCategoryName"":""FRESH"",""categoryTypeName"":""Inventory""}",2026-08-21 18:25:32.021999+00,2026-08-28 07:30:20.376907+00
226,1,1276,ICED CHOCOLATE - COTR (230ml),MILK-00009,,Finished Good,MILK SERIES,Inventory,true,,"{""bomName"":null,""productID"":1276,""flagActive"":true,""productCode"":""MILK-00009"",""productName"":""ICED CHOCOLATE - COTR (230ml)"",""categoryName"":""Finished Good"",""subCategoryName"":""MILK SERIES"",""categoryTypeName"":""Inventory""}",2026-08-21 18:25:32.021999+00,2026-08-28 07:30:20.376907+00
227,1,1654,IMIN,TLLS-00016,,TOOLS,TOOLS,Asset,true,,"{""bomName"":null,""productID"":1654,""flagActive"":true,""productCode"":""TLLS-00016"",""productName"":""IMIN"",""categoryName"":""TOOLS"",""subCategoryName"":""TOOLS"",""categoryTypeName"":""Asset""}",2026-08-21 18:25:32.021999+00,2026-08-28 07:30:20.376907+00
228,1,1598,JAHE,RMKC-00048,,RAW MATERIAL FOOD,KITCHEN,Inventory,true,,"{""bomName"":null,""productID"":1598,""flagActive"":true,""productCode"":""RMKC-00048"",""productName"":""JAHE"",""categoryName"":""RAW MATERIAL FOOD"",""subCategoryName"":""KITCHEN"",""categoryTypeName"":""Inventory""}",2026-08-21 18:25:32.021999+00,2026-08-28 07:30:20.376907+00
229,1,1279,JAM NUTELLA 1000GR,RMBV-00012,,RAW MATERIAL,BEVERAGE,Inventory,true,,"{""bomName"":null,""productID"":1279,""flagActive"":true,""productCode"":""RMBV-00012"",""productName"":""JAM NUTELLA 1000GR"",""categoryName"":""RAW MATERIAL"",""subCategoryName"":""BEVERAGE"",""categoryTypeName"":""Inventory""}",2026-08-21 18:25:32.021999+00,2026-08-28 07:30:20.376907+00
230,1,1280,JAMUR CHAMPIGNON,RMVG-00008,,RAW MATERIAL,VEGETABLE,Inventory,true,,"{""bomName"":null,""productID"":1280,""flagActive"":true,""productCode"":""RMVG-00008"",""productName"":""JAMUR CHAMPIGNON"",""categoryName"":""RAW MATERIAL"",""subCategoryName"":""VEGETABLE"",""categoryTypeName"":""Inventory""}",2026-08-21 18:25:32.021999+00,2026-08-28 07:30:20.376907+00
231,1,1281,JUICE APPLE 946ML,RMJC-00005,,RAW MATERIAL,JUICE,Inventory,true,,"{""bomName"":null,""productID"":1281,""flagActive"":true,""productCode"":""RMJC-00005"",""productName"":""JUICE APPLE 946ML"",""categoryName"":""RAW MATERIAL"",""subCategoryName"":""JUICE"",""categoryTypeName"":""Inventory""}",2026-08-21 18:25:32.021999+00,2026-08-28 07:30:20.376907+00
232,1,1282,JUICE BLUEBERRY 946ML,RMJC-00002,,RAW MATERIAL,JUICE,Inventory,true,,"{""bomName"":null,""productID"":1282,""flagActive"":true,""productCode"":""RMJC-00002"",""productName"":""JUICE BLUEBERRY 946ML"",""categoryName"":""RAW MATERIAL"",""subCategoryName"":""JUICE"",""categoryTypeName"":""Inventory""}",2026-08-21 18:25:32.021999+00,2026-08-28 07:30:20.376907+00
233,1,1283,JUICE CRANBERRY 946ML,RMJC-00006,,RAW MATERIAL,JUICE,Inventory,true,,"{""bomName"":null,""productID"":1283,""flagActive"":true,""productCode"":""RMJC-00006"",""productName"":""JUICE CRANBERRY 946ML"",""categoryName"":""RAW MATERIAL"",""subCategoryName"":""JUICE"",""categoryTypeName"":""Inventory""}",2026-08-21 18:25:32.021999+00,2026-08-28 07:30:20.376907+00
234,1,1284,JUICE GUAVA 946ML,RMJC-00001,,RAW MATERIAL,JUICE,Inventory,true,,"{""bomName"":null,""productID"":1284,""flagActive"":true,""productCode"":""RMJC-00001"",""productName"":""JUICE GUAVA 946ML"",""categoryName"":""RAW MATERIAL"",""subCategoryName"":""JUICE"",""categoryTypeName"":""Inventory""}",2026-08-21 18:25:32.021999+00,2026-08-28 07:30:20.376907+00
235,1,1285,JUICE MANGO 946ML,RMJC-00007,,RAW MATERIAL,JUICE,Inventory,true,,"{""bomName"":null,""productID"":1285,""flagActive"":true,""productCode"":""RMJC-00007"",""productName"":""JUICE MANGO 946ML"",""categoryName"":""RAW MATERIAL"",""subCategoryName"":""JUICE"",""categoryTypeName"":""Inventory""}",2026-08-21 18:25:32.021999+00,2026-08-28 07:30:20.376907+00
236,1,1286,JUICE MIX FRUIT 946ML,RMJC-00003,,RAW MATERIAL,JUICE,Inventory,true,,"{""bomName"":null,""productID"":1286,""flagActive"":true,""productCode"":""RMJC-00003"",""productName"":""JUICE MIX FRUIT 946ML"",""categoryName"":""RAW MATERIAL"",""subCategoryName"":""JUICE"",""categoryTypeName"":""Inventory""}",2026-08-21 18:25:32.021999+00,2026-08-28 07:30:20.376907+00
237,1,1287,JUICE ORANGE 946ML,RMJC-00004,,RAW MATERIAL,JUICE,Inventory,true,,"{""bomName"":null,""productID"":1287,""flagActive"":true,""productCode"":""RMJC-00004"",""productName"":""JUICE ORANGE 946ML"",""categoryName"":""RAW MATERIAL"",""subCategoryName"":""JUICE"",""categoryTypeName"":""Inventory""}",2026-08-21 18:25:32.021999+00,2026-08-28 07:30:20.376907+00
238,1,1590,JUICE SANQUICK ORANGE,RMJC-00008,,RAW MATERIAL,JUICE,Inventory,true,,"{""bomName"":null,""productID"":1590,""flagActive"":true,""productCode"":""RMJC-00008"",""productName"":""JUICE SANQUICK ORANGE"",""categoryName"":""RAW MATERIAL"",""subCategoryName"":""JUICE"",""categoryTypeName"":""Inventory""}",2026-08-21 18:25:32.021999+00,2026-08-28 07:30:20.376907+00
239,1,1288,JURUS 1000GR,RMDG-00004,,RAW MATERIAL,DRY GOODS,Inventory,true,,"{""bomName"":null,""productID"":1288,""flagActive"":true,""productCode"":""RMDG-00004"",""productName"":""JURUS 1000GR"",""categoryName"":""RAW MATERIAL"",""subCategoryName"":""DRY GOODS"",""categoryTypeName"":""Inventory""}",2026-08-21 18:25:32.021999+00,2026-08-28 07:30:20.376907+00
240,1,1289,KALENG 250ML,PCPB-00007,,PACKAGING,PACKAGING BAR,Inventory,true,,"{""bomName"":null,""productID"":1289,""flagActive"":true,""productCode"":""PCPB-00007"",""productName"":""KALENG 250ML"",""categoryName"":""PACKAGING"",""subCategoryName"":""PACKAGING BAR"",""categoryTypeName"":""Inventory""}",2026-08-21 18:25:32.021999+00,2026-08-28 07:30:20.376907+00
241,1,1290,KALENG 330ML,PCPB-00008,,PACKAGING,PACKAGING BAR,Inventory,true,,"{""bomName"":null,""productID"":1290,""flagActive"":true,""productCode"":""PCPB-00008"",""productName"":""KALENG 330ML"",""categoryName"":""PACKAGING"",""subCategoryName"":""PACKAGING BAR"",""categoryTypeName"":""Inventory""}",2026-08-21 18:25:32.021999+00,2026-08-28 07:30:20.376907+00
242,1,1684,KAOS CCI BIRU - SIZE L,MERCH012,,MERCHANDISE,APPAREL & ACCESSORIES,Inventory,true,,"{""bomName"":null,""productID"":1684,""flagActive"":true,""productCode"":""MERCH012"",""productName"":""KAOS CCI BIRU - SIZE L"",""categoryName"":""MERCHANDISE"",""subCategoryName"":""APPAREL & ACCESSORIES"",""categoryTypeName"":""Inventory""}",2026-08-21 18:25:32.021999+00,2026-08-28 07:30:20.376907+00
243,1,1683,KAOS CCI BIRU - SIZE M,MERCH011,,MERCHANDISE,APPAREL & ACCESSORIES,Inventory,true,,"{""bomName"":null,""productID"":1683,""flagActive"":true,""productCode"":""MERCH011"",""productName"":""KAOS CCI BIRU - SIZE M"",""categoryName"":""MERCHANDISE"",""subCategoryName"":""APPAREL & ACCESSORIES"",""categoryTypeName"":""Inventory""}",2026-08-21 18:25:32.021999+00,2026-08-28 07:30:20.376907+00
244,1,1682,KAOS CCI BIRU - SIZE S,MERCH010,,MERCHANDISE,APPAREL & ACCESSORIES,Inventory,true,,"{""bomName"":null,""productID"":1682,""flagActive"":true,""productCode"":""MERCH010"",""productName"":""KAOS CCI BIRU - SIZE S"",""categoryName"":""MERCHANDISE"",""subCategoryName"":""APPAREL & ACCESSORIES"",""categoryTypeName"":""Inventory""}",2026-08-21 18:25:32.021999+00,2026-08-28 07:30:20.376907+00
245,1,1685,KAOS CCI BIRU - SIZE XL,MERCH013,,MERCHANDISE,APPAREL & ACCESSORIES,Inventory,true,,"{""bomName"":null,""productID"":1685,""flagActive"":true,""productCode"":""MERCH013"",""productName"":""KAOS CCI BIRU - SIZE XL"",""categoryName"":""MERCHANDISE"",""subCategoryName"":""APPAREL & ACCESSORIES"",""categoryTypeName"":""Inventory""}",2026-08-21 18:25:32.021999+00,2026-08-28 07:30:20.376907+00
246,1,1686,KAOS CCI BIRU - SIZE XXL,MERCH014,,MERCHANDISE,APPAREL & ACCESSORIES,Inventory,true,,"{""bomName"":null,""productID"":1686,""flagActive"":true,""productCode"":""MERCH014"",""productName"":""KAOS CCI BIRU - SIZE XXL"",""categoryName"":""MERCHANDISE"",""subCategoryName"":""APPAREL & ACCESSORIES"",""categoryTypeName"":""Inventory""}",2026-08-21 18:25:32.021999+00,2026-08-28 07:30:20.376907+00
247,1,1687,KAOS CCI BIRU - SIZE XXXL,MERCH015,,MERCHANDISE,APPAREL & ACCESSORIES,Inventory,true,,"{""bomName"":null,""productID"":1687,""flagActive"":true,""productCode"":""MERCH015"",""productName"":""KAOS CCI BIRU - SIZE XXXL"",""categoryName"":""MERCHANDISE"",""subCategoryName"":""APPAREL & ACCESSORIES"",""categoryTypeName"":""Inventory""}",2026-08-21 18:25:32.021999+00,2026-08-28 07:30:20.376907+00
248,1,1678,KAOS CCI PUTIH - SIZE L,MERCH006,,MERCHANDISE,APPAREL & ACCESSORIES,Inventory,true,,"{""bomName"":null,""productID"":1678,""flagActive"":true,""productCode"":""MERCH006"",""productName"":""KAOS CCI PUTIH - SIZE L"",""categoryName"":""MERCHANDISE"",""subCategoryName"":""APPAREL & ACCESSORIES"",""categoryTypeName"":""Inventory""}",2026-08-21 18:25:32.021999+00,2026-08-28 07:30:20.376907+00
249,1,1677,KAOS CCI PUTIH - SIZE M,MERCH005,,MERCHANDISE,APPAREL & ACCESSORIES,Inventory,true,,"{""bomName"":null,""productID"":1677,""flagActive"":true,""productCode"":""MERCH005"",""productName"":""KAOS CCI PUTIH - SIZE M"",""categoryName"":""MERCHANDISE"",""subCategoryName"":""APPAREL & ACCESSORIES"",""categoryTypeName"":""Inventory""}",2026-08-21 18:25:32.021999+00,2026-08-28 07:30:20.376907+00
250,1,1676,KAOS CCI PUTIH - SIZE S,MERCH004,,MERCHANDISE,APPAREL & ACCESSORIES,Inventory,true,,"{""bomName"":null,""productID"":1676,""flagActive"":true,""productCode"":""MERCH004"",""productName"":""KAOS CCI PUTIH - SIZE S"",""categoryName"":""MERCHANDISE"",""subCategoryName"":""APPAREL & ACCESSORIES"",""categoryTypeName"":""Inventory""}",2026-08-21 18:25:32.021999+00,2026-08-28 07:30:20.376907+00
251,1,1679,KAOS CCI PUTIH - SIZE XL,MERCH007,,MERCHANDISE,APPAREL & ACCESSORIES,Inventory,true,,"{""bomName"":null,""productID"":1679,""flagActive"":true,""productCode"":""MERCH007"",""productName"":""KAOS CCI PUTIH - SIZE XL"",""categoryName"":""MERCHANDISE"",""subCategoryName"":""APPAREL & ACCESSORIES"",""categoryTypeName"":""Inventory""}",2026-08-21 18:25:32.021999+00,2026-08-28 07:30:20.376907+00
252,1,1680,KAOS CCI PUTIH - SIZE XXL,MERCH008,,MERCHANDISE,APPAREL & ACCESSORIES,Inventory,true,,"{""bomName"":null,""productID"":1680,""flagActive"":true,""productCode"":""MERCH008"",""productName"":""KAOS CCI PUTIH - SIZE XXL"",""categoryName"":""MERCHANDISE"",""subCategoryName"":""APPAREL & ACCESSORIES"",""categoryTypeName"":""Inventory""}",2026-08-21 18:25:32.021999+00,2026-08-28 07:30:20.376907+00
253,1,1681,KAOS CCI PUTIH - SIZE XXXL,MERCH009,,MERCHANDISE,APPAREL & ACCESSORIES,Inventory,true,,"{""bomName"":null,""productID"":1681,""flagActive"":true,""productCode"":""MERCH009"",""productName"":""KAOS CCI PUTIH - SIZE XXXL"",""categoryName"":""MERCHANDISE"",""subCategoryName"":""APPAREL & ACCESSORIES"",""categoryTypeName"":""Inventory""}",2026-08-21 18:25:32.021999+00,2026-08-28 07:30:20.376907+00
254,1,1690,KAOS CREATE DONT WAIT PUTIH - SIZE L,MERCH018,,MERCHANDISE,APPAREL & ACCESSORIES,Inventory,true,,"{""bomName"":null,""productID"":1690,""flagActive"":true,""productCode"":""MERCH018"",""productName"":""KAOS CREATE DONT WAIT PUTIH - SIZE L"",""categoryName"":""MERCHANDISE"",""subCategoryName"":""APPAREL & ACCESSORIES"",""categoryTypeName"":""Inventory""}",2026-08-21 18:25:32.021999+00,2026-08-28 07:30:20.376907+00
255,1,1689,KAOS CREATE DONT WAIT PUTIH - SIZE M,MERCH017,,MERCHANDISE,APPAREL & ACCESSORIES,Inventory,true,,"{""bomName"":null,""productID"":1689,""flagActive"":true,""productCode"":""MERCH017"",""productName"":""KAOS CREATE DONT WAIT PUTIH - SIZE M"",""categoryName"":""MERCHANDISE"",""subCategoryName"":""APPAREL & ACCESSORIES"",""categoryTypeName"":""Inventory""}",2026-08-21 18:25:32.021999+00,2026-08-28 07:30:20.376907+00
256,1,1688,KAOS CREATE DONT WAIT PUTIH - SIZE S,MERCH016,,MERCHANDISE,APPAREL & ACCESSORIES,Inventory,true,,"{""bomName"":null,""productID"":1688,""flagActive"":true,""productCode"":""MERCH016"",""productName"":""KAOS CREATE DONT WAIT PUTIH - SIZE S"",""categoryName"":""MERCHANDISE"",""subCategoryName"":""APPAREL & ACCESSORIES"",""categoryTypeName"":""Inventory""}",2026-08-21 18:25:32.021999+00,2026-08-28 07:30:20.376907+00
257,1,1691,KAOS CREATE DONT WAIT PUTIH - SIZE XL,MERCH019,,MERCHANDISE,APPAREL & ACCESSORIES,Inventory,true,,"{""bomName"":null,""productID"":1691,""flagActive"":true,""productCode"":""MERCH019"",""productName"":""KAOS CREATE DONT WAIT PUTIH - SIZE XL"",""categoryName"":""MERCHANDISE"",""subCategoryName"":""APPAREL & ACCESSORIES"",""categoryTypeName"":""Inventory""}",2026-08-21 18:25:32.021999+00,2026-08-28 07:30:20.376907+00
258,1,1692,KAOS CREATE DONT WAIT PUTIH - SIZE XXL,MERCH020,,MERCHANDISE,APPAREL & ACCESSORIES,Inventory,true,,"{""bomName"":null,""productID"":1692,""flagActive"":true,""productCode"":""MERCH020"",""productName"":""KAOS CREATE DONT WAIT PUTIH - SIZE XXL"",""categoryName"":""MERCHANDISE"",""subCategoryName"":""APPAREL & ACCESSORIES"",""categoryTypeName"":""Inventory""}",2026-08-21 18:25:32.021999+00,2026-08-28 07:30:20.376907+00
259,1,1693,KAOS CREATE DONT WAIT PUTIH - SIZE XXXL,MERCH021,,MERCHANDISE,APPAREL & ACCESSORIES,Inventory,true,,"{""bomName"":null,""productID"":1693,""flagActive"":true,""productCode"":""MERCH021"",""productName"":""KAOS CREATE DONT WAIT PUTIH - SIZE XXXL"",""categoryName"":""MERCHANDISE"",""subCategoryName"":""APPAREL & ACCESSORIES"",""categoryTypeName"":""Inventory""}",2026-08-21 18:25:32.021999+00,2026-08-28 07:30:20.376907+00
260,1,1291,KARDUS 24X32X17,KSUT-00025,,General,UTENSIL,Non Inventory,true,,"{""bomName"":null,""productID"":1291,""flagActive"":true,""productCode"":""KSUT-00025"",""productName"":""KARDUS 24X32X17"",""categoryName"":""General"",""subCategoryName"":""UTENSIL"",""categoryTypeName"":""Non Inventory""}",2026-08-21 18:25:32.021999+00,2026-08-28 07:30:20.376907+00
261,1,1292,KARDUS 29X32X20,KSUT-00024,,General,UTENSIL,Non Inventory,true,,"{""bomName"":null,""productID"":1292,""flagActive"":true,""productCode"":""KSUT-00024"",""productName"":""KARDUS 29X32X20"",""categoryName"":""General"",""subCategoryName"":""UTENSIL"",""categoryTypeName"":""Non Inventory""}",2026-08-21 18:25:32.021999+00,2026-08-28 07:30:20.376907+00
262,1,1293,KARDUS 30X15X15,KSUT-00026,,General,UTENSIL,Non Inventory,true,,"{""bomName"":null,""productID"":1293,""flagActive"":true,""productCode"":""KSUT-00026"",""productName"":""KARDUS 30X15X15"",""categoryName"":""General"",""subCategoryName"":""UTENSIL"",""categoryTypeName"":""Non Inventory""}",2026-08-21 18:25:32.021999+00,2026-08-28 07:30:20.376907+00
263,1,1294,KARDUS 32X30X26,KSUT-00023,,General,UTENSIL,Non Inventory,true,,"{""bomName"":null,""productID"":1294,""flagActive"":true,""productCode"":""KSUT-00023"",""productName"":""KARDUS 32X30X26"",""categoryName"":""General"",""subCategoryName"":""UTENSIL"",""categoryTypeName"":""Non Inventory""}",2026-08-21 18:25:32.021999+00,2026-08-28 07:30:20.376907+00
264,1,1295,KARDUS UK. 20x15x15,KSUT-00007,,General,UTENSIL,Non Inventory,true,,"{""bomName"":null,""productID"":1295,""flagActive"":true,""productCode"":""KSUT-00007"",""productName"":""KARDUS UK. 20x15x15"",""categoryName"":""General"",""subCategoryName"":""UTENSIL"",""categoryTypeName"":""Non Inventory""}",2026-08-21 18:25:32.021999+00,2026-08-28 07:30:20.376907+00
265,1,1296,KARDUS UK. 20x20x20,KSUT-00009,,General,UTENSIL,Non Inventory,true,,"{""bomName"":null,""productID"":1296,""flagActive"":true,""productCode"":""KSUT-00009"",""productName"":""KARDUS UK. 20x20x20"",""categoryName"":""General"",""subCategoryName"":""UTENSIL"",""categoryTypeName"":""Non Inventory""}",2026-08-21 18:25:32.021999+00,2026-08-28 07:30:20.376907+00
266,1,1297,KARDUS UK. 50x50x50,KSUT-00010,,General,UTENSIL,Non Inventory,true,,"{""bomName"":null,""productID"":1297,""flagActive"":true,""productCode"":""KSUT-00010"",""productName"":""KARDUS UK. 50x50x50"",""categoryName"":""General"",""subCategoryName"":""UTENSIL"",""categoryTypeName"":""Non Inventory""}",2026-08-21 18:25:32.021999+00,2026-08-28 07:30:20.376907+00
267,1,1298,KARDUS UK. 60x40x40,KSUT-00011,,KITCHENWARE & SUPPLIES,UTENSIL,Non Inventory,true,,"{""bomName"":null,""productID"":1298,""flagActive"":true,""productCode"":""KSUT-00011"",""productName"":""KARDUS UK. 60x40x40"",""categoryName"":""KITCHENWARE & SUPPLIES"",""subCategoryName"":""UTENSIL"",""categoryTypeName"":""Non Inventory""}",2026-08-21 18:25:32.021999+00,2026-08-28 07:30:20.376907+00
268,1,1299,KECAP BANGO 6200GR,RMKC-00008,,RAW MATERIAL FOOD,KITCHEN,Inventory,true,,"{""bomName"":null,""productID"":1299,""flagActive"":true,""productCode"":""RMKC-00008"",""productName"":""KECAP BANGO 6200GR"",""categoryName"":""RAW MATERIAL FOOD"",""subCategoryName"":""KITCHEN"",""categoryTypeName"":""Inventory""}",2026-08-21 18:25:32.021999+00,2026-08-28 07:30:20.376907+00
269,1,1596,KECAP INGGRIS,RMKC-00046,,RAW MATERIAL FOOD,KITCHEN,Inventory,true,,"{""bomName"":null,""productID"":1596,""flagActive"":true,""productCode"":""RMKC-00046"",""productName"":""KECAP INGGRIS"",""categoryName"":""RAW MATERIAL FOOD"",""subCategoryName"":""KITCHEN"",""categoryTypeName"":""Inventory""}",2026-08-21 18:25:32.021999+00,2026-08-28 07:30:20.376907+00
270,1,1300,KEJU CHEDDAR 2000GR,RMKC-00009,,RAW MATERIAL FOOD,KITCHEN,Inventory,true,,"{""bomName"":null,""productID"":1300,""flagActive"":true,""productCode"":""RMKC-00009"",""productName"":""KEJU CHEDDAR 2000GR"",""categoryName"":""RAW MATERIAL FOOD"",""subCategoryName"":""KITCHEN"",""categoryTypeName"":""Inventory""}",2026-08-21 18:25:32.021999+00,2026-08-28 07:30:20.376907+00
271,1,1606,KEJU SPREAD,RMKC-00056,,RAW MATERIAL FOOD,KITCHEN,Inventory,true,,"{""bomName"":null,""productID"":1606,""flagActive"":true,""productCode"":""RMKC-00056"",""productName"":""KEJU SPREAD"",""categoryName"":""RAW MATERIAL FOOD"",""subCategoryName"":""KITCHEN"",""categoryTypeName"":""Inventory""}",2026-08-21 18:25:32.021999+00,2026-08-28 07:30:20.376907+00
272,1,1301,KERTAS STRUK 58X30MM,KSPS-00001,,KITCHENWARE & SUPPLIES,PRINTING & STICKER,Non Inventory,false,,"{""bomName"":null,""productID"":1301,""flagActive"":false,""productCode"":""KSPS-00001"",""productName"":""KERTAS STRUK 58X30MM"",""categoryName"":""KITCHENWARE & SUPPLIES"",""subCategoryName"":""PRINTING & STICKER"",""categoryTypeName"":""Non Inventory""}",2026-08-21 18:25:32.021999+00,2026-08-28 07:30:20.376907+00
273,1,1553,KERTAS STRUK 58X30MM (NEW),INSU-00001,,KITCHEN & SUPPLIES (NEW),ADDITIONAL PACKAGING,Inventory,true,,"{""bomName"":null,""productID"":1553,""flagActive"":true,""productCode"":""INSU-00001"",""productName"":""KERTAS STRUK 58X30MM (NEW)"",""categoryName"":""KITCHEN & SUPPLIES (NEW)"",""subCategoryName"":""ADDITIONAL PACKAGING"",""categoryTypeName"":""Inventory""}",2026-08-21 18:25:32.021999+00,2026-08-28 07:30:20.376907+00
274,1,1302,KERTAS STRUK 80X80MM,KSPS-00002,,KITCHENWARE & SUPPLIES,PRINTING & STICKER,Non Inventory,false,,"{""bomName"":null,""productID"":1302,""flagActive"":false,""productCode"":""KSPS-00002"",""productName"":""KERTAS STRUK 80X80MM"",""categoryName"":""KITCHENWARE & SUPPLIES"",""subCategoryName"":""PRINTING & STICKER"",""categoryTypeName"":""Non Inventory""}",2026-08-21 18:25:32.021999+00,2026-08-28 07:30:20.376907+00
275,1,1554,KERTAS STRUK 80X80MM (NEW),INSU-00002,,KITCHEN & SUPPLIES (NEW),ADDITIONAL PACKAGING,Inventory,true,,"{""bomName"":null,""productID"":1554,""flagActive"":true,""productCode"":""INSU-00002"",""productName"":""KERTAS STRUK 80X80MM (NEW)"",""categoryName"":""KITCHEN & SUPPLIES (NEW)"",""subCategoryName"":""ADDITIONAL PACKAGING"",""categoryTypeName"":""Inventory""}",2026-08-21 18:25:32.021999+00,2026-08-28 07:30:20.376907+00
276,1,1303,KERTAS STRUK THERMAL ON 78X100 ONLINE,KSPS-00008,,General,PRINTING & STICKER,Non Inventory,true,,"{""bomName"":null,""productID"":1303,""flagActive"":true,""productCode"":""KSPS-00008"",""productName"":""KERTAS STRUK THERMAL ON 78X100 ONLINE"",""categoryName"":""General"",""subCategoryName"":""PRINTING & STICKER"",""categoryTypeName"":""Non Inventory""}",2026-08-21 18:25:32.021999+00,2026-08-28 07:30:20.376907+00
277,1,1304,KERTAS STRUK THERMAL PAPER 20x30,KSPS-00007,,General,PRINTING & STICKER,Non Inventory,true,,"{""bomName"":null,""productID"":1304,""flagActive"":true,""productCode"":""KSPS-00007"",""productName"":""KERTAS STRUK THERMAL PAPER 20x30"",""categoryName"":""General"",""subCategoryName"":""PRINTING & STICKER"",""categoryTypeName"":""Non Inventory""}",2026-08-21 18:25:32.021999+00,2026-08-28 07:30:20.376907+00
278,1,1305,KIKKOMAN SHOYU SAUCE 2000ML,RMKC-00010,,RAW MATERIAL FOOD,KITCHEN,Inventory,true,,"{""bomName"":null,""productID"":1305,""flagActive"":true,""productCode"":""RMKC-00010"",""productName"":""KIKKOMAN SHOYU SAUCE 2000ML"",""categoryName"":""RAW MATERIAL FOOD"",""subCategoryName"":""KITCHEN"",""categoryTypeName"":""Inventory""}",2026-08-21 18:25:32.021999+00,2026-08-28 07:30:20.376907+00
279,1,1306,KNORR CHICKEN POWDER 1000GR,RMKC-00011,,RAW MATERIAL FOOD,KITCHEN,Inventory,true,,"{""bomName"":null,""productID"":1306,""flagActive"":true,""productCode"":""RMKC-00011"",""productName"":""KNORR CHICKEN POWDER 1000GR"",""categoryName"":""RAW MATERIAL FOOD"",""subCategoryName"":""KITCHEN"",""categoryTypeName"":""Inventory""}",2026-08-21 18:25:32.021999+00,2026-08-28 07:30:20.376907+00
280,1,1307,KOEPOE - KOEPOE VANILLA PASTE 1000ML,RMKC-00012,,RAW MATERIAL FOOD,KITCHEN,Inventory,true,,"{""bomName"":null,""productID"":1307,""flagActive"":true,""productCode"":""RMKC-00012"",""productName"":""KOEPOE - KOEPOE VANILLA PASTE 1000ML"",""categoryName"":""RAW MATERIAL FOOD"",""subCategoryName"":""KITCHEN"",""categoryTypeName"":""Inventory""}",2026-08-21 18:25:32.021999+00,2026-08-28 07:30:20.376907+00
281,1,1642,Kopi Calf Regular - 1 Liter (BULK/EVENT),BULK-00073,Kopi Calf Regular - 1 Liter (BULK/EVENT),Finished Good,Event/Bulk,Inventory,true,,"{""bomName"":""Kopi Calf Regular - 1 Liter (BULK/EVENT)"",""productID"":1642,""flagActive"":true,""productCode"":""BULK-00073"",""productName"":""Kopi Calf Regular - 1 Liter (BULK/EVENT)"",""categoryName"":""Finished Good"",""subCategoryName"":""Event/Bulk"",""categoryTypeName"":""Inventory""}",2026-08-21 18:25:32.021999+00,2026-08-28 07:30:20.376907+00
282,1,1601,KULIT SPRING ROLL,RMKC-00051,,RAW MATERIAL FOOD,KITCHEN,Inventory,true,,"{""bomName"":null,""productID"":1601,""flagActive"":true,""productCode"":""RMKC-00051"",""productName"":""KULIT SPRING ROLL"",""categoryName"":""RAW MATERIAL FOOD"",""subCategoryName"":""KITCHEN"",""categoryTypeName"":""Inventory""}",2026-08-21 18:25:32.021999+00,2026-08-28 07:30:20.376907+00
283,1,1659,La Marzocco Linea Classic S EE 2 GR - 380V,,,HEAVY TOOLS (MACHINE),ASSET,Asset,true,,"{""bomName"":null,""productID"":1659,""flagActive"":true,""productCode"":"""",""productName"":""La Marzocco Linea Classic S EE 2 GR - 380V"",""categoryName"":""HEAVY TOOLS (MACHINE)"",""subCategoryName"":""ASSET"",""categoryTypeName"":""Asset""}",2026-08-21 18:25:32.021999+00,2026-08-28 07:30:20.376907+00
284,1,1308,LAKBAN BENING BESAR,GNST-00001,,General,STATIONERY,Non Inventory,true,,"{""bomName"":null,""productID"":1308,""flagActive"":true,""productCode"":""GNST-00001"",""productName"":""LAKBAN BENING BESAR"",""categoryName"":""General"",""subCategoryName"":""STATIONERY"",""categoryTypeName"":""Non Inventory""}",2026-08-21 18:25:32.021999+00,2026-08-28 07:30:20.376907+00
285,1,1309,LAKBAN MERAH FRAGILE,GNST-00002,,General,STATIONERY,Non Inventory,true,,"{""bomName"":null,""productID"":1309,""flagActive"":true,""productCode"":""GNST-00002"",""productName"":""LAKBAN MERAH FRAGILE"",""categoryName"":""General"",""subCategoryName"":""STATIONERY"",""categoryTypeName"":""Non Inventory""}",2026-08-21 18:25:32.021999+00,2026-08-28 07:30:20.376907+00
286,1,1310,LAKBAN SHOPEE,GNST-00004,,General,STATIONERY,Non Inventory,true,,"{""bomName"":null,""productID"":1310,""flagActive"":true,""productCode"":""GNST-00004"",""productName"":""LAKBAN SHOPEE"",""categoryName"":""General"",""subCategoryName"":""STATIONERY"",""categoryTypeName"":""Non Inventory""}",2026-08-21 18:25:32.021999+00,2026-08-28 07:30:20.376907+00
287,1,1311,LAKBAN TOKOPEDIA,GNST-00003,,General,STATIONERY,Non Inventory,true,,"{""bomName"":null,""productID"":1311,""flagActive"":true,""productCode"":""GNST-00003"",""productName"":""LAKBAN TOKOPEDIA"",""categoryName"":""General"",""subCategoryName"":""STATIONERY"",""categoryTypeName"":""Non Inventory""}",2026-08-21 18:25:32.021999+00,2026-08-28 07:30:20.376907+00
288,1,1713,LAP MICROFIBER ABU ABU,INSU-00033,,KITCHEN & SUPPLIES (NEW),UTENSIL,Inventory,true,,"{""bomName"":null,""productID"":1713,""flagActive"":true,""productCode"":""INSU-00033"",""productName"":""LAP MICROFIBER ABU ABU"",""categoryName"":""KITCHEN & SUPPLIES (NEW)"",""subCategoryName"":""UTENSIL"",""categoryTypeName"":""Inventory""}",2026-08-21 18:25:32.021999+00,2026-08-28 07:30:20.376907+00
289,1,1714,LAP MICROFIBER BIRU,INSU-00034,,KITCHEN & SUPPLIES (NEW),UTENSIL,Inventory,true,,"{""bomName"":null,""productID"":1714,""flagActive"":true,""productCode"":""INSU-00034"",""productName"":""LAP MICROFIBER BIRU"",""categoryName"":""KITCHEN & SUPPLIES (NEW)"",""subCategoryName"":""UTENSIL"",""categoryTypeName"":""Inventory""}",2026-08-21 18:25:32.021999+00,2026-08-28 07:30:20.376907+00
290,1,1711,LAP MICROFIBER HIJAU,INSU-00031,,KITCHEN & SUPPLIES (NEW),UTENSIL,Inventory,true,,"{""bomName"":null,""productID"":1711,""flagActive"":true,""productCode"":""INSU-00031"",""productName"":""LAP MICROFIBER HIJAU"",""categoryName"":""KITCHEN & SUPPLIES (NEW)"",""subCategoryName"":""UTENSIL"",""categoryTypeName"":""Inventory""}",2026-08-21 18:25:32.021999+00,2026-08-28 07:30:20.376907+00
291,1,1715,LAP MICROFIBER KUNING,INSU-00035,,KITCHEN & SUPPLIES (NEW),UTENSIL,Inventory,true,,"{""bomName"":null,""productID"":1715,""flagActive"":true,""productCode"":""INSU-00035"",""productName"":""LAP MICROFIBER KUNING"",""categoryName"":""KITCHEN & SUPPLIES (NEW)"",""subCategoryName"":""UTENSIL"",""categoryTypeName"":""Inventory""}",2026-08-21 18:25:32.021999+00,2026-08-28 07:30:20.376907+00
292,1,1712,LAP MICROFIBER ORANGE,INSU-00032,,KITCHEN & SUPPLIES (NEW),UTENSIL,Inventory,true,,"{""bomName"":null,""productID"":1712,""flagActive"":true,""productCode"":""INSU-00032"",""productName"":""LAP MICROFIBER ORANGE"",""categoryName"":""KITCHEN & SUPPLIES (NEW)"",""subCategoryName"":""UTENSIL"",""categoryTypeName"":""Inventory""}",2026-08-21 18:25:32.021999+00,2026-08-28 07:30:20.376907+00
293,1,1710,LAP MICROFIBER PINK,INSU-00030,,KITCHEN & SUPPLIES (NEW),UTENSIL,Inventory,true,,"{""bomName"":null,""productID"":1710,""flagActive"":true,""productCode"":""INSU-00030"",""productName"":""LAP MICROFIBER PINK"",""categoryName"":""KITCHEN & SUPPLIES (NEW)"",""subCategoryName"":""UTENSIL"",""categoryTypeName"":""Inventory""}",2026-08-21 18:25:32.021999+00,2026-08-28 07:30:20.376907+00
294,1,1312,LIPTON EARL GREY,RMBV-00021,,RAW MATERIAL,BEVERAGE,Inventory,true,,"{""bomName"":null,""productID"":1312,""flagActive"":true,""productCode"":""RMBV-00021"",""productName"":""LIPTON EARL GREY"",""categoryName"":""RAW MATERIAL"",""subCategoryName"":""BEVERAGE"",""categoryTypeName"":""Inventory""}",2026-08-21 18:25:32.021999+00,2026-08-28 07:30:20.376907+00
295,1,1313,LUNCH BOX L,PCPK-00004,,PACKAGING,PACKAGING KITCHEN,Inventory,true,,"{""bomName"":null,""productID"":1313,""flagActive"":true,""productCode"":""PCPK-00004"",""productName"":""LUNCH BOX L"",""categoryName"":""PACKAGING"",""subCategoryName"":""PACKAGING KITCHEN"",""categoryTypeName"":""Inventory""}",2026-08-21 18:25:32.021999+00,2026-08-28 07:30:20.376907+00
296,1,1314,LUNCH BOX M,PCPK-00005,,PACKAGING,PACKAGING KITCHEN,Inventory,true,,"{""bomName"":null,""productID"":1314,""flagActive"":true,""productCode"":""PCPK-00005"",""productName"":""LUNCH BOX M"",""categoryName"":""PACKAGING"",""subCategoryName"":""PACKAGING KITCHEN"",""categoryTypeName"":""Inventory""}",2026-08-21 18:25:32.021999+00,2026-08-28 07:30:20.376907+00
297,1,1549,LUNCH BOX S,PCPK-00007,,PACKAGING,PACKAGING KITCHEN,Inventory,true,,"{""bomName"":null,""productID"":1549,""flagActive"":true,""productCode"":""PCPK-00007"",""productName"":""LUNCH BOX S"",""categoryName"":""PACKAGING"",""subCategoryName"":""PACKAGING KITCHEN"",""categoryTypeName"":""Inventory""}",2026-08-21 18:25:32.021999+00,2026-08-28 07:30:20.376907+00
298,1,1603,MAYONAISE MILD,RMKC-00053,,RAW MATERIAL FOOD,KITCHEN,Inventory,true,,"{""bomName"":null,""productID"":1603,""flagActive"":true,""productCode"":""RMKC-00053"",""productName"":""MAYONAISE MILD"",""categoryName"":""RAW MATERIAL FOOD"",""subCategoryName"":""KITCHEN"",""categoryTypeName"":""Inventory""}",2026-08-21 18:25:32.021999+00,2026-08-28 07:30:20.376907+00
299,1,1315,MAYONNAISE MAESTRO 1000ML,RMKC-00013,,RAW MATERIAL FOOD,KITCHEN,Inventory,true,,"{""bomName"":null,""productID"":1315,""flagActive"":true,""productCode"":""RMKC-00013"",""productName"":""MAYONNAISE MAESTRO 1000ML"",""categoryName"":""RAW MATERIAL FOOD"",""subCategoryName"":""KITCHEN"",""categoryTypeName"":""Inventory""}",2026-08-21 18:25:32.021999+00,2026-08-28 07:30:20.376907+00
300,1,1634,MESIN CUP SEALER,TLLS-00010,,TOOLS,TOOLS,Asset,true,,"{""bomName"":null,""productID"":1634,""flagActive"":true,""productCode"":""TLLS-00010"",""productName"":""MESIN CUP SEALER"",""categoryName"":""TOOLS"",""subCategoryName"":""TOOLS"",""categoryTypeName"":""Asset""}",2026-08-21 18:25:32.021999+00,2026-08-28 07:30:20.376907+00
301,1,1538,MESIN KALENG,TLLS-00006,,TOOLS,TOOLS,Asset,true,,"{""bomName"":null,""productID"":1538,""flagActive"":true,""productCode"":""TLLS-00006"",""productName"":""MESIN KALENG"",""categoryName"":""TOOLS"",""subCategoryName"":""TOOLS"",""categoryTypeName"":""Asset""}",2026-08-21 18:25:32.021999+00,2026-08-28 07:30:20.376907+00
302,1,1534,MESIN PRINTER,TLLS-00001,,TOOLS,TOOLS,Asset,true,,"{""bomName"":null,""productID"":1534,""flagActive"":true,""productCode"":""TLLS-00001"",""productName"":""MESIN PRINTER"",""categoryName"":""TOOLS"",""subCategoryName"":""TOOLS"",""categoryTypeName"":""Asset""}",2026-08-21 18:25:32.021999+00,2026-08-28 07:30:20.376907+00
303,1,1646,MESIN SLUSHY MY GRANITA-2X,TLLS-00012,,TOOLS,TOOLS,Asset,true,,"{""bomName"":null,""productID"":1646,""flagActive"":true,""productCode"":""TLLS-00012"",""productName"":""MESIN SLUSHY MY GRANITA-2X"",""categoryName"":""TOOLS"",""subCategoryName"":""TOOLS"",""categoryTypeName"":""Asset""}",2026-08-21 18:25:32.021999+00,2026-08-28 07:30:20.376907+00
304,1,1655,MESIN SMOOTHIES,TLLS-00015,,TOOLS,TOOLS,Asset,true,,"{""bomName"":null,""productID"":1655,""flagActive"":true,""productCode"":""TLLS-00015"",""productName"":""MESIN SMOOTHIES"",""categoryName"":""TOOLS"",""subCategoryName"":""TOOLS"",""categoryTypeName"":""Asset""}",2026-08-21 18:25:32.021999+00,2026-08-28 07:30:20.376907+00
305,1,1541,MESIN STEAMER,TLLS-00009,,TOOLS,TOOLS,Asset,true,,"{""bomName"":null,""productID"":1541,""flagActive"":true,""productCode"":""TLLS-00009"",""productName"":""MESIN STEAMER"",""categoryName"":""TOOLS"",""subCategoryName"":""TOOLS"",""categoryTypeName"":""Asset""}",2026-08-21 18:25:32.021999+00,2026-08-28 07:30:20.376907+00
306,1,1656,MESIN SYRUP DISPENSER,TLLS-00014,,TOOLS,TOOLS,Asset,true,,"{""bomName"":null,""productID"":1656,""flagActive"":true,""productCode"":""TLLS-00014"",""productName"":""MESIN SYRUP DISPENSER"",""categoryName"":""TOOLS"",""subCategoryName"":""TOOLS"",""categoryTypeName"":""Asset""}",2026-08-21 18:25:32.021999+00,2026-08-28 07:30:20.376907+00
307,1,1316,MILKLIFE BARISTA CHOICE 1000ML,RMFR-00015,,RAW MATERIAL,FRESH,Inventory,true,,"{""bomName"":null,""productID"":1316,""flagActive"":true,""productCode"":""RMFR-00015"",""productName"":""MILKLIFE BARISTA CHOICE 1000ML"",""categoryName"":""RAW MATERIAL"",""subCategoryName"":""FRESH"",""categoryTypeName"":""Inventory""}",2026-08-21 18:25:32.021999+00,2026-08-28 07:30:20.376907+00
308,1,1317,MILKLIFE CHOCOLATE 1000ML,RMFR-00016,,RAW MATERIAL,FRESH,Inventory,true,,"{""bomName"":null,""productID"":1317,""flagActive"":true,""productCode"":""RMFR-00016"",""productName"":""MILKLIFE CHOCOLATE 1000ML"",""categoryName"":""RAW MATERIAL"",""subCategoryName"":""FRESH"",""categoryTypeName"":""Inventory""}",2026-08-21 18:25:32.021999+00,2026-08-28 07:30:20.376907+00
309,1,1318,MINYAK GORENG 18000GR,RMKC-00014,,RAW MATERIAL FOOD,KITCHEN,Inventory,true,,"{""bomName"":null,""productID"":1318,""flagActive"":true,""productCode"":""RMKC-00014"",""productName"":""MINYAK GORENG 18000GR"",""categoryName"":""RAW MATERIAL FOOD"",""subCategoryName"":""KITCHEN"",""categoryTypeName"":""Inventory""}",2026-08-21 18:25:32.021999+00,2026-08-28 07:30:20.376907+00
310,1,1525,MINYAK GORENG NEW,RMKC-00043,,RAW MATERIAL FOOD,KITCHEN,Inventory,true,,"{""bomName"":null,""productID"":1525,""flagActive"":true,""productCode"":""RMKC-00043"",""productName"":""MINYAK GORENG NEW"",""categoryName"":""RAW MATERIAL FOOD"",""subCategoryName"":""KITCHEN"",""categoryTypeName"":""Inventory""}",2026-08-21 18:25:32.021999+00,2026-08-28 07:30:20.376907+00
311,1,1696,MY GRANITA-2X SLUSH MACHINE,TLLS-00034,,TOOLS,TOOLS,Asset,true,,"{""bomName"":null,""productID"":1696,""flagActive"":true,""productCode"":""TLLS-00034"",""productName"":""MY GRANITA-2X SLUSH MACHINE"",""categoryName"":""TOOLS"",""subCategoryName"":""TOOLS"",""categoryTypeName"":""Asset""}",2026-08-21 18:25:32.021999+00,2026-08-28 07:30:20.376907+00
312,1,1319,PAPER BAG LARGE BIRU,PCAP-00001,,PACKAGING,ADDITIONAL PACKAGING,Inventory,true,,"{""bomName"":null,""productID"":1319,""flagActive"":true,""productCode"":""PCAP-00001"",""productName"":""PAPER BAG LARGE BIRU"",""categoryName"":""PACKAGING"",""subCategoryName"":""ADDITIONAL PACKAGING"",""categoryTypeName"":""Inventory""}",2026-08-21 18:25:32.021999+00,2026-08-28 07:30:20.376907+00
313,1,1703,PAPER BAG ORANGE WASGEE,PCPB-00034,,PACKAGING,ADDITIONAL PACKAGING,Inventory,false,,"{""bomName"":null,""productID"":1703,""flagActive"":false,""productCode"":""PCPB-00034"",""productName"":""PAPER BAG ORANGE WASGEE"",""categoryName"":""PACKAGING"",""subCategoryName"":""ADDITIONAL PACKAGING"",""categoryTypeName"":""Inventory""}",2026-08-21 18:25:32.021999+00,2026-08-28 07:30:20.376907+00
314,1,1644,PAPER BAG PUTIH NEW,INSU-00043,,KITCHEN & SUPPLIES (NEW),ADDITIONAL PACKAGING,Inventory,true,,"{""bomName"":null,""productID"":1644,""flagActive"":true,""productCode"":""INSU-00043"",""productName"":""PAPER BAG PUTIH NEW"",""categoryName"":""KITCHEN & SUPPLIES (NEW)"",""subCategoryName"":""ADDITIONAL PACKAGING"",""categoryTypeName"":""Inventory""}",2026-08-21 18:25:32.021999+00,2026-08-28 07:30:20.376907+00
315,1,1593,PAPER BAG PUTIH SEDANG,INSU-00040,,KITCHEN & SUPPLIES (NEW),ADDITIONAL PACKAGING,Inventory,true,,"{""bomName"":null,""productID"":1593,""flagActive"":true,""productCode"":""INSU-00040"",""productName"":""PAPER BAG PUTIH SEDANG"",""categoryName"":""KITCHEN & SUPPLIES (NEW)"",""subCategoryName"":""ADDITIONAL PACKAGING"",""categoryTypeName"":""Inventory""}",2026-08-21 18:25:32.021999+00,2026-08-28 07:30:20.376907+00
316,1,1320,PAPER BOX ROTI,KSUK-00002,,KITCHENWARE & SUPPLIES,UTILITIES KITCHEN,Non Inventory,false,,"{""bomName"":null,""productID"":1320,""flagActive"":false,""productCode"":""KSUK-00002"",""productName"":""PAPER BOX ROTI"",""categoryName"":""KITCHENWARE & SUPPLIES"",""subCategoryName"":""UTILITIES KITCHEN"",""categoryTypeName"":""Non Inventory""}",2026-08-21 18:25:32.021999+00,2026-08-28 07:30:20.376907+00
317,1,1578,PAPER BOX ROTI (NEW),INSU-00024,,KITCHEN & SUPPLIES (NEW),ADDITIONAL PACKAGING,Inventory,true,,"{""bomName"":null,""productID"":1578,""flagActive"":true,""productCode"":""INSU-00024"",""productName"":""PAPER BOX ROTI (NEW)"",""categoryName"":""KITCHEN & SUPPLIES (NEW)"",""subCategoryName"":""ADDITIONAL PACKAGING"",""categoryTypeName"":""Inventory""}",2026-08-21 18:25:32.021999+00,2026-08-28 07:30:20.376907+00
318,1,1698,PERLENGKAPAN P3K,CKDM-00003,,General,UTENSIL,Non Inventory,true,,"{""bomName"":null,""productID"":1698,""flagActive"":true,""productCode"":""CKDM-00003"",""productName"":""PERLENGKAPAN P3K"",""categoryName"":""General"",""subCategoryName"":""UTENSIL"",""categoryTypeName"":""Non Inventory""}",2026-08-21 18:25:32.021999+00,2026-08-28 07:30:20.376907+00
319,1,1666,PISANG KEPOK (NEW),RMVG-00009A,,RAW MATERIAL FOOD,VEGETABLE,Inventory,true,,"{""bomName"":null,""productID"":1666,""flagActive"":true,""productCode"":""RMVG-00009A"",""productName"":""PISANG KEPOK (NEW)"",""categoryName"":""RAW MATERIAL FOOD"",""subCategoryName"":""VEGETABLE"",""categoryTypeName"":""Inventory""}",2026-08-21 18:25:32.021999+00,2026-08-28 07:30:20.376907+00
320,1,1321,PISANG SISIR MERAH,RMVG-00009,,RAW MATERIAL,VEGETABLE,Inventory,true,,"{""bomName"":null,""productID"":1321,""flagActive"":true,""productCode"":""RMVG-00009"",""productName"":""PISANG SISIR MERAH"",""categoryName"":""RAW MATERIAL"",""subCategoryName"":""VEGETABLE"",""categoryTypeName"":""Inventory""}",2026-08-21 18:25:32.021999+00,2026-08-28 07:30:20.376907+00
321,1,1322,PLASTIK 1/2 KG,KSUK-00003,,KITCHENWARE & SUPPLIES,UTILITIES KITCHEN,Non Inventory,false,,"{""bomName"":null,""productID"":1322,""flagActive"":false,""productCode"":""KSUK-00003"",""productName"":""PLASTIK 1/2 KG"",""categoryName"":""KITCHENWARE & SUPPLIES"",""subCategoryName"":""UTILITIES KITCHEN"",""categoryTypeName"":""Non Inventory""}",2026-08-21 18:25:32.021999+00,2026-08-28 07:30:20.376907+00
322,1,1579,PLASTIK 1/2 KG (NEW),INSU-00025,,KITCHEN & SUPPLIES (NEW),ADDITIONAL PACKAGING,Inventory,true,,"{""bomName"":null,""productID"":1579,""flagActive"":true,""productCode"":""INSU-00025"",""productName"":""PLASTIK 1/2 KG (NEW)"",""categoryName"":""KITCHEN & SUPPLIES (NEW)"",""subCategoryName"":""ADDITIONAL PACKAGING"",""categoryTypeName"":""Inventory""}",2026-08-21 18:25:32.021999+00,2026-08-28 07:30:20.376907+00
323,1,1581,PLASTIK 1/4  (NEW),INSU-00027,,KITCHEN & SUPPLIES (NEW),ADDITIONAL PACKAGING,Inventory,true,,"{""bomName"":null,""productID"":1581,""flagActive"":true,""productCode"":""INSU-00027"",""productName"":""PLASTIK 1/4  (NEW)"",""categoryName"":""KITCHEN & SUPPLIES (NEW)"",""subCategoryName"":""ADDITIONAL PACKAGING"",""categoryTypeName"":""Inventory""}",2026-08-21 18:25:32.021999+00,2026-08-28 07:30:20.376907+00
324,1,1323,PLASTIK 1/4 KG,KSUK-00005,,KITCHENWARE & SUPPLIES,UTILITIES KITCHEN,Non Inventory,false,,"{""bomName"":null,""productID"":1323,""flagActive"":false,""productCode"":""KSUK-00005"",""productName"":""PLASTIK 1/4 KG"",""categoryName"":""KITCHENWARE & SUPPLIES"",""subCategoryName"":""UTILITIES KITCHEN"",""categoryTypeName"":""Non Inventory""}",2026-08-21 18:25:32.021999+00,2026-08-28 07:30:20.376907+00
325,1,1324,PLASTIK 1KG,KSUK-00004,,KITCHENWARE & SUPPLIES,UTILITIES KITCHEN,Non Inventory,false,,"{""bomName"":null,""productID"":1324,""flagActive"":false,""productCode"":""KSUK-00004"",""productName"":""PLASTIK 1KG"",""categoryName"":""KITCHENWARE & SUPPLIES"",""subCategoryName"":""UTILITIES KITCHEN"",""categoryTypeName"":""Non Inventory""}",2026-08-21 18:25:32.021999+00,2026-08-28 07:30:20.376907+00
326,1,1580,PLASTIK 1KG (NEW),INSU-00026,,KITCHEN & SUPPLIES (NEW),ADDITIONAL PACKAGING,Inventory,true,,"{""bomName"":null,""productID"":1580,""flagActive"":true,""productCode"":""INSU-00026"",""productName"":""PLASTIK 1KG (NEW)"",""categoryName"":""KITCHEN & SUPPLIES (NEW)"",""subCategoryName"":""ADDITIONAL PACKAGING"",""categoryTypeName"":""Inventory""}",2026-08-21 18:25:32.021999+00,2026-08-28 07:30:20.376907+00
327,1,1325,PLASTIK KLIP 20X12CM,KSUT-00012,,KITCHENWARE & SUPPLIES,UTENSIL,Non Inventory,false,,"{""bomName"":null,""productID"":1325,""flagActive"":false,""productCode"":""KSUT-00012"",""productName"":""PLASTIK KLIP 20X12CM"",""categoryName"":""KITCHENWARE & SUPPLIES"",""subCategoryName"":""UTENSIL"",""categoryTypeName"":""Non Inventory""}",2026-08-21 18:25:32.021999+00,2026-08-28 07:30:20.376907+00
328,1,1565,PLASTIK KLIP 20X12CM (NEW),INSU-0039,,KITCHEN & SUPPLIES (NEW),ADDITIONAL PACKAGING,Inventory,true,,"{""bomName"":null,""productID"":1565,""flagActive"":true,""productCode"":""INSU-0039"",""productName"":""PLASTIK KLIP 20X12CM (NEW)"",""categoryName"":""KITCHEN & SUPPLIES (NEW)"",""subCategoryName"":""ADDITIONAL PACKAGING"",""categoryTypeName"":""Inventory""}",2026-08-21 18:25:32.021999+00,2026-08-28 07:30:20.376907+00
329,1,1326,PLASTIK TAKE AWAY 17,KSUT-00013,,KITCHENWARE & SUPPLIES,UTENSIL,Non Inventory,false,,"{""bomName"":null,""productID"":1326,""flagActive"":false,""productCode"":""KSUT-00013"",""productName"":""PLASTIK TAKE AWAY 17"",""categoryName"":""KITCHENWARE & SUPPLIES"",""subCategoryName"":""UTENSIL"",""categoryTypeName"":""Non Inventory""}",2026-08-21 18:25:32.021999+00,2026-08-28 07:30:20.376907+00
330,1,1566,PLASTIK TAKE AWAY 17 (NEW),INSU-00012,,KITCHEN & SUPPLIES (NEW),ADDITIONAL PACKAGING,Inventory,true,,"{""bomName"":null,""productID"":1566,""flagActive"":true,""productCode"":""INSU-00012"",""productName"":""PLASTIK TAKE AWAY 17 (NEW)"",""categoryName"":""KITCHEN & SUPPLIES (NEW)"",""subCategoryName"":""ADDITIONAL PACKAGING"",""categoryTypeName"":""Inventory""}",2026-08-21 18:25:32.021999+00,2026-08-28 07:30:20.376907+00
331,1,1327,PLASTIK TAKE AWAY 24,KSUT-00014,,KITCHENWARE & SUPPLIES,UTENSIL,Non Inventory,false,,"{""bomName"":null,""productID"":1327,""flagActive"":false,""productCode"":""KSUT-00014"",""productName"":""PLASTIK TAKE AWAY 24"",""categoryName"":""KITCHENWARE & SUPPLIES"",""subCategoryName"":""UTENSIL"",""categoryTypeName"":""Non Inventory""}",2026-08-21 18:25:32.021999+00,2026-08-28 07:30:20.376907+00
332,1,1567,PLASTIK TAKE AWAY 24 (NEW),INSU-00013,,KITCHEN & SUPPLIES (NEW),ADDITIONAL PACKAGING,Inventory,true,,"{""bomName"":null,""productID"":1567,""flagActive"":true,""productCode"":""INSU-00013"",""productName"":""PLASTIK TAKE AWAY 24 (NEW)"",""categoryName"":""KITCHEN & SUPPLIES (NEW)"",""subCategoryName"":""ADDITIONAL PACKAGING"",""categoryTypeName"":""Inventory""}",2026-08-21 18:25:32.021999+00,2026-08-28 07:30:20.376907+00
333,1,1328,PLASTIK TAKE AWAY 28,KSUT-00015,,KITCHENWARE & SUPPLIES,UTENSIL,Non Inventory,false,,"{""bomName"":null,""productID"":1328,""flagActive"":false,""productCode"":""KSUT-00015"",""productName"":""PLASTIK TAKE AWAY 28"",""categoryName"":""KITCHENWARE & SUPPLIES"",""subCategoryName"":""UTENSIL"",""categoryTypeName"":""Non Inventory""}",2026-08-21 18:25:32.021999+00,2026-08-28 07:30:20.376907+00
334,1,1568,PLASTIK TAKE AWAY 28 (NEW),INSU-00014,,KITCHEN & SUPPLIES (NEW),ADDITIONAL PACKAGING,Inventory,true,,"{""bomName"":null,""productID"":1568,""flagActive"":true,""productCode"":""INSU-00014"",""productName"":""PLASTIK TAKE AWAY 28 (NEW)"",""categoryName"":""KITCHEN & SUPPLIES (NEW)"",""subCategoryName"":""ADDITIONAL PACKAGING"",""categoryTypeName"":""Inventory""}",2026-08-21 18:25:32.021999+00,2026-08-28 07:30:20.376907+00
335,1,1329,PLASTIK TAKE AWAY 35,KSUT-00016,,KITCHENWARE & SUPPLIES,UTENSIL,Non Inventory,false,,"{""bomName"":null,""productID"":1329,""flagActive"":false,""productCode"":""KSUT-00016"",""productName"":""PLASTIK TAKE AWAY 35"",""categoryName"":""KITCHENWARE & SUPPLIES"",""subCategoryName"":""UTENSIL"",""categoryTypeName"":""Non Inventory""}",2026-08-21 18:25:32.021999+00,2026-08-28 07:30:20.376907+00
336,1,1569,PLASTIK TAKE AWAY 35 (NEW),INSU-00015,,KITCHEN & SUPPLIES (NEW),ADDITIONAL PACKAGING,Inventory,true,,"{""bomName"":null,""productID"":1569,""flagActive"":true,""productCode"":""INSU-00015"",""productName"":""PLASTIK TAKE AWAY 35 (NEW)"",""categoryName"":""KITCHEN & SUPPLIES (NEW)"",""subCategoryName"":""ADDITIONAL PACKAGING"",""categoryTypeName"":""Inventory""}",2026-08-21 18:25:32.021999+00,2026-08-28 07:30:20.376907+00
337,1,1647,PLASTIK TAKE AWAY BW 35 MERAH,PABW-0006,,KITCHEN & SUPPLIES (NEW),ADDITIONAL PACKAGING,Inventory,true,,"{""bomName"":null,""productID"":1647,""flagActive"":true,""productCode"":""PABW-0006"",""productName"":""PLASTIK TAKE AWAY BW 35 MERAH"",""categoryName"":""KITCHEN & SUPPLIES (NEW)"",""subCategoryName"":""ADDITIONAL PACKAGING"",""categoryTypeName"":""Inventory""}",2026-08-21 18:25:32.021999+00,2026-08-28 07:30:20.376907+00
338,1,1636,PLASTIK TAKEAWAY BW UK 15,PABW-0001,,KITCHEN & SUPPLIES (NEW),ADDITIONAL PACKAGING,Inventory,true,,"{""bomName"":null,""productID"":1636,""flagActive"":true,""productCode"":""PABW-0001"",""productName"":""PLASTIK TAKEAWAY BW UK 15"",""categoryName"":""KITCHEN & SUPPLIES (NEW)"",""subCategoryName"":""ADDITIONAL PACKAGING"",""categoryTypeName"":""Inventory""}",2026-08-21 18:25:32.021999+00,2026-08-28 07:30:20.376907+00
339,1,1637,PLASTIK TAKEAWAY BW UK 20,PABW-0002,,KITCHEN & SUPPLIES (NEW),ADDITIONAL PACKAGING,Inventory,true,,"{""bomName"":null,""productID"":1637,""flagActive"":true,""productCode"":""PABW-0002"",""productName"":""PLASTIK TAKEAWAY BW UK 20"",""categoryName"":""KITCHEN & SUPPLIES (NEW)"",""subCategoryName"":""ADDITIONAL PACKAGING"",""categoryTypeName"":""Inventory""}",2026-08-21 18:25:32.021999+00,2026-08-28 07:30:20.376907+00
340,1,1638,PLASTIK TAKEAWAY BW UK 25,PABW-0003,,KITCHEN & SUPPLIES (NEW),ADDITIONAL PACKAGING,Inventory,true,,"{""bomName"":null,""productID"":1638,""flagActive"":true,""productCode"":""PABW-0003"",""productName"":""PLASTIK TAKEAWAY BW UK 25"",""categoryName"":""KITCHEN & SUPPLIES (NEW)"",""subCategoryName"":""ADDITIONAL PACKAGING"",""categoryTypeName"":""Inventory""}",2026-08-21 18:25:32.021999+00,2026-08-28 07:30:20.376907+00
341,1,1639,PLASTIK TAKEAWAY BW UK 30,PABW-0004,,KITCHEN & SUPPLIES (NEW),ADDITIONAL PACKAGING,Inventory,true,,"{""bomName"":null,""productID"":1639,""flagActive"":true,""productCode"":""PABW-0004"",""productName"":""PLASTIK TAKEAWAY BW UK 30"",""categoryName"":""KITCHEN & SUPPLIES (NEW)"",""subCategoryName"":""ADDITIONAL PACKAGING"",""categoryTypeName"":""Inventory""}",2026-08-21 18:25:32.021999+00,2026-08-28 07:30:20.376907+00
342,1,1640,PLASTIK TAKEAWAY BW UK 35,PABW-0005,,KITCHEN & SUPPLIES (NEW),ADDITIONAL PACKAGING,Inventory,true,,"{""bomName"":null,""productID"":1640,""flagActive"":true,""productCode"":""PABW-0005"",""productName"":""PLASTIK TAKEAWAY BW UK 35"",""categoryName"":""KITCHEN & SUPPLIES (NEW)"",""subCategoryName"":""ADDITIONAL PACKAGING"",""categoryTypeName"":""Inventory""}",2026-08-21 18:25:32.021999+00,2026-08-28 07:30:20.376907+00
343,1,1330,PLASTIK WRAPPING 30CMX30M,KSUT-00017,,KITCHENWARE & SUPPLIES,UTENSIL,Non Inventory,false,,"{""bomName"":null,""productID"":1330,""flagActive"":false,""productCode"":""KSUT-00017"",""productName"":""PLASTIK WRAPPING 30CMX30M"",""categoryName"":""KITCHENWARE & SUPPLIES"",""subCategoryName"":""UTENSIL"",""categoryTypeName"":""Non Inventory""}",2026-08-21 18:25:32.021999+00,2026-08-28 07:30:20.376907+00
344,1,1570,PLASTIK WRAPPING 30CMX30M (NEW),INSU-00016,,KITCHEN & SUPPLIES (NEW),ADDITIONAL PACKAGING,Inventory,true,,"{""bomName"":null,""productID"":1570,""flagActive"":true,""productCode"":""INSU-00016"",""productName"":""PLASTIK WRAPPING 30CMX30M (NEW)"",""categoryName"":""KITCHEN & SUPPLIES (NEW)"",""subCategoryName"":""ADDITIONAL PACKAGING"",""categoryTypeName"":""Inventory""}",2026-08-21 18:25:32.021999+00,2026-08-28 07:30:20.376907+00
345,1,1331,PLASTIK WRAPPING 40X500M,KSUK-00001,,KITCHENWARE & SUPPLIES,UTILITIES KITCHEN,Non Inventory,false,,"{""bomName"":null,""productID"":1331,""flagActive"":false,""productCode"":""KSUK-00001"",""productName"":""PLASTIK WRAPPING 40X500M"",""categoryName"":""KITCHENWARE & SUPPLIES"",""subCategoryName"":""UTILITIES KITCHEN"",""categoryTypeName"":""Non Inventory""}",2026-08-21 18:25:32.021999+00,2026-08-28 07:30:20.376907+00
346,1,1577,PLASTIK WRAPPING 40X500M (NEW),INSU-00023,,KITCHEN & SUPPLIES (NEW),ADDITIONAL PACKAGING,Inventory,true,,"{""bomName"":null,""productID"":1577,""flagActive"":true,""productCode"":""INSU-00023"",""productName"":""PLASTIK WRAPPING 40X500M (NEW)"",""categoryName"":""KITCHEN & SUPPLIES (NEW)"",""subCategoryName"":""ADDITIONAL PACKAGING"",""categoryTypeName"":""Inventory""}",2026-08-21 18:25:32.021999+00,2026-08-28 07:30:20.376907+00
347,1,1584,PLASTIK WRAPPING BARANG 105M (NON FOOD GRADE),INSU-00039,,PACKAGING,ADDITIONAL PACKAGING,Inventory,true,,"{""bomName"":null,""productID"":1584,""flagActive"":true,""productCode"":""INSU-00039"",""productName"":""PLASTIK WRAPPING BARANG 105M (NON FOOD GRADE)"",""categoryName"":""PACKAGING"",""subCategoryName"":""ADDITIONAL PACKAGING"",""categoryTypeName"":""Inventory""}",2026-08-21 18:25:32.021999+00,2026-08-28 07:30:20.376907+00
348,1,1332,POWDER APPLE TEA 1000GR,RMPD-00001,,RAW MATERIAL,POWDER,Inventory,true,,"{""bomName"":null,""productID"":1332,""flagActive"":true,""productCode"":""RMPD-00001"",""productName"":""POWDER APPLE TEA 1000GR"",""categoryName"":""RAW MATERIAL"",""subCategoryName"":""POWDER"",""categoryTypeName"":""Inventory""}",2026-08-21 18:25:32.021999+00,2026-08-28 07:30:20.376907+00
349,1,1333,POWDER CAJUN SPICE 1000GR,RMKC-00015,,RAW MATERIAL FOOD,KITCHEN,Inventory,true,,"{""bomName"":null,""productID"":1333,""flagActive"":true,""productCode"":""RMKC-00015"",""productName"":""POWDER CAJUN SPICE 1000GR"",""categoryName"":""RAW MATERIAL FOOD"",""subCategoryName"":""KITCHEN"",""categoryTypeName"":""Inventory""}",2026-08-21 18:25:32.021999+00,2026-08-28 07:30:20.376907+00
350,1,1602,POWDER CHILLI,RMKC-00052,,RAW MATERIAL FOOD,KITCHEN,Inventory,true,,"{""bomName"":null,""productID"":1602,""flagActive"":true,""productCode"":""RMKC-00052"",""productName"":""POWDER CHILLI"",""categoryName"":""RAW MATERIAL FOOD"",""subCategoryName"":""KITCHEN"",""categoryTypeName"":""Inventory""}",2026-08-21 18:25:32.021999+00,2026-08-28 07:30:20.376907+00
351,1,1334,POWDER CHILLI FLAKE 1000GR,RMKC-00016,,RAW MATERIAL FOOD,KITCHEN,Inventory,true,,"{""bomName"":null,""productID"":1334,""flagActive"":true,""productCode"":""RMKC-00016"",""productName"":""POWDER CHILLI FLAKE 1000GR"",""categoryName"":""RAW MATERIAL FOOD"",""subCategoryName"":""KITCHEN"",""categoryTypeName"":""Inventory""}",2026-08-21 18:25:32.021999+00,2026-08-28 07:30:20.376907+00
352,1,1335,POWDER COKLAT TR 1000GR,RMPD-00002,,RAW MATERIAL,POWDER,Inventory,true,,"{""bomName"":null,""productID"":1335,""flagActive"":true,""productCode"":""RMPD-00002"",""productName"":""POWDER COKLAT TR 1000GR"",""categoryName"":""RAW MATERIAL"",""subCategoryName"":""POWDER"",""categoryTypeName"":""Inventory""}",2026-08-21 18:25:32.021999+00,2026-08-28 07:30:20.376907+00
353,1,1336,POWDER CREAM CHEESE 1000GR,RMPD-00003,,RAW MATERIAL,POWDER,Inventory,true,,"{""bomName"":null,""productID"":1336,""flagActive"":true,""productCode"":""RMPD-00003"",""productName"":""POWDER CREAM CHEESE 1000GR"",""categoryName"":""RAW MATERIAL"",""subCategoryName"":""POWDER"",""categoryTypeName"":""Inventory""}",2026-08-21 18:25:32.021999+00,2026-08-28 07:30:20.376907+00
354,1,1337,POWDER DRIPP MATCHA 760GR,RMPD-00013,,RAW MATERIAL,POWDER,Inventory,true,,"{""bomName"":null,""productID"":1337,""flagActive"":true,""productCode"":""RMPD-00013"",""productName"":""POWDER DRIPP MATCHA 760GR"",""categoryName"":""RAW MATERIAL"",""subCategoryName"":""POWDER"",""categoryTypeName"":""Inventory""}",2026-08-21 18:25:32.021999+00,2026-08-28 07:30:20.376907+00
355,1,1338,POWDER FRAPPE DENALI 800GR,RMPD-00004,,RAW MATERIAL,POWDER,Inventory,true,,"{""bomName"":null,""productID"":1338,""flagActive"":true,""productCode"":""RMPD-00004"",""productName"":""POWDER FRAPPE DENALI 800GR"",""categoryName"":""RAW MATERIAL"",""subCategoryName"":""POWDER"",""categoryTypeName"":""Inventory""}",2026-08-21 18:25:32.021999+00,2026-08-28 07:30:20.376907+00
356,1,1339,POWDER GELATIN 1000GR,RMKC-00017,,RAW MATERIAL FOOD,KITCHEN,Inventory,true,,"{""bomName"":null,""productID"":1339,""flagActive"":true,""productCode"":""RMKC-00017"",""productName"":""POWDER GELATIN 1000GR"",""categoryName"":""RAW MATERIAL FOOD"",""subCategoryName"":""KITCHEN"",""categoryTypeName"":""Inventory""}",2026-08-21 18:25:32.021999+00,2026-08-28 07:30:20.376907+00
357,1,1340,POWDER GENOVA MACCHIATO 1000GR,RMPD-00005,,RAW MATERIAL,POWDER,Inventory,true,,"{""bomName"":null,""productID"":1340,""flagActive"":true,""productCode"":""RMPD-00005"",""productName"":""POWDER GENOVA MACCHIATO 1000GR"",""categoryName"":""RAW MATERIAL"",""subCategoryName"":""POWDER"",""categoryTypeName"":""Inventory""}",2026-08-21 18:25:32.021999+00,2026-08-28 07:30:20.376907+00
358,1,1586,POWDER GENOVA MACCHIATO 800GR NEW,RMPD-00014,,RAW MATERIAL,POWDER,Inventory,true,,"{""bomName"":null,""productID"":1586,""flagActive"":true,""productCode"":""RMPD-00014"",""productName"":""POWDER GENOVA MACCHIATO 800GR NEW"",""categoryName"":""RAW MATERIAL"",""subCategoryName"":""POWDER"",""categoryTypeName"":""Inventory""}",2026-08-21 18:25:32.021999+00,2026-08-28 07:30:20.376907+00
359,1,1341,POWDER KERRY CHEESE 1000GR,RMKC-00018,,RAW MATERIAL FOOD,KITCHEN,Inventory,true,,"{""bomName"":null,""productID"":1341,""flagActive"":true,""productCode"":""RMKC-00018"",""productName"":""POWDER KERRY CHEESE 1000GR"",""categoryName"":""RAW MATERIAL FOOD"",""subCategoryName"":""KITCHEN"",""categoryTypeName"":""Inventory""}",2026-08-21 18:25:32.021999+00,2026-08-28 07:30:20.376907+00
360,1,1342,POWDER LA KREIVA CRUMBLE 2500GR,RMPD-00006,,RAW MATERIAL,POWDER,Inventory,true,,"{""bomName"":null,""productID"":1342,""flagActive"":true,""productCode"":""RMPD-00006"",""productName"":""POWDER LA KREIVA CRUMBLE 2500GR"",""categoryName"":""RAW MATERIAL"",""subCategoryName"":""POWDER"",""categoryTypeName"":""Inventory""}",2026-08-21 18:25:32.021999+00,2026-08-28 07:30:20.376907+00
361,1,1343,POWDER LEMON TEA 1000GR,RMPD-00007,,RAW MATERIAL,POWDER,Inventory,true,,"{""bomName"":null,""productID"":1343,""flagActive"":true,""productCode"":""RMPD-00007"",""productName"":""POWDER LEMON TEA 1000GR"",""categoryName"":""RAW MATERIAL"",""subCategoryName"":""POWDER"",""categoryTypeName"":""Inventory""}",2026-08-21 18:25:32.021999+00,2026-08-28 07:30:20.376907+00
362,1,1344,POWDER LYCHEE TEA 1000GR,RMPD-00008,,RAW MATERIAL,POWDER,Inventory,true,,"{""bomName"":null,""productID"":1344,""flagActive"":true,""productCode"":""RMPD-00008"",""productName"":""POWDER LYCHEE TEA 1000GR"",""categoryName"":""RAW MATERIAL"",""subCategoryName"":""POWDER"",""categoryTypeName"":""Inventory""}",2026-08-21 18:25:32.021999+00,2026-08-28 07:30:20.376907+00
363,1,1345,POWDER MASTERISTA MATCHA 1000GR,RMPD-00009,,RAW MATERIAL,POWDER,Inventory,true,,"{""bomName"":null,""productID"":1345,""flagActive"":true,""productCode"":""RMPD-00009"",""productName"":""POWDER MASTERISTA MATCHA 1000GR"",""categoryName"":""RAW MATERIAL"",""subCategoryName"":""POWDER"",""categoryTypeName"":""Inventory""}",2026-08-21 18:25:32.021999+00,2026-08-28 07:30:20.376907+00
364,1,1632,POWDER MULTIBEV TARO 1KG,RMPD-00015,,RAW MATERIAL,POWDER,Inventory,true,,"{""bomName"":null,""productID"":1632,""flagActive"":true,""productCode"":""RMPD-00015"",""productName"":""POWDER MULTIBEV TARO 1KG"",""categoryName"":""RAW MATERIAL"",""subCategoryName"":""POWDER"",""categoryTypeName"":""Inventory""}",2026-08-21 18:25:32.021999+00,2026-08-28 07:30:20.376907+00
365,1,1346,POWDER PARSLEY FLAKES 1000GR,RMKC-00019,,RAW MATERIAL FOOD,KITCHEN,Inventory,true,,"{""bomName"":null,""productID"":1346,""flagActive"":true,""productCode"":""RMKC-00019"",""productName"":""POWDER PARSLEY FLAKES 1000GR"",""categoryName"":""RAW MATERIAL FOOD"",""subCategoryName"":""KITCHEN"",""categoryTypeName"":""Inventory""}",2026-08-21 18:25:32.021999+00,2026-08-28 07:30:20.376907+00
366,1,1347,POWDER PEACH TEA 1000GR,RMPD-00010,,RAW MATERIAL,POWDER,Inventory,true,,"{""bomName"":null,""productID"":1347,""flagActive"":true,""productCode"":""RMPD-00010"",""productName"":""POWDER PEACH TEA 1000GR"",""categoryName"":""RAW MATERIAL"",""subCategoryName"":""POWDER"",""categoryTypeName"":""Inventory""}",2026-08-21 18:25:32.021999+00,2026-08-28 07:30:20.376907+00
367,1,1348,POWDER ROASTED GARLIC 1000GR,RMKC-00020,,RAW MATERIAL FOOD,KITCHEN,Inventory,true,,"{""bomName"":null,""productID"":1348,""flagActive"":true,""productCode"":""RMKC-00020"",""productName"":""POWDER ROASTED GARLIC 1000GR"",""categoryName"":""RAW MATERIAL FOOD"",""subCategoryName"":""KITCHEN"",""categoryTypeName"":""Inventory""}",2026-08-21 18:25:32.021999+00,2026-08-28 07:30:20.376907+00
368,1,1349,POWDER STIR UP TIRAMISU 1000GR,RMPD-00011,,RAW MATERIAL,POWDER,Inventory,true,,"{""bomName"":null,""productID"":1349,""flagActive"":true,""productCode"":""RMPD-00011"",""productName"":""POWDER STIR UP TIRAMISU 1000GR"",""categoryName"":""RAW MATERIAL"",""subCategoryName"":""POWDER"",""categoryTypeName"":""Inventory""}",2026-08-21 18:25:32.021999+00,2026-08-28 07:30:20.376907+00
369,1,1648,POWDER TEH TARIK MAMIO,RMPD-00016,,RAW MATERIAL,POWDER,Inventory,true,,"{""bomName"":null,""productID"":1648,""flagActive"":true,""productCode"":""RMPD-00016"",""productName"":""POWDER TEH TARIK MAMIO"",""categoryName"":""RAW MATERIAL"",""subCategoryName"":""POWDER"",""categoryTypeName"":""Inventory""}",2026-08-21 18:25:32.021999+00,2026-08-28 07:30:20.376907+00
370,1,1350,POWDER TIRAMISU 1000GR,RMPD-00012,,RAW MATERIAL,POWDER,Inventory,true,,"{""bomName"":null,""productID"":1350,""flagActive"":true,""productCode"":""RMPD-00012"",""productName"":""POWDER TIRAMISU 1000GR"",""categoryName"":""RAW MATERIAL"",""subCategoryName"":""POWDER"",""categoryTypeName"":""Inventory""}",2026-08-21 18:25:32.021999+00,2026-08-28 07:30:20.376907+00
371,1,1351,PREMIUM CAN - COTR (200ml),PREM-00003,,Finished Good,Premium,Inventory,true,,"{""bomName"":null,""productID"":1351,""flagActive"":true,""productCode"":""PREM-00003"",""productName"":""PREMIUM CAN - COTR (200ml)"",""categoryName"":""Finished Good"",""subCategoryName"":""Premium"",""categoryTypeName"":""Inventory""}",2026-08-21 18:25:32.021999+00,2026-08-28 07:30:20.376907+00
372,1,1699,PUMP AREN,KSUT-00034,,TOOLS,TOOLS,Asset,true,,"{""bomName"":null,""productID"":1699,""flagActive"":true,""productCode"":""KSUT-00034"",""productName"":""PUMP AREN"",""categoryName"":""TOOLS"",""subCategoryName"":""TOOLS"",""categoryTypeName"":""Asset""}",2026-08-21 18:25:32.021999+00,2026-08-28 07:30:20.376907+00
373,1,1352,RAMOE SODA 330ML,RMBV-00018,,RAW MATERIAL,BEVERAGE,Inventory,true,,"{""bomName"":null,""productID"":1352,""flagActive"":true,""productCode"":""RMBV-00018"",""productName"":""RAMOE SODA 330ML"",""categoryName"":""RAW MATERIAL"",""subCategoryName"":""BEVERAGE"",""categoryTypeName"":""Inventory""}",2026-08-21 18:25:32.021999+00,2026-08-28 07:30:20.376907+00
374,1,1353,RICH DOUBLE CREAM 1000ML,RMFR-00054,,RAW MATERIAL,FRESH,Inventory,true,,"{""bomName"":null,""productID"":1353,""flagActive"":true,""productCode"":""RMFR-00054"",""productName"":""RICH DOUBLE CREAM 1000ML"",""categoryName"":""RAW MATERIAL"",""subCategoryName"":""FRESH"",""categoryTypeName"":""Inventory""}",2026-08-21 18:25:32.021999+00,2026-08-28 07:30:20.376907+00
375,1,1354,RICH GOLD LABEL 907ML,RMFR-00017,,RAW MATERIAL,FRESH,Inventory,true,,"{""bomName"":null,""productID"":1354,""flagActive"":true,""productCode"":""RMFR-00017"",""productName"":""RICH GOLD LABEL 907ML"",""categoryName"":""RAW MATERIAL"",""subCategoryName"":""FRESH"",""categoryTypeName"":""Inventory""}",2026-08-21 18:25:32.021999+00,2026-08-28 07:30:20.376907+00
376,1,1355,ROTI PANDAN,RMFR-00018,,RAW MATERIAL,FRESH,Inventory,true,,"{""bomName"":null,""productID"":1355,""flagActive"":true,""productCode"":""RMFR-00018"",""productName"":""ROTI PANDAN"",""categoryName"":""RAW MATERIAL"",""subCategoryName"":""FRESH"",""categoryTypeName"":""Inventory""}",2026-08-21 18:25:32.021999+00,2026-08-28 07:30:20.376907+00
377,1,1635,"ROTI TAWAR 1,2 CM",RMFR-00067,,RAW MATERIAL,FRESH,Inventory,true,,"{""bomName"":null,""productID"":1635,""flagActive"":true,""productCode"":""RMFR-00067"",""productName"":""ROTI TAWAR 1,2 CM"",""categoryName"":""RAW MATERIAL"",""subCategoryName"":""FRESH"",""categoryTypeName"":""Inventory""}",2026-08-21 18:25:32.021999+00,2026-08-28 07:30:20.376907+00
378,1,1356,ROTI TAWAR 2 CM,RMFR-00019,,RAW MATERIAL,FRESH,Inventory,true,,"{""bomName"":null,""productID"":1356,""flagActive"":true,""productCode"":""RMFR-00019"",""productName"":""ROTI TAWAR 2 CM"",""categoryName"":""RAW MATERIAL"",""subCategoryName"":""FRESH"",""categoryTypeName"":""Inventory""}",2026-08-21 18:25:32.021999+00,2026-08-28 07:30:20.376907+00
379,1,1695,RUBY-410 RSA SHOWCASE,TLLS-00033,,TOOLS,TOOLS,Asset,true,,"{""bomName"":null,""productID"":1695,""flagActive"":true,""productCode"":""TLLS-00033"",""productName"":""RUBY-410 RSA SHOWCASE"",""categoryName"":""TOOLS"",""subCategoryName"":""TOOLS"",""categoryTypeName"":""Asset""}",2026-08-21 18:25:32.021999+00,2026-08-28 07:30:20.376907+00
380,1,1357,SABUN CUCI PIRING,GNCH-00004,,General,CHEMICAL,Non Inventory,true,,"{""bomName"":null,""productID"":1357,""flagActive"":true,""productCode"":""GNCH-00004"",""productName"":""SABUN CUCI PIRING"",""categoryName"":""General"",""subCategoryName"":""CHEMICAL"",""categoryTypeName"":""Non Inventory""}",2026-08-21 18:25:32.021999+00,2026-08-28 07:30:20.376907+00
381,1,1358,SABUN CUCI TANGAN,GNCH-00001,,General,CHEMICAL,Non Inventory,true,,"{""bomName"":null,""productID"":1358,""flagActive"":true,""productCode"":""GNCH-00001"",""productName"":""SABUN CUCI TANGAN"",""categoryName"":""General"",""subCategoryName"":""CHEMICAL"",""categoryTypeName"":""Non Inventory""}",2026-08-21 18:25:32.021999+00,2026-08-28 07:30:20.376907+00
382,1,1519,SABUN DETERGEN CAIR,GNCH-00007,,General,CHEMICAL,Non Inventory,true,,"{""bomName"":null,""productID"":1519,""flagActive"":true,""productCode"":""GNCH-00007"",""productName"":""SABUN DETERGEN CAIR"",""categoryName"":""General"",""subCategoryName"":""CHEMICAL"",""categoryTypeName"":""Non Inventory""}",2026-08-21 18:25:32.021999+00,2026-08-28 07:30:20.376907+00
383,1,1518,SABUN MPC,GNCH-00006,,General,CHEMICAL,Non Inventory,true,,"{""bomName"":null,""productID"":1518,""flagActive"":true,""productCode"":""GNCH-00006"",""productName"":""SABUN MPC"",""categoryName"":""General"",""subCategoryName"":""CHEMICAL"",""categoryTypeName"":""Non Inventory""}",2026-08-21 18:25:32.021999+00,2026-08-28 07:30:20.376907+00
384,1,1359,SABUN PEMBERSIH KACA,GNCH-00002,,General,CHEMICAL,Non Inventory,true,,"{""bomName"":null,""productID"":1359,""flagActive"":true,""productCode"":""GNCH-00002"",""productName"":""SABUN PEMBERSIH KACA"",""categoryName"":""General"",""subCategoryName"":""CHEMICAL"",""categoryTypeName"":""Non Inventory""}",2026-08-21 18:25:32.021999+00,2026-08-28 07:30:20.376907+00
385,1,1517,SABUN PEMBERSIH KERAK KERAMIK,GNCH-00005,,General,CHEMICAL,Non Inventory,true,,"{""bomName"":null,""productID"":1517,""flagActive"":true,""productCode"":""GNCH-00005"",""productName"":""SABUN PEMBERSIH KERAK KERAMIK"",""categoryName"":""General"",""subCategoryName"":""CHEMICAL"",""categoryTypeName"":""Non Inventory""}",2026-08-21 18:25:32.021999+00,2026-08-28 07:30:20.376907+00
386,1,1360,SABUN PEMBERSIH LANTAI,GNCH-00003,,General,CHEMICAL,Non Inventory,true,,"{""bomName"":null,""productID"":1360,""flagActive"":true,""productCode"":""GNCH-00003"",""productName"":""SABUN PEMBERSIH LANTAI"",""categoryName"":""General"",""subCategoryName"":""CHEMICAL"",""categoryTypeName"":""Non Inventory""}",2026-08-21 18:25:32.021999+00,2026-08-28 07:30:20.376907+00
387,1,1671,Sales Promo Wondr BNI Non PB1,BNI,,General,Event/Bulk,Non Inventory,true,,"{""bomName"":null,""productID"":1671,""flagActive"":true,""productCode"":""BNI"",""productName"":""Sales Promo Wondr BNI Non PB1"",""categoryName"":""General"",""subCategoryName"":""Event/Bulk"",""categoryTypeName"":""Non Inventory""}",2026-08-21 18:25:32.021999+00,2026-08-28 07:30:20.376907+00
388,1,1672,Sales Promo Wondr BNI PB1,BNI 2,,General,Event/Bulk,Non Inventory,true,,"{""bomName"":null,""productID"":1672,""flagActive"":true,""productCode"":""BNI 2"",""productName"":""Sales Promo Wondr BNI PB1"",""categoryName"":""General"",""subCategoryName"":""Event/Bulk"",""categoryTypeName"":""Non Inventory""}",2026-08-21 18:25:32.021999+00,2026-08-28 07:30:20.376907+00
389,1,1662,SAMSUNG GALAXY TAB A11+ 6/128GB,,,EQUIPMENT OUTLET,ASSET,Asset,true,,"{""bomName"":null,""productID"":1662,""flagActive"":true,""productCode"":"""",""productName"":""SAMSUNG GALAXY TAB A11+ 6/128GB"",""categoryName"":""EQUIPMENT OUTLET"",""subCategoryName"":""ASSET"",""categoryTypeName"":""Asset""}",2026-08-21 18:25:32.021999+00,2026-08-28 07:30:20.376907+00
390,1,1361,SARI MINANG BUBUK KARI KAMBING 250GR,RMKC-00021,,RAW MATERIAL FOOD,KITCHEN,Inventory,true,,"{""bomName"":null,""productID"":1361,""flagActive"":true,""productCode"":""RMKC-00021"",""productName"":""SARI MINANG BUBUK KARI KAMBING 250GR"",""categoryName"":""RAW MATERIAL FOOD"",""subCategoryName"":""KITCHEN"",""categoryTypeName"":""Inventory""}",2026-08-21 18:25:32.021999+00,2026-08-28 07:30:20.376907+00
391,1,1362,SARINGAN COLD BREW,KSUT-00018,,General,UTENSIL,Non Inventory,true,,"{""bomName"":null,""productID"":1362,""flagActive"":true,""productCode"":""KSUT-00018"",""productName"":""SARINGAN COLD BREW"",""categoryName"":""General"",""subCategoryName"":""UTENSIL"",""categoryTypeName"":""Non Inventory""}",2026-08-21 18:25:32.021999+00,2026-08-28 07:30:20.376907+00
392,1,1363,SASA MSG 1000GR,RMKC-00022,,RAW MATERIAL FOOD,KITCHEN,Inventory,true,,"{""bomName"":null,""productID"":1363,""flagActive"":true,""productCode"":""RMKC-00022"",""productName"":""SASA MSG 1000GR"",""categoryName"":""RAW MATERIAL FOOD"",""subCategoryName"":""KITCHEN"",""categoryTypeName"":""Inventory""}",2026-08-21 18:25:32.021999+00,2026-08-28 07:30:20.376907+00
393,1,1364,SAUCE CATCHER CHOCOLATE 2000 ML,RMSC-00008,,RAW MATERIAL,SAUCE,Inventory,true,,"{""bomName"":null,""productID"":1364,""flagActive"":true,""productCode"":""RMSC-00008"",""productName"":""SAUCE CATCHER CHOCOLATE 2000 ML"",""categoryName"":""RAW MATERIAL"",""subCategoryName"":""SAUCE"",""categoryTypeName"":""Inventory""}",2026-08-21 18:25:32.021999+00,2026-08-28 07:30:20.376907+00
394,1,1365,SAUCE DAVINCI BUTTERSCOTCH 2000ML,RMSC-00001,,RAW MATERIAL,SAUCE,Inventory,true,,"{""bomName"":null,""productID"":1365,""flagActive"":true,""productCode"":""RMSC-00001"",""productName"":""SAUCE DAVINCI BUTTERSCOTCH 2000ML"",""categoryName"":""RAW MATERIAL"",""subCategoryName"":""SAUCE"",""categoryTypeName"":""Inventory""}",2026-08-21 18:25:32.021999+00,2026-08-28 07:30:20.376907+00
395,1,1366,SAUCE DAVINCI CARAMEL 2000ML,RMSC-00002,,RAW MATERIAL,SAUCE,Inventory,true,,"{""bomName"":null,""productID"":1366,""flagActive"":true,""productCode"":""RMSC-00002"",""productName"":""SAUCE DAVINCI CARAMEL 2000ML"",""categoryName"":""RAW MATERIAL"",""subCategoryName"":""SAUCE"",""categoryTypeName"":""Inventory""}",2026-08-21 18:25:32.021999+00,2026-08-28 07:30:20.376907+00
396,1,1367,SAUCE GULANAS HONEY LEMON 700GR,RMSC-00003,,RAW MATERIAL,SAUCE,Inventory,true,,"{""bomName"":null,""productID"":1367,""flagActive"":true,""productCode"":""RMSC-00003"",""productName"":""SAUCE GULANAS HONEY LEMON 700GR"",""categoryName"":""RAW MATERIAL"",""subCategoryName"":""SAUCE"",""categoryTypeName"":""Inventory""}",2026-08-21 18:25:32.021999+00,2026-08-28 07:30:20.376907+00
397,1,1368,SAUCE GULANAS HONEY PINEAPPLE 700GR,RMSC-00004,,RAW MATERIAL,SAUCE,Inventory,true,,"{""bomName"":null,""productID"":1368,""flagActive"":true,""productCode"":""RMSC-00004"",""productName"":""SAUCE GULANAS HONEY PINEAPPLE 700GR"",""categoryName"":""RAW MATERIAL"",""subCategoryName"":""SAUCE"",""categoryTypeName"":""Inventory""}",2026-08-21 18:25:32.021999+00,2026-08-28 07:30:20.376907+00
398,1,1369,SAUCE HT CARAMEL 750ML,RMSC-00007,,RAW MATERIAL,SAUCE,Inventory,true,,"{""bomName"":null,""productID"":1369,""flagActive"":true,""productCode"":""RMSC-00007"",""productName"":""SAUCE HT CARAMEL 750ML"",""categoryName"":""RAW MATERIAL"",""subCategoryName"":""SAUCE"",""categoryTypeName"":""Inventory""}",2026-08-21 18:25:32.021999+00,2026-08-28 07:30:20.376907+00
399,1,1370,SAUCE MENTAI 1000GR,RMKC-00023,,RAW MATERIAL FOOD,KITCHEN,Inventory,true,,"{""bomName"":null,""productID"":1370,""flagActive"":true,""productCode"":""RMKC-00023"",""productName"":""SAUCE MENTAI 1000GR"",""categoryName"":""RAW MATERIAL FOOD"",""subCategoryName"":""KITCHEN"",""categoryTypeName"":""Inventory""}",2026-08-21 18:25:32.021999+00,2026-08-28 07:30:20.376907+00
400,1,1597,SAUCE NANBAN,RMKC-00047,,RAW MATERIAL FOOD,KITCHEN,Inventory,true,,"{""bomName"":null,""productID"":1597,""flagActive"":true,""productCode"":""RMKC-00047"",""productName"":""SAUCE NANBAN"",""categoryName"":""RAW MATERIAL FOOD"",""subCategoryName"":""KITCHEN"",""categoryTypeName"":""Inventory""}",2026-08-21 18:25:32.021999+00,2026-08-28 07:30:20.376907+00
401,1,1371,SAUCE TOMAT 1000GR,RMKC-00034,,RAW MATERIAL FOOD,KITCHEN,Inventory,true,,"{""bomName"":null,""productID"":1371,""flagActive"":true,""productCode"":""RMKC-00034"",""productName"":""SAUCE TOMAT 1000GR"",""categoryName"":""RAW MATERIAL FOOD"",""subCategoryName"":""KITCHEN"",""categoryTypeName"":""Inventory""}",2026-08-21 18:25:32.021999+00,2026-08-28 07:30:20.376907+00
402,1,1605,SAUCE TRUFFLE MAYO,RMKC-00055,,RAW MATERIAL FOOD,KITCHEN,Inventory,true,,"{""bomName"":null,""productID"":1605,""flagActive"":true,""productCode"":""RMKC-00055"",""productName"":""SAUCE TRUFFLE MAYO"",""categoryName"":""RAW MATERIAL FOOD"",""subCategoryName"":""KITCHEN"",""categoryTypeName"":""Inventory""}",2026-08-21 18:25:32.021999+00,2026-08-28 07:30:20.376907+00
403,1,1372,SAUCE VOYA BUTTERSCOTCH 750ML,RMSC-00005,,RAW MATERIAL,SAUCE,Inventory,true,,"{""bomName"":null,""productID"":1372,""flagActive"":true,""productCode"":""RMSC-00005"",""productName"":""SAUCE VOYA BUTTERSCOTCH 750ML"",""categoryName"":""RAW MATERIAL"",""subCategoryName"":""SAUCE"",""categoryTypeName"":""Inventory""}",2026-08-21 18:25:32.021999+00,2026-08-28 07:30:20.376907+00
404,1,1373,SAUCE VOYA CARAMEL 750ML,RMSC-00006,,RAW MATERIAL,SAUCE,Inventory,true,,"{""bomName"":null,""productID"":1373,""flagActive"":true,""productCode"":""RMSC-00006"",""productName"":""SAUCE VOYA CARAMEL 750ML"",""categoryName"":""RAW MATERIAL"",""subCategoryName"":""SAUCE"",""categoryTypeName"":""Inventory""}",2026-08-21 18:25:32.021999+00,2026-08-28 07:30:20.376907+00
405,1,1374,SAUS SAMBAL ABC 1000GR,RMKC-00024,,RAW MATERIAL FOOD,KITCHEN,Inventory,true,,"{""bomName"":null,""productID"":1374,""flagActive"":true,""productCode"":""RMKC-00024"",""productName"":""SAUS SAMBAL ABC 1000GR"",""categoryName"":""RAW MATERIAL FOOD"",""subCategoryName"":""KITCHEN"",""categoryTypeName"":""Inventory""}",2026-08-21 18:25:32.021999+00,2026-08-28 07:30:20.376907+00
406,1,1375,SAUS SAMBAL DEL MONTE 1000GR,RMKC-00025,,RAW MATERIAL FOOD,KITCHEN,Inventory,true,,"{""bomName"":null,""productID"":1375,""flagActive"":true,""productCode"":""RMKC-00025"",""productName"":""SAUS SAMBAL DEL MONTE 1000GR"",""categoryName"":""RAW MATERIAL FOOD"",""subCategoryName"":""KITCHEN"",""categoryTypeName"":""Inventory""}",2026-08-21 18:25:32.021999+00,2026-08-28 07:30:20.376907+00
407,1,1376,SAUS TIRAM PANDA 2200GR,RMKC-00026,,RAW MATERIAL FOOD,KITCHEN,Inventory,true,,"{""bomName"":null,""productID"":1376,""flagActive"":true,""productCode"":""RMKC-00026"",""productName"":""SAUS TIRAM PANDA 2200GR"",""categoryName"":""RAW MATERIAL FOOD"",""subCategoryName"":""KITCHEN"",""categoryTypeName"":""Inventory""}",2026-08-21 18:25:32.021999+00,2026-08-28 07:30:20.376907+00
408,1,1377,SAUS TIRAM PANDA 510 GR,RMKC-00027,,RAW MATERIAL FOOD,KITCHEN,Inventory,true,,"{""bomName"":null,""productID"":1377,""flagActive"":true,""productCode"":""RMKC-00027"",""productName"":""SAUS TIRAM PANDA 510 GR"",""categoryName"":""RAW MATERIAL FOOD"",""subCategoryName"":""KITCHEN"",""categoryTypeName"":""Inventory""}",2026-08-21 18:25:32.021999+00,2026-08-28 07:30:20.376907+00
409,1,1697,SEAL TABUNG MY GRANITA 3X,TLLS-00035,,TOOLS,TOOLS,Asset,true,,"{""bomName"":null,""productID"":1697,""flagActive"":true,""productCode"":""TLLS-00035"",""productName"":""SEAL TABUNG MY GRANITA 3X"",""categoryName"":""TOOLS"",""subCategoryName"":""TOOLS"",""categoryTypeName"":""Asset""}",2026-08-21 18:25:32.021999+00,2026-08-28 07:30:20.376907+00
410,1,1378,SEDOTAN 5MM,PCPB-00009,,PACKAGING,PACKAGING BAR,Inventory,true,,"{""bomName"":null,""productID"":1378,""flagActive"":true,""productCode"":""PCPB-00009"",""productName"":""SEDOTAN 5MM"",""categoryName"":""PACKAGING"",""subCategoryName"":""PACKAGING BAR"",""categoryTypeName"":""Inventory""}",2026-08-21 18:25:32.021999+00,2026-08-28 07:30:20.376907+00
411,1,1379,SEDOTAN 6MM,PCPB-00010,,PACKAGING,PACKAGING BAR,Inventory,true,,"{""bomName"":null,""productID"":1379,""flagActive"":true,""productCode"":""PCPB-00010"",""productName"":""SEDOTAN 6MM"",""categoryName"":""PACKAGING"",""subCategoryName"":""PACKAGING BAR"",""categoryTypeName"":""Inventory""}",2026-08-21 18:25:32.021999+00,2026-08-28 07:30:20.376907+00
412,1,1380,SEDOTAN 8MM,PCPB-00020,,PACKAGING,PACKAGING BAR,Inventory,true,,"{""bomName"":null,""productID"":1380,""flagActive"":true,""productCode"":""PCPB-00020"",""productName"":""SEDOTAN 8MM"",""categoryName"":""PACKAGING"",""subCategoryName"":""PACKAGING BAR"",""categoryTypeName"":""Inventory""}",2026-08-21 18:25:32.021999+00,2026-08-28 07:30:20.376907+00
413,1,1702,SEDOTAN TRIBAR 22CM WASGEE,PCPB-00033,,PACKAGING,PACKAGING BAR,Inventory,false,,"{""bomName"":null,""productID"":1702,""flagActive"":false,""productCode"":""PCPB-00033"",""productName"":""SEDOTAN TRIBAR 22CM WASGEE"",""categoryName"":""PACKAGING"",""subCategoryName"":""PACKAGING BAR"",""categoryTypeName"":""Inventory""}",2026-08-21 18:25:32.021999+00,2026-08-28 07:30:20.376907+00
414,1,1381,SELADA KERITING HIJAU,RMVG-00010,,RAW MATERIAL,VEGETABLE,Inventory,true,,"{""bomName"":null,""productID"":1381,""flagActive"":true,""productCode"":""RMVG-00010"",""productName"":""SELADA KERITING HIJAU"",""categoryName"":""RAW MATERIAL"",""subCategoryName"":""VEGETABLE"",""categoryTypeName"":""Inventory""}",2026-08-21 18:25:32.021999+00,2026-08-28 07:30:20.376907+00
415,1,1594,SELAI SARIKAYA,RMKC-00044,,RAW MATERIAL FOOD,KITCHEN,Inventory,true,,"{""bomName"":null,""productID"":1594,""flagActive"":true,""productCode"":""RMKC-00044"",""productName"":""SELAI SARIKAYA"",""categoryName"":""RAW MATERIAL FOOD"",""subCategoryName"":""KITCHEN"",""categoryTypeName"":""Inventory""}",2026-08-21 18:25:32.021999+00,2026-08-28 07:30:20.376907+00
416,1,1535,SHOWCASE 1 PINTU,TLLS-00003,,TOOLS,TOOLS,Asset,true,,"{""bomName"":null,""productID"":1535,""flagActive"":true,""productCode"":""TLLS-00003"",""productName"":""SHOWCASE 1 PINTU"",""categoryName"":""TOOLS"",""subCategoryName"":""TOOLS"",""categoryTypeName"":""Asset""}",2026-08-21 18:25:32.021999+00,2026-08-28 07:30:20.376907+00
417,1,1536,SHOWCASE 2 PINTU,TLLS-00004,,TOOLS,TOOLS,Asset,true,,"{""bomName"":null,""productID"":1536,""flagActive"":true,""productCode"":""TLLS-00004"",""productName"":""SHOWCASE 2 PINTU"",""categoryName"":""TOOLS"",""subCategoryName"":""TOOLS"",""categoryTypeName"":""Asset""}",2026-08-21 18:25:32.021999+00,2026-08-28 07:30:20.376907+00
418,1,1382,SKIPPY CHUNKY 500GR,RMKC-00028,,RAW MATERIAL FOOD,KITCHEN,Inventory,true,,"{""bomName"":null,""productID"":1382,""flagActive"":true,""productCode"":""RMKC-00028"",""productName"":""SKIPPY CHUNKY 500GR"",""categoryName"":""RAW MATERIAL FOOD"",""subCategoryName"":""KITCHEN"",""categoryTypeName"":""Inventory""}",2026-08-21 18:25:32.021999+00,2026-08-28 07:30:20.376907+00
419,1,1383,SKM KALENG 365GR,RMBV-00013,,RAW MATERIAL,BEVERAGE,Inventory,true,,"{""bomName"":null,""productID"":1383,""flagActive"":true,""productCode"":""RMBV-00013"",""productName"":""SKM KALENG 365GR"",""categoryName"":""RAW MATERIAL"",""subCategoryName"":""BEVERAGE"",""categoryTypeName"":""Inventory""}",2026-08-21 18:25:32.021999+00,2026-08-28 07:30:20.376907+00
420,1,1384,SKM KALENG 488GR,RMBV-00014,,RAW MATERIAL,BEVERAGE,Inventory,true,,"{""bomName"":null,""productID"":1384,""flagActive"":true,""productCode"":""RMBV-00014"",""productName"":""SKM KALENG 488GR"",""categoryName"":""RAW MATERIAL"",""subCategoryName"":""BEVERAGE"",""categoryTypeName"":""Inventory""}",2026-08-21 18:25:32.021999+00,2026-08-28 07:30:20.376907+00
421,1,1385,SKM POUCH 1000GR,RMBV-00015,,RAW MATERIAL,BEVERAGE,Inventory,true,,"{""bomName"":null,""productID"":1385,""flagActive"":true,""productCode"":""RMBV-00015"",""productName"":""SKM POUCH 1000GR"",""categoryName"":""RAW MATERIAL"",""subCategoryName"":""BEVERAGE"",""categoryTypeName"":""Inventory""}",2026-08-21 18:25:32.021999+00,2026-08-28 07:30:20.376907+00
422,1,1386,SKM POUCH 2KG,RMBV-00016,,RAW MATERIAL,BEVERAGE,Inventory,true,,"{""bomName"":null,""productID"":1386,""flagActive"":true,""productCode"":""RMBV-00016"",""productName"":""SKM POUCH 2KG"",""categoryName"":""RAW MATERIAL"",""subCategoryName"":""BEVERAGE"",""categoryTypeName"":""Inventory""}",2026-08-21 18:25:32.021999+00,2026-08-28 07:30:20.376907+00
423,1,1645,SLEEVE PAPER CUP,INSU-00044,,PACKAGING,PACKAGING BAR,Inventory,true,,"{""bomName"":null,""productID"":1645,""flagActive"":true,""productCode"":""INSU-00044"",""productName"":""SLEEVE PAPER CUP"",""categoryName"":""PACKAGING"",""subCategoryName"":""PACKAGING BAR"",""categoryTypeName"":""Inventory""}",2026-08-21 18:25:32.021999+00,2026-08-28 07:30:20.376907+00
424,1,1667,SLEEVE PAPER CUP CUSTOM,INSU-00047,,PACKAGING,PACKAGING BAR,Inventory,true,,"{""bomName"":null,""productID"":1667,""flagActive"":true,""productCode"":""INSU-00047"",""productName"":""SLEEVE PAPER CUP CUSTOM"",""categoryName"":""PACKAGING"",""subCategoryName"":""PACKAGING BAR"",""categoryTypeName"":""Inventory""}",2026-08-21 18:25:32.021999+00,2026-08-28 07:30:20.376907+00
425,1,1657,SLEEVE PAPER GALON 5L,INSU-00046,,PACKAGING,PACKAGING BAR,Inventory,true,,"{""bomName"":null,""productID"":1657,""flagActive"":true,""productCode"":""INSU-00046"",""productName"":""SLEEVE PAPER GALON 5L"",""categoryName"":""PACKAGING"",""subCategoryName"":""PACKAGING BAR"",""categoryTypeName"":""Inventory""}",2026-08-21 18:25:32.021999+00,2026-08-28 07:30:20.376907+00
426,1,1524,Smooth Banana Tiramisu - Can 330 (Bulk/Event),BULK-00051,Smooth Banana Tiramisu - Can 330ml (Bulk/Event),Finished Good,Event/Bulk,Inventory,true,,"{""bomName"":""Smooth Banana Tiramisu - Can 330ml (Bulk/Event)"",""productID"":1524,""flagActive"":true,""productCode"":""BULK-00051"",""productName"":""Smooth Banana Tiramisu - Can 330 (Bulk/Event)"",""categoryName"":""Finished Good"",""subCategoryName"":""Event/Bulk"",""categoryTypeName"":""Inventory""}",2026-08-21 18:25:32.021999+00,2026-08-28 07:30:20.376907+00
427,1,1387,SMOOTH BANANA TIRAMISU - COTR (210ml),SMTH-00006,,Finished Good,Smooth,Inventory,true,,"{""bomName"":null,""productID"":1387,""flagActive"":true,""productCode"":""SMTH-00006"",""productName"":""SMOOTH BANANA TIRAMISU - COTR (210ml)"",""categoryName"":""Finished Good"",""subCategoryName"":""Smooth"",""categoryTypeName"":""Inventory""}",2026-08-21 18:25:32.021999+00,2026-08-28 07:30:20.376907+00
428,1,1550,Smooth Strawberry Sunkist - Can 330ml (Bulk/Event),BULK-00061,Smooth Strawberry Sunkist - Can 330ml (Bulk/Event),Finished Good,Event/Bulk,Inventory,true,,"{""bomName"":""Smooth Strawberry Sunkist - Can 330ml (Bulk/Event)"",""productID"":1550,""flagActive"":true,""productCode"":""BULK-00061"",""productName"":""Smooth Strawberry Sunkist - Can 330ml (Bulk/Event)"",""categoryName"":""Finished Good"",""subCategoryName"":""Event/Bulk"",""categoryTypeName"":""Inventory""}",2026-08-21 18:25:32.021999+00,2026-08-28 07:30:20.376907+00
429,1,1509,Smooth Vanilla Pecan - Can 330ml (Bulk/Event),BULK-00043,Smooth Vanilla Pecan - Can 330ml (Bulk/Event),Finished Good,Event/Bulk,Inventory,true,,"{""bomName"":""Smooth Vanilla Pecan - Can 330ml (Bulk/Event)"",""productID"":1509,""flagActive"":true,""productCode"":""BULK-00043"",""productName"":""Smooth Vanilla Pecan - Can 330ml (Bulk/Event)"",""categoryName"":""Finished Good"",""subCategoryName"":""Event/Bulk"",""categoryTypeName"":""Inventory""}",2026-08-21 18:25:32.021999+00,2026-08-28 07:30:20.376907+00
430,1,1389,SMOOTH VANILLA PECAN - COTR (210ml),SMTH-00007,,Finished Good,Smooth,Inventory,true,,"{""bomName"":null,""productID"":1389,""flagActive"":true,""productCode"":""SMTH-00007"",""productName"":""SMOOTH VANILLA PECAN - COTR (210ml)"",""categoryName"":""Finished Good"",""subCategoryName"":""Smooth"",""categoryTypeName"":""Inventory""}",2026-08-21 18:25:32.021999+00,2026-08-28 07:30:20.376907+00
431,1,1612,SODA COFFEE BEER,RMBV-00028,,RAW MATERIAL,BEVERAGE,Inventory,true,,"{""bomName"":null,""productID"":1612,""flagActive"":true,""productCode"":""RMBV-00028"",""productName"":""SODA COFFEE BEER"",""categoryName"":""RAW MATERIAL"",""subCategoryName"":""BEVERAGE"",""categoryTypeName"":""Inventory""}",2026-08-21 18:25:32.021999+00,2026-08-28 07:30:20.376907+00
432,1,1615,SODA RASA YANG PERNAH ADA,RMBV-00031,,RAW MATERIAL,BEVERAGE,Inventory,true,,"{""bomName"":null,""productID"":1615,""flagActive"":true,""productCode"":""RMBV-00031"",""productName"":""SODA RASA YANG PERNAH ADA"",""categoryName"":""RAW MATERIAL"",""subCategoryName"":""BEVERAGE"",""categoryTypeName"":""Inventory""}",2026-08-21 18:25:32.021999+00,2026-08-28 07:30:20.376907+00
433,1,1613,SODA SARSAPARILLA,RMBV-00029,,RAW MATERIAL,BEVERAGE,Inventory,true,,"{""bomName"":null,""productID"":1613,""flagActive"":true,""productCode"":""RMBV-00029"",""productName"":""SODA SARSAPARILLA"",""categoryName"":""RAW MATERIAL"",""subCategoryName"":""BEVERAGE"",""categoryTypeName"":""Inventory""}",2026-08-21 18:25:32.021999+00,2026-08-28 07:30:20.376907+00
434,1,1614,SODA TEMULAWAK,RMBV-00030,,RAW MATERIAL,BEVERAGE,Inventory,true,,"{""bomName"":null,""productID"":1614,""flagActive"":true,""productCode"":""RMBV-00030"",""productName"":""SODA TEMULAWAK"",""categoryName"":""RAW MATERIAL"",""subCategoryName"":""BEVERAGE"",""categoryTypeName"":""Inventory""}",2026-08-21 18:25:32.021999+00,2026-08-28 07:30:20.376907+00
435,1,1643,SPACER NYLON,TLLS-00011,,TOOLS,TOOLS,Asset,true,,"{""bomName"":null,""productID"":1643,""flagActive"":true,""productCode"":""TLLS-00011"",""productName"":""SPACER NYLON"",""categoryName"":""TOOLS"",""subCategoryName"":""TOOLS"",""categoryTypeName"":""Asset""}",2026-08-21 18:25:32.021999+00,2026-08-28 07:30:20.376907+00
436,1,1391,SPAGHETTI CARBONARA,RMKC-00035,,RAW MATERIAL FOOD,KITCHEN,Inventory,true,,"{""bomName"":null,""productID"":1391,""flagActive"":true,""productCode"":""RMKC-00035"",""productName"":""SPAGHETTI CARBONARA"",""categoryName"":""RAW MATERIAL FOOD"",""subCategoryName"":""KITCHEN"",""categoryTypeName"":""Inventory""}",2026-08-21 18:25:32.021999+00,2026-08-28 07:30:20.376907+00
437,1,1392,SPORK HITAM,KSUK-00006,,KITCHENWARE & SUPPLIES,UTILITIES KITCHEN,Non Inventory,false,,"{""bomName"":null,""productID"":1392,""flagActive"":false,""productCode"":""KSUK-00006"",""productName"":""SPORK HITAM"",""categoryName"":""KITCHENWARE & SUPPLIES"",""subCategoryName"":""UTILITIES KITCHEN"",""categoryTypeName"":""Non Inventory""}",2026-08-21 18:25:32.021999+00,2026-08-28 07:30:20.376907+00
438,1,1172,- Aromatic Milk Tea - Can 330 (Event/Bulk),BULK-00001,Aromatic Milk Tea - Can 330 (Event/Bulk),Finished Good,Event/Bulk,Inventory,true,,"{""bomName"":""Aromatic Milk Tea - Can 330 (Event/Bulk)"",""productID"":1172,""flagActive"":true,""productCode"":""BULK-00001"",""productName"":""- Aromatic Milk Tea - Can 330 (Event/Bulk)"",""categoryName"":""Finished Good"",""subCategoryName"":""Event/Bulk"",""categoryTypeName"":""Inventory""}",2026-08-21 18:25:32.021999+00,2026-08-28 07:30:20.376907+00
439,1,1173,- Aromatic Milk Tea - Cup Hot 110ml (Event/Bulk),BULK-00002,Aromatic Milk Tea - Cup Hot 110ml (Event/Bulk),Finished Good,Event/Bulk,Inventory,true,,"{""bomName"":""Aromatic Milk Tea - Cup Hot 110ml (Event/Bulk)"",""productID"":1173,""flagActive"":true,""productCode"":""BULK-00002"",""productName"":""- Aromatic Milk Tea - Cup Hot 110ml (Event/Bulk)"",""categoryName"":""Finished Good"",""subCategoryName"":""Event/Bulk"",""categoryTypeName"":""Inventory""}",2026-08-21 18:25:32.021999+00,2026-08-28 07:30:20.376907+00
440,1,1542,- Aromatic Milktea - Can 250ml (Event/Bulk),BULK-00054,Aromatic Milktea - Can 250ml (Event/Bulk),Finished Good,Event/Bulk,Inventory,true,,"{""bomName"":""Aromatic Milktea - Can 250ml (Event/Bulk)"",""productID"":1542,""flagActive"":true,""productCode"":""BULK-00054"",""productName"":""- Aromatic Milktea - Can 250ml (Event/Bulk)"",""categoryName"":""Finished Good"",""subCategoryName"":""Event/Bulk"",""categoryTypeName"":""Inventory""}",2026-08-21 18:25:32.021999+00,2026-08-28 07:30:20.376907+00
441,1,1617,- Aromatic Milktea - Cup Es 170ml (Bulk/Event),BULK-00066,Aromatic Milktea - Cup Es 170ml (Bulk/Event),Finished Good,Event/Bulk,Inventory,true,,"{""bomName"":""Aromatic Milktea - Cup Es 170ml (Bulk/Event)"",""productID"":1617,""flagActive"":true,""productCode"":""BULK-00066"",""productName"":""- Aromatic Milktea - Cup Es 170ml (Bulk/Event)"",""categoryName"":""Finished Good"",""subCategoryName"":""Event/Bulk"",""categoryTypeName"":""Inventory""}",2026-08-21 18:25:32.021999+00,2026-08-28 07:30:20.376907+00
442,1,1191,- Brewmalt - Can 330ml (Event/Bulk),BULK-00003,Brewmalt - Can 330ml (Event/Bulk),Finished Good,Event/Bulk,Inventory,true,,"{""bomName"":""Brewmalt - Can 330ml (Event/Bulk)"",""productID"":1191,""flagActive"":true,""productCode"":""BULK-00003"",""productName"":""- Brewmalt - Can 330ml (Event/Bulk)"",""categoryName"":""Finished Good"",""subCategoryName"":""Event/Bulk"",""categoryTypeName"":""Inventory""}",2026-08-21 18:25:32.021999+00,2026-08-28 07:30:20.376907+00
443,1,1582,SPORK HITAM (NEW),INSU-00028,,KITCHEN & SUPPLIES (NEW),ADDITIONAL PACKAGING,Inventory,true,,"{""bomName"":null,""productID"":1582,""flagActive"":true,""productCode"":""INSU-00028"",""productName"":""SPORK HITAM (NEW)"",""categoryName"":""KITCHEN & SUPPLIES (NEW)"",""subCategoryName"":""ADDITIONAL PACKAGING"",""categoryTypeName"":""Inventory""}",2026-08-21 18:25:32.021999+00,2026-08-28 07:30:20.376907+00
444,1,1487,Stall,,,Other Income,-,Non Inventory,true,,"{""bomName"":null,""productID"":1487,""flagActive"":true,""productCode"":"""",""productName"":""Stall"",""categoryName"":""Other Income"",""subCategoryName"":""-"",""categoryTypeName"":""Non Inventory""}",2026-08-21 18:25:32.021999+00,2026-08-28 07:30:20.376907+00
445,1,1707,STAMPEL CALF,CKDM-00004,,General,UTENSIL,Non Inventory,true,,"{""bomName"":null,""productID"":1707,""flagActive"":true,""productCode"":""CKDM-00004"",""productName"":""STAMPEL CALF"",""categoryName"":""General"",""subCategoryName"":""UTENSIL"",""categoryTypeName"":""Non Inventory""}",2026-08-21 18:25:32.021999+00,2026-08-28 07:30:20.376907+00
446,1,1393,STICKER BIRU CALF (ROUND),KSPS-00003,,KITCHENWARE & SUPPLIES,PRINTING & STICKER,Non Inventory,false,,"{""bomName"":null,""productID"":1393,""flagActive"":false,""productCode"":""KSPS-00003"",""productName"":""STICKER BIRU CALF (ROUND)"",""categoryName"":""KITCHENWARE & SUPPLIES"",""subCategoryName"":""PRINTING & STICKER"",""categoryTypeName"":""Non Inventory""}",2026-08-21 18:25:32.021999+00,2026-08-28 07:30:20.376907+00
447,1,1555,STICKER BIRU CALF ROUND (NEW),INSU-0003,,KITCHEN & SUPPLIES (NEW),ADDITIONAL PACKAGING,Inventory,true,,"{""bomName"":null,""productID"":1555,""flagActive"":true,""productCode"":""INSU-0003"",""productName"":""STICKER BIRU CALF ROUND (NEW)"",""categoryName"":""KITCHEN & SUPPLIES (NEW)"",""subCategoryName"":""ADDITIONAL PACKAGING"",""categoryTypeName"":""Inventory""}",2026-08-21 18:25:32.021999+00,2026-08-28 07:30:20.376907+00
448,1,1394,STICKER CUSTOM 250ML,KSPS-00011,,KITCHENWARE & SUPPLIES,PRINTING & STICKER,Non Inventory,false,,"{""bomName"":null,""productID"":1394,""flagActive"":false,""productCode"":""KSPS-00011"",""productName"":""STICKER CUSTOM 250ML"",""categoryName"":""KITCHENWARE & SUPPLIES"",""subCategoryName"":""PRINTING & STICKER"",""categoryTypeName"":""Non Inventory""}",2026-08-21 18:25:32.021999+00,2026-08-28 07:30:20.376907+00
449,1,1558,STICKER CUSTOM 250ML (NEW),INSU_00005,,KITCHEN & SUPPLIES (NEW),ADDITIONAL PACKAGING,Inventory,true,,"{""bomName"":null,""productID"":1558,""flagActive"":true,""productCode"":""INSU_00005"",""productName"":""STICKER CUSTOM 250ML (NEW)"",""categoryName"":""KITCHEN & SUPPLIES (NEW)"",""subCategoryName"":""ADDITIONAL PACKAGING"",""categoryTypeName"":""Inventory""}",2026-08-21 18:25:32.021999+00,2026-08-28 07:30:20.376907+00
450,1,1395,STICKER CUSTOM 330ML,KSPS-00010,,KITCHENWARE & SUPPLIES,PRINTING & STICKER,Non Inventory,false,,"{""bomName"":null,""productID"":1395,""flagActive"":false,""productCode"":""KSPS-00010"",""productName"":""STICKER CUSTOM 330ML"",""categoryName"":""KITCHENWARE & SUPPLIES"",""subCategoryName"":""PRINTING & STICKER"",""categoryTypeName"":""Non Inventory""}",2026-08-21 18:25:32.021999+00,2026-08-28 07:30:20.376907+00
451,1,1557,STICKER CUSTOM 330ML (NEW),INSU-00004,,KITCHEN & SUPPLIES (NEW),ADDITIONAL PACKAGING,Inventory,true,,"{""bomName"":null,""productID"":1557,""flagActive"":true,""productCode"":""INSU-00004"",""productName"":""STICKER CUSTOM 330ML (NEW)"",""categoryName"":""KITCHEN & SUPPLIES (NEW)"",""subCategoryName"":""ADDITIONAL PACKAGING"",""categoryTypeName"":""Inventory""}",2026-08-21 18:25:32.021999+00,2026-08-28 07:30:20.376907+00
452,1,1396,STICKER GREETING CARD - ICE,KSPS-00004,,KITCHENWARE & SUPPLIES,PRINTING & STICKER,Non Inventory,false,,"{""bomName"":null,""productID"":1396,""flagActive"":false,""productCode"":""KSPS-00004"",""productName"":""STICKER GREETING CARD - ICE"",""categoryName"":""KITCHENWARE & SUPPLIES"",""subCategoryName"":""PRINTING & STICKER"",""categoryTypeName"":""Non Inventory""}",2026-08-21 18:25:32.021999+00,2026-08-28 07:30:20.376907+00
453,1,1556,STICKER GREETING CARD ICE (NEW),INSU-00003,,KITCHEN & SUPPLIES (NEW),ADDITIONAL PACKAGING,Inventory,true,,"{""bomName"":null,""productID"":1556,""flagActive"":true,""productCode"":""INSU-00003"",""productName"":""STICKER GREETING CARD ICE (NEW)"",""categoryName"":""KITCHEN & SUPPLIES (NEW)"",""subCategoryName"":""ADDITIONAL PACKAGING"",""categoryTypeName"":""Inventory""}",2026-08-21 18:25:32.021999+00,2026-08-28 07:30:20.376907+00
454,1,1397,STICKER SEVENTEEN,KSPS-00009,,KITCHENWARE & SUPPLIES,PRINTING & STICKER,Non Inventory,false,,"{""bomName"":null,""productID"":1397,""flagActive"":false,""productCode"":""KSPS-00009"",""productName"":""STICKER SEVENTEEN"",""categoryName"":""KITCHENWARE & SUPPLIES"",""subCategoryName"":""PRINTING & STICKER"",""categoryTypeName"":""Non Inventory""}",2026-08-21 18:25:32.021999+00,2026-08-28 07:30:20.376907+00
455,1,1398,STICKER UNIVERSAL 250ML,PCPB-00022,,PACKAGING,PACKAGING BAR,Inventory,true,,"{""bomName"":null,""productID"":1398,""flagActive"":true,""productCode"":""PCPB-00022"",""productName"":""STICKER UNIVERSAL 250ML"",""categoryName"":""PACKAGING"",""subCategoryName"":""PACKAGING BAR"",""categoryTypeName"":""Inventory""}",2026-08-21 18:25:32.021999+00,2026-08-28 07:30:20.376907+00
456,1,1399,STICKER UNIVERSAL 330ML,PCPB-00023,,PACKAGING,PACKAGING BAR,Inventory,true,,"{""bomName"":null,""productID"":1399,""flagActive"":true,""productCode"":""PCPB-00023"",""productName"":""STICKER UNIVERSAL 330ML"",""categoryName"":""PACKAGING"",""subCategoryName"":""PACKAGING BAR"",""categoryTypeName"":""Inventory""}",2026-08-21 18:25:32.021999+00,2026-08-28 07:30:20.376907+00
457,1,1400,STYROFOAM BESAR,KSUT-00032,,General,UTENSIL,Non Inventory,true,,"{""bomName"":null,""productID"":1400,""flagActive"":true,""productCode"":""KSUT-00032"",""productName"":""STYROFOAM BESAR"",""categoryName"":""General"",""subCategoryName"":""UTENSIL"",""categoryTypeName"":""Non Inventory""}",2026-08-21 18:25:32.021999+00,2026-08-28 07:30:20.376907+00
458,1,1504,Styrofoam Box (Bulk/Event),BULK-00038,,General,Event/Bulk,Non Inventory,true,,"{""bomName"":null,""productID"":1504,""flagActive"":true,""productCode"":""BULK-00038"",""productName"":""Styrofoam Box (Bulk/Event)"",""categoryName"":""General"",""subCategoryName"":""Event/Bulk"",""categoryTypeName"":""Non Inventory""}",2026-08-21 18:25:32.021999+00,2026-08-28 07:30:20.376907+00
459,1,1521,Styrofoam Box (Bulk/Event) - Packaging,PCPK-00006,,PACKAGING,PACKAGING KITCHEN,Inventory,true,,"{""bomName"":null,""productID"":1521,""flagActive"":true,""productCode"":""PCPK-00006"",""productName"":""Styrofoam Box (Bulk/Event) - Packaging"",""categoryName"":""PACKAGING"",""subCategoryName"":""PACKAGING KITCHEN"",""categoryTypeName"":""Inventory""}",2026-08-21 18:25:32.021999+00,2026-08-28 07:30:20.376907+00
460,1,1608,STYROFOAM GG,KSUT-00036,,General,UTENSIL,Non Inventory,true,,"{""bomName"":null,""productID"":1608,""flagActive"":true,""productCode"":""KSUT-00036"",""productName"":""STYROFOAM GG"",""categoryName"":""General"",""subCategoryName"":""UTENSIL"",""categoryTypeName"":""Non Inventory""}",2026-08-21 18:25:32.021999+00,2026-08-28 07:30:20.376907+00
461,1,1401,STYROFOAM KECIL,KSUT-00033,,General,UTENSIL,Non Inventory,true,,"{""bomName"":null,""productID"":1401,""flagActive"":true,""productCode"":""KSUT-00033"",""productName"":""STYROFOAM KECIL"",""categoryName"":""General"",""subCategoryName"":""UTENSIL"",""categoryTypeName"":""Non Inventory""}",2026-08-21 18:25:32.021999+00,2026-08-28 07:30:20.376907+00
462,1,1599,SUSHI NORI,RMKC-00049,,RAW MATERIAL FOOD,KITCHEN,Inventory,true,,"{""bomName"":null,""productID"":1599,""flagActive"":true,""productCode"":""RMKC-00049"",""productName"":""SUSHI NORI"",""categoryName"":""RAW MATERIAL FOOD"",""subCategoryName"":""KITCHEN"",""categoryTypeName"":""Inventory""}",2026-08-21 18:25:32.021999+00,2026-08-28 07:30:20.376907+00
463,1,1408,SYRUP DAVINCI COOKIES 750ML,RMSY-00002,,RAW MATERIAL,SYRUP,Inventory,true,,"{""bomName"":null,""productID"":1408,""flagActive"":true,""productCode"":""RMSY-00002"",""productName"":""SYRUP DAVINCI COOKIES 750ML"",""categoryName"":""RAW MATERIAL"",""subCategoryName"":""SYRUP"",""categoryTypeName"":""Inventory""}",2026-08-21 18:25:32.021999+00,2026-08-28 07:30:20.376907+00
464,1,1409,SYRUP DAVINCI PECAN PRALINE 750ML,RMSY-00003,,RAW MATERIAL,SYRUP,Inventory,true,,"{""bomName"":null,""productID"":1409,""flagActive"":true,""productCode"":""RMSY-00003"",""productName"":""SYRUP DAVINCI PECAN PRALINE 750ML"",""categoryName"":""RAW MATERIAL"",""subCategoryName"":""SYRUP"",""categoryTypeName"":""Inventory""}",2026-08-21 18:25:32.021999+00,2026-08-28 07:30:20.376907+00
465,1,1410,SYRUP DENALI ROUN 750ML,RMSY-00014,,RAW MATERIAL,SYRUP,Inventory,true,,"{""bomName"":null,""productID"":1410,""flagActive"":true,""productCode"":""RMSY-00014"",""productName"":""SYRUP DENALI ROUN 750ML"",""categoryName"":""RAW MATERIAL"",""subCategoryName"":""SYRUP"",""categoryTypeName"":""Inventory""}",2026-08-21 18:25:32.021999+00,2026-08-28 07:30:20.376907+00
466,1,1411,SYRUP DRIPP APEL MALANG 760ML,RMSY-00028,,RAW MATERIAL,SYRUP,Inventory,true,,"{""bomName"":null,""productID"":1411,""flagActive"":true,""productCode"":""RMSY-00028"",""productName"":""SYRUP DRIPP APEL MALANG 760ML"",""categoryName"":""RAW MATERIAL"",""subCategoryName"":""SYRUP"",""categoryTypeName"":""Inventory""}",2026-08-21 18:25:32.021999+00,2026-08-28 07:30:20.376907+00
467,1,1412,SYRUP DRIPP BANANA 760ML,RMSY-00004,,RAW MATERIAL,SYRUP,Inventory,true,,"{""bomName"":null,""productID"":1412,""flagActive"":true,""productCode"":""RMSY-00004"",""productName"":""SYRUP DRIPP BANANA 760ML"",""categoryName"":""RAW MATERIAL"",""subCategoryName"":""SYRUP"",""categoryTypeName"":""Inventory""}",2026-08-21 18:25:32.021999+00,2026-08-28 07:30:20.376907+00
468,1,1413,SYRUP DRIPP BUTTERSCOTCH 760ML,RMSY-00005,,RAW MATERIAL,SYRUP,Inventory,true,,"{""bomName"":null,""productID"":1413,""flagActive"":true,""productCode"":""RMSY-00005"",""productName"":""SYRUP DRIPP BUTTERSCOTCH 760ML"",""categoryName"":""RAW MATERIAL"",""subCategoryName"":""SYRUP"",""categoryTypeName"":""Inventory""}",2026-08-21 18:25:32.021999+00,2026-08-28 07:30:20.376907+00
469,1,1414,SYRUP DRIPP CARAMEL 760ML,RMSY-00006,,RAW MATERIAL,SYRUP,Inventory,true,,"{""bomName"":null,""productID"":1414,""flagActive"":true,""productCode"":""RMSY-00006"",""productName"":""SYRUP DRIPP CARAMEL 760ML"",""categoryName"":""RAW MATERIAL"",""subCategoryName"":""SYRUP"",""categoryTypeName"":""Inventory""}",2026-08-21 18:25:32.021999+00,2026-08-28 07:30:20.376907+00
470,1,1415,SYRUP DRIPP CINNAMON 750ML,RMSY-00007,,RAW MATERIAL,SYRUP,Inventory,true,,"{""bomName"":null,""productID"":1415,""flagActive"":true,""productCode"":""RMSY-00007"",""productName"":""SYRUP DRIPP CINNAMON 750ML"",""categoryName"":""RAW MATERIAL"",""subCategoryName"":""SYRUP"",""categoryTypeName"":""Inventory""}",2026-08-21 18:25:32.021999+00,2026-08-28 07:30:20.376907+00
471,1,1588,SYRUP DRIPP HONEY 760ML,RMSY-00031,,RAW MATERIAL,SYRUP,Inventory,true,,"{""bomName"":null,""productID"":1588,""flagActive"":true,""productCode"":""RMSY-00031"",""productName"":""SYRUP DRIPP HONEY 760ML"",""categoryName"":""RAW MATERIAL"",""subCategoryName"":""SYRUP"",""categoryTypeName"":""Inventory""}",2026-08-21 18:25:32.021999+00,2026-08-28 07:30:20.376907+00
472,1,1589,SYRUP DRIPP JASMINE 760ML,RMSY-00032,,RAW MATERIAL,SYRUP,Inventory,true,,"{""bomName"":null,""productID"":1589,""flagActive"":true,""productCode"":""RMSY-00032"",""productName"":""SYRUP DRIPP JASMINE 760ML"",""categoryName"":""RAW MATERIAL"",""subCategoryName"":""SYRUP"",""categoryTypeName"":""Inventory""}",2026-08-21 18:25:32.021999+00,2026-08-28 07:30:20.376907+00
473,1,1433,SYRUP DRIPP MANGGA HARUMANIS PULP 760ML,RMSY-00027,,RAW MATERIAL,SYRUP,Inventory,true,,"{""bomName"":null,""productID"":1433,""flagActive"":true,""productCode"":""RMSY-00027"",""productName"":""SYRUP DRIPP MANGGA HARUMANIS PULP 760ML"",""categoryName"":""RAW MATERIAL"",""subCategoryName"":""SYRUP"",""categoryTypeName"":""Inventory""}",2026-08-21 18:25:32.021999+00,2026-08-28 07:30:20.376907+00
474,1,1416,SYRUP DRIPP MANGO STICKY RICE 750ML,RMSY-00008,,RAW MATERIAL,SYRUP,Inventory,true,,"{""bomName"":null,""productID"":1416,""flagActive"":true,""productCode"":""RMSY-00008"",""productName"":""SYRUP DRIPP MANGO STICKY RICE 750ML"",""categoryName"":""RAW MATERIAL"",""subCategoryName"":""SYRUP"",""categoryTypeName"":""Inventory""}",2026-08-21 18:25:32.021999+00,2026-08-28 07:30:20.376907+00
475,1,1417,SYRUP DRIPP PISTACHIO 760ML,RMSY-00009,,RAW MATERIAL,SYRUP,Inventory,true,,"{""bomName"":null,""productID"":1417,""flagActive"":true,""productCode"":""RMSY-00009"",""productName"":""SYRUP DRIPP PISTACHIO 760ML"",""categoryName"":""RAW MATERIAL"",""subCategoryName"":""SYRUP"",""categoryTypeName"":""Inventory""}",2026-08-21 18:25:32.021999+00,2026-08-28 07:30:20.376907+00
476,1,1670,SYRUP DRIPP STRAWBERRY 760ML,RMSY-00033,,RAW MATERIAL,SYRUP,Inventory,true,,"{""bomName"":null,""productID"":1670,""flagActive"":true,""productCode"":""RMSY-00033"",""productName"":""SYRUP DRIPP STRAWBERRY 760ML"",""categoryName"":""RAW MATERIAL"",""subCategoryName"":""SYRUP"",""categoryTypeName"":""Inventory""}",2026-08-21 18:25:32.021999+00,2026-08-28 07:30:20.376907+00
477,1,1587,SYRUP DRIPP STRAWBERRY PULP 760ML,RMSY-00030,,RAW MATERIAL,SYRUP,Inventory,true,,"{""bomName"":null,""productID"":1587,""flagActive"":true,""productCode"":""RMSY-00030"",""productName"":""SYRUP DRIPP STRAWBERRY PULP 760ML"",""categoryName"":""RAW MATERIAL"",""subCategoryName"":""SYRUP"",""categoryTypeName"":""Inventory""}",2026-08-21 18:25:32.021999+00,2026-08-28 07:30:20.376907+00
478,1,1418,SYRUP DRIPP TIRAMISU 760ML,RMSY-00010,,RAW MATERIAL,SYRUP,Inventory,true,,"{""bomName"":null,""productID"":1418,""flagActive"":true,""productCode"":""RMSY-00010"",""productName"":""SYRUP DRIPP TIRAMISU 760ML"",""categoryName"":""RAW MATERIAL"",""subCategoryName"":""SYRUP"",""categoryTypeName"":""Inventory""}",2026-08-21 18:25:32.021999+00,2026-08-28 07:30:20.376907+00
479,1,1419,SYRUP DRIPP VANILLA 760ML,RMSY-00029,,RAW MATERIAL,SYRUP,Inventory,true,,"{""bomName"":null,""productID"":1419,""flagActive"":true,""productCode"":""RMSY-00029"",""productName"":""SYRUP DRIPP VANILLA 760ML"",""categoryName"":""RAW MATERIAL"",""subCategoryName"":""SYRUP"",""categoryTypeName"":""Inventory""}",2026-08-21 18:25:32.021999+00,2026-08-28 07:30:20.376907+00
480,1,1420,SYRUP ITAL LEMON JUICE 1000ML,RMSY-00011,,RAW MATERIAL,SYRUP,Inventory,true,,"{""bomName"":null,""productID"":1420,""flagActive"":true,""productCode"":""RMSY-00011"",""productName"":""SYRUP ITAL LEMON JUICE 1000ML"",""categoryName"":""RAW MATERIAL"",""subCategoryName"":""SYRUP"",""categoryTypeName"":""Inventory""}",2026-08-21 18:25:32.021999+00,2026-08-28 07:30:20.376907+00
481,1,1421,SYRUP MONIN SUN DRIED ORANGE 750ML,RMSY-00012,,RAW MATERIAL,SYRUP,Inventory,true,,"{""bomName"":null,""productID"":1421,""flagActive"":true,""productCode"":""RMSY-00012"",""productName"":""SYRUP MONIN SUN DRIED ORANGE 750ML"",""categoryName"":""RAW MATERIAL"",""subCategoryName"":""SYRUP"",""categoryTypeName"":""Inventory""}",2026-08-21 18:25:32.021999+00,2026-08-28 07:30:20.376907+00
482,1,1422,SYRUP MULTIBEV SALTED CARAMEL 500ML,RMSY-00013,,RAW MATERIAL,SYRUP,Inventory,true,,"{""bomName"":null,""productID"":1422,""flagActive"":true,""productCode"":""RMSY-00013"",""productName"":""SYRUP MULTIBEV SALTED CARAMEL 500ML"",""categoryName"":""RAW MATERIAL"",""subCategoryName"":""SYRUP"",""categoryTypeName"":""Inventory""}",2026-08-21 18:25:32.021999+00,2026-08-28 07:30:20.376907+00
483,1,1423,SYRUP STIR UP BLUEBERRY 800ML,RMSY-00015,,RAW MATERIAL,SYRUP,Inventory,true,,"{""bomName"":null,""productID"":1423,""flagActive"":true,""productCode"":""RMSY-00015"",""productName"":""SYRUP STIR UP BLUEBERRY 800ML"",""categoryName"":""RAW MATERIAL"",""subCategoryName"":""SYRUP"",""categoryTypeName"":""Inventory""}",2026-08-21 18:25:32.021999+00,2026-08-28 07:30:20.376907+00
484,1,1424,SYRUP STIR UP CHEESE 800ML,RMSY-00016,,RAW MATERIAL,SYRUP,Inventory,true,,"{""bomName"":null,""productID"":1424,""flagActive"":true,""productCode"":""RMSY-00016"",""productName"":""SYRUP STIR UP CHEESE 800ML"",""categoryName"":""RAW MATERIAL"",""subCategoryName"":""SYRUP"",""categoryTypeName"":""Inventory""}",2026-08-21 18:25:32.021999+00,2026-08-28 07:30:20.376907+00
485,1,1425,SYRUP STIR UP PEACH 800ML,RMSY-00017,,RAW MATERIAL,SYRUP,Inventory,true,,"{""bomName"":null,""productID"":1425,""flagActive"":true,""productCode"":""RMSY-00017"",""productName"":""SYRUP STIR UP PEACH 800ML"",""categoryName"":""RAW MATERIAL"",""subCategoryName"":""SYRUP"",""categoryTypeName"":""Inventory""}",2026-08-21 18:25:32.021999+00,2026-08-28 07:30:20.376907+00
486,1,1706,MASKER,CKDM-00002,,General,UTENSIL,Non Inventory,true,,"{""bomName"":null,""productID"":1706,""flagActive"":true,""productCode"":""CKDM-00002"",""productName"":""MASKER"",""categoryName"":""General"",""subCategoryName"":""UTENSIL"",""categoryTypeName"":""Non Inventory""}",2026-08-21 18:25:32.021999+00,2026-08-28 07:30:20.376907+00
487,1,1539,PSU,TLLS-00007,,TOOLS,TOOLS,Asset,true,,"{""bomName"":null,""productID"":1539,""flagActive"":true,""productCode"":""TLLS-00007"",""productName"":""PSU"",""categoryName"":""TOOLS"",""subCategoryName"":""TOOLS"",""categoryTypeName"":""Asset""}",2026-08-21 18:25:32.021999+00,2026-08-28 07:30:20.376907+00
488,1,1426,SYRUP STIR UP PINEAPPLE 800ML,RMSY-00018,,RAW MATERIAL,SYRUP,Inventory,true,,"{""bomName"":null,""productID"":1426,""flagActive"":true,""productCode"":""RMSY-00018"",""productName"":""SYRUP STIR UP PINEAPPLE 800ML"",""categoryName"":""RAW MATERIAL"",""subCategoryName"":""SYRUP"",""categoryTypeName"":""Inventory""}",2026-08-21 18:25:32.021999+00,2026-08-28 07:30:20.376907+00
489,1,1427,SYRUP STIR UP PISTACHIO 800ML,RMSY-00019,,RAW MATERIAL,SYRUP,Inventory,true,,"{""bomName"":null,""productID"":1427,""flagActive"":true,""productCode"":""RMSY-00019"",""productName"":""SYRUP STIR UP PISTACHIO 800ML"",""categoryName"":""RAW MATERIAL"",""subCategoryName"":""SYRUP"",""categoryTypeName"":""Inventory""}",2026-08-21 18:25:32.021999+00,2026-08-28 07:30:20.376907+00
490,1,1428,SYRUP STIR UP STRAWBERRY 800ML,RMSY-00020,,RAW MATERIAL,SYRUP,Inventory,true,,"{""bomName"":null,""productID"":1428,""flagActive"":true,""productCode"":""RMSY-00020"",""productName"":""SYRUP STIR UP STRAWBERRY 800ML"",""categoryName"":""RAW MATERIAL"",""subCategoryName"":""SYRUP"",""categoryTypeName"":""Inventory""}",2026-08-21 18:25:32.021999+00,2026-08-28 07:30:20.376907+00
491,1,1429,SYRUP TOZA ORANGE PREMIUM RTD 1000ML,RMSY-00024,,RAW MATERIAL,SYRUP,Inventory,true,,"{""bomName"":null,""productID"":1429,""flagActive"":true,""productCode"":""RMSY-00024"",""productName"":""SYRUP TOZA ORANGE PREMIUM RTD 1000ML"",""categoryName"":""RAW MATERIAL"",""subCategoryName"":""SYRUP"",""categoryTypeName"":""Inventory""}",2026-08-21 18:25:32.021999+00,2026-08-28 07:30:20.376907+00
492,1,1430,SYRUP TOZA STRAWBERRY 770ML,RMSY-00023,,RAW MATERIAL,SYRUP,Inventory,true,,"{""bomName"":null,""productID"":1430,""flagActive"":true,""productCode"":""RMSY-00023"",""productName"":""SYRUP TOZA STRAWBERRY 770ML"",""categoryName"":""RAW MATERIAL"",""subCategoryName"":""SYRUP"",""categoryTypeName"":""Inventory""}",2026-08-21 18:25:32.021999+00,2026-08-28 07:30:20.376907+00
493,1,1431,SYRUP TOZA VANILLA 770ML,RMSY-00025,,RAW MATERIAL,SYRUP,Inventory,true,,"{""bomName"":null,""productID"":1431,""flagActive"":true,""productCode"":""RMSY-00025"",""productName"":""SYRUP TOZA VANILLA 770ML"",""categoryName"":""RAW MATERIAL"",""subCategoryName"":""SYRUP"",""categoryTypeName"":""Inventory""}",2026-08-21 18:25:32.021999+00,2026-08-28 07:30:20.376907+00
494,1,1432,SYRUP VOYA VANILLA 750ML,RMSY-00026,,RAW MATERIAL,SYRUP,Inventory,true,,"{""bomName"":null,""productID"":1432,""flagActive"":true,""productCode"":""RMSY-00026"",""productName"":""SYRUP VOYA VANILLA 750ML"",""categoryName"":""RAW MATERIAL"",""subCategoryName"":""SYRUP"",""categoryTypeName"":""Inventory""}",2026-08-21 18:25:32.021999+00,2026-08-28 07:30:20.376907+00
495,1,1434,TALI RAFIA,KSUT-00021,,General,UTENSIL,Non Inventory,true,,"{""bomName"":null,""productID"":1434,""flagActive"":true,""productCode"":""KSUT-00021"",""productName"":""TALI RAFIA"",""categoryName"":""General"",""subCategoryName"":""UTENSIL"",""categoryTypeName"":""Non Inventory""}",2026-08-21 18:25:32.021999+00,2026-08-28 07:30:20.376907+00
496,1,1600,TAPE MENTEGA,RMKC-00050,,RAW MATERIAL FOOD,KITCHEN,Inventory,true,,"{""bomName"":null,""productID"":1600,""flagActive"":true,""productCode"":""RMKC-00050"",""productName"":""TAPE MENTEGA"",""categoryName"":""RAW MATERIAL FOOD"",""subCategoryName"":""KITCHEN"",""categoryTypeName"":""Inventory""}",2026-08-21 18:25:32.021999+00,2026-08-28 07:30:20.376907+00
497,1,1511,TARTAR SAUCE KEWPIE 1KG,RMKC-00036,,RAW MATERIAL FOOD,KITCHEN,Inventory,true,,"{""bomName"":null,""productID"":1511,""flagActive"":true,""productCode"":""RMKC-00036"",""productName"":""TARTAR SAUCE KEWPIE 1KG"",""categoryName"":""RAW MATERIAL FOOD"",""subCategoryName"":""KITCHEN"",""categoryTypeName"":""Inventory""}",2026-08-21 18:25:32.021999+00,2026-08-28 07:30:20.376907+00
498,1,1435,TELUR,RMMT-00004,,RAW MATERIAL,MEAT,Inventory,true,,"{""bomName"":null,""productID"":1435,""flagActive"":true,""productCode"":""RMMT-00004"",""productName"":""TELUR"",""categoryName"":""RAW MATERIAL"",""subCategoryName"":""MEAT"",""categoryTypeName"":""Inventory""}",2026-08-21 18:25:32.021999+00,2026-08-28 07:30:20.376907+00
499,1,1436,TEPUNG FINNA 1000GR,RMKC-00029,,RAW MATERIAL FOOD,KITCHEN,Inventory,true,,"{""bomName"":null,""productID"":1436,""flagActive"":true,""productCode"":""RMKC-00029"",""productName"":""TEPUNG FINNA 1000GR"",""categoryName"":""RAW MATERIAL FOOD"",""subCategoryName"":""KITCHEN"",""categoryTypeName"":""Inventory""}",2026-08-21 18:25:32.021999+00,2026-08-28 07:30:20.376907+00
500,1,1437,TEPUNG MAIZENA 1000GR,RMKC-00030,,RAW MATERIAL FOOD,KITCHEN,Inventory,true,,"{""bomName"":null,""productID"":1437,""flagActive"":true,""productCode"":""RMKC-00030"",""productName"":""TEPUNG MAIZENA 1000GR"",""categoryName"":""RAW MATERIAL FOOD"",""subCategoryName"":""KITCHEN"",""categoryTypeName"":""Inventory""}",2026-08-21 18:25:32.021999+00,2026-08-28 07:30:20.376907+00
501,1,1438,TEPUNG TERIGU 1000GR,RMKC-00031,,RAW MATERIAL FOOD,KITCHEN,Inventory,true,,"{""bomName"":null,""productID"":1438,""flagActive"":true,""productCode"":""RMKC-00031"",""productName"":""TEPUNG TERIGU 1000GR"",""categoryName"":""RAW MATERIAL FOOD"",""subCategoryName"":""KITCHEN"",""categoryTypeName"":""Inventory""}",2026-08-21 18:25:32.021999+00,2026-08-28 07:30:20.376907+00
502,1,1439,THINWALL 650ML,KSUK-00007,,KITCHENWARE & SUPPLIES,UTILITIES KITCHEN,Non Inventory,false,,"{""bomName"":null,""productID"":1439,""flagActive"":false,""productCode"":""KSUK-00007"",""productName"":""THINWALL 650ML"",""categoryName"":""KITCHENWARE & SUPPLIES"",""subCategoryName"":""UTILITIES KITCHEN"",""categoryTypeName"":""Non Inventory""}",2026-08-21 18:25:32.021999+00,2026-08-28 07:30:20.376907+00
503,1,1583,THINWALL 650ML (NEW),INSU-00029,,KITCHEN & SUPPLIES (NEW),ADDITIONAL PACKAGING,Inventory,true,,"{""bomName"":null,""productID"":1583,""flagActive"":true,""productCode"":""INSU-00029"",""productName"":""THINWALL 650ML (NEW)"",""categoryName"":""KITCHEN & SUPPLIES (NEW)"",""subCategoryName"":""ADDITIONAL PACKAGING"",""categoryTypeName"":""Inventory""}",2026-08-21 18:25:32.021999+00,2026-08-28 07:30:20.376907+00
504,1,1440,TISSUE COCKTAIL NAPKIN,KSUT-00030,,KITCHENWARE & SUPPLIES,UTENSIL,Non Inventory,false,,"{""bomName"":null,""productID"":1440,""flagActive"":false,""productCode"":""KSUT-00030"",""productName"":""TISSUE COCKTAIL NAPKIN"",""categoryName"":""KITCHENWARE & SUPPLIES"",""subCategoryName"":""UTENSIL"",""categoryTypeName"":""Non Inventory""}",2026-08-21 18:25:32.021999+00,2026-08-28 07:30:20.376907+00
505,1,1575,TISSUE COCKTAIL NAPKIN (NEW),INSU-00021,,KITCHEN & SUPPLIES (NEW),ADDITIONAL PACKAGING,Inventory,true,,"{""bomName"":null,""productID"":1575,""flagActive"":true,""productCode"":""INSU-00021"",""productName"":""TISSUE COCKTAIL NAPKIN (NEW)"",""categoryName"":""KITCHEN & SUPPLIES (NEW)"",""subCategoryName"":""ADDITIONAL PACKAGING"",""categoryTypeName"":""Inventory""}",2026-08-21 18:25:32.021999+00,2026-08-28 07:30:20.376907+00
506,1,1441,TISSUE DINNER NAPKIN,KSUT-00031,,KITCHENWARE & SUPPLIES,UTENSIL,Non Inventory,false,,"{""bomName"":null,""productID"":1441,""flagActive"":false,""productCode"":""KSUT-00031"",""productName"":""TISSUE DINNER NAPKIN"",""categoryName"":""KITCHENWARE & SUPPLIES"",""subCategoryName"":""UTENSIL"",""categoryTypeName"":""Non Inventory""}",2026-08-21 18:25:32.021999+00,2026-08-28 07:30:20.376907+00
507,1,1576,TISSUE DINNER NAPKIN (NEW),INSU-00022,,KITCHEN & SUPPLIES (NEW),ADDITIONAL PACKAGING,Inventory,true,,"{""bomName"":null,""productID"":1576,""flagActive"":true,""productCode"":""INSU-00022"",""productName"":""TISSUE DINNER NAPKIN (NEW)"",""categoryName"":""KITCHEN & SUPPLIES (NEW)"",""subCategoryName"":""ADDITIONAL PACKAGING"",""categoryTypeName"":""Inventory""}",2026-08-21 18:25:32.021999+00,2026-08-28 07:30:20.376907+00
508,1,1663,TISSUE FACIAL,KSUT-00037,,PACKAGING,KITCHENWARE & SUPPLIES,Inventory,true,,"{""bomName"":null,""productID"":1663,""flagActive"":true,""productCode"":""KSUT-00037"",""productName"":""TISSUE FACIAL"",""categoryName"":""PACKAGING"",""subCategoryName"":""KITCHENWARE & SUPPLIES"",""categoryTypeName"":""Inventory""}",2026-08-21 18:25:32.021999+00,2026-08-28 07:30:20.376907+00
509,1,1442,TISSUE KITCHEN TOWEL,KSUT-00028,,KITCHENWARE & SUPPLIES,UTENSIL,Non Inventory,false,,"{""bomName"":null,""productID"":1442,""flagActive"":false,""productCode"":""KSUT-00028"",""productName"":""TISSUE KITCHEN TOWEL"",""categoryName"":""KITCHENWARE & SUPPLIES"",""subCategoryName"":""UTENSIL"",""categoryTypeName"":""Non Inventory""}",2026-08-21 18:25:32.021999+00,2026-08-28 07:30:20.376907+00
510,1,1573,TISSUE KITCHEN TOWEL (NEW),INSU-00019,,KITCHEN & SUPPLIES (NEW),ADDITIONAL PACKAGING,Inventory,true,,"{""bomName"":null,""productID"":1573,""flagActive"":true,""productCode"":""INSU-00019"",""productName"":""TISSUE KITCHEN TOWEL (NEW)"",""categoryName"":""KITCHEN & SUPPLIES (NEW)"",""subCategoryName"":""ADDITIONAL PACKAGING"",""categoryTypeName"":""Inventory""}",2026-08-21 18:25:32.021999+00,2026-08-28 07:30:20.376907+00
511,1,1443,TISSUE LIVI,KSUT-00019,,KITCHENWARE & SUPPLIES,UTENSIL,Non Inventory,false,,"{""bomName"":null,""productID"":1443,""flagActive"":false,""productCode"":""KSUT-00019"",""productName"":""TISSUE LIVI"",""categoryName"":""KITCHENWARE & SUPPLIES"",""subCategoryName"":""UTENSIL"",""categoryTypeName"":""Non Inventory""}",2026-08-21 18:25:32.021999+00,2026-08-28 07:30:20.376907+00
512,1,1571,TISSUE LIVI (NEW),INSU-00017,,KITCHEN & SUPPLIES (NEW),ADDITIONAL PACKAGING,Inventory,true,,"{""bomName"":null,""productID"":1571,""flagActive"":true,""productCode"":""INSU-00017"",""productName"":""TISSUE LIVI (NEW)"",""categoryName"":""KITCHEN & SUPPLIES (NEW)"",""subCategoryName"":""ADDITIONAL PACKAGING"",""categoryTypeName"":""Inventory""}",2026-08-21 18:25:32.021999+00,2026-08-28 07:30:20.376907+00
513,1,1653,TISSUE ROLL JUMBO,INSU-00045,,PACKAGING,KITCHENWARE & SUPPLIES,Inventory,true,,"{""bomName"":null,""productID"":1653,""flagActive"":true,""productCode"":""INSU-00045"",""productName"":""TISSUE ROLL JUMBO"",""categoryName"":""PACKAGING"",""subCategoryName"":""KITCHENWARE & SUPPLIES"",""categoryTypeName"":""Inventory""}",2026-08-21 18:25:32.021999+00,2026-08-28 07:30:20.376907+00
514,1,1444,TISSUE TOILET,KSUT-00029,,KITCHENWARE & SUPPLIES,UTENSIL,Non Inventory,false,,"{""bomName"":null,""productID"":1444,""flagActive"":false,""productCode"":""KSUT-00029"",""productName"":""TISSUE TOILET"",""categoryName"":""KITCHENWARE & SUPPLIES"",""subCategoryName"":""UTENSIL"",""categoryTypeName"":""Non Inventory""}",2026-08-21 18:25:32.021999+00,2026-08-28 07:30:20.376907+00
515,1,1574,TISSUE TOILET (NEW),INSU-00020,,KITCHEN & SUPPLIES (NEW),ADDITIONAL PACKAGING,Inventory,true,,"{""bomName"":null,""productID"":1574,""flagActive"":true,""productCode"":""INSU-00020"",""productName"":""TISSUE TOILET (NEW)"",""categoryName"":""KITCHEN & SUPPLIES (NEW)"",""subCategoryName"":""ADDITIONAL PACKAGING"",""categoryTypeName"":""Inventory""}",2026-08-21 18:25:32.021999+00,2026-08-28 07:30:20.376907+00
516,1,1445,TOMAT MERAH,RMVG-00011,,RAW MATERIAL,VEGETABLE,Inventory,true,,"{""bomName"":null,""productID"":1445,""flagActive"":true,""productCode"":""RMVG-00011"",""productName"":""TOMAT MERAH"",""categoryName"":""RAW MATERIAL"",""subCategoryName"":""VEGETABLE"",""categoryTypeName"":""Inventory""}",2026-08-21 18:25:32.021999+00,2026-08-28 07:30:20.376907+00
517,1,1446,TOPPING CERES MEISES,RMKC-00032,,RAW MATERIAL FOOD,KITCHEN,Inventory,true,,"{""bomName"":null,""productID"":1446,""flagActive"":true,""productCode"":""RMKC-00032"",""productName"":""TOPPING CERES MEISES"",""categoryName"":""RAW MATERIAL FOOD"",""subCategoryName"":""KITCHEN"",""categoryTypeName"":""Inventory""}",2026-08-21 18:25:32.021999+00,2026-08-28 07:30:20.376907+00
518,1,1447,TOPPING SIMBA CHOCO CRUNCH 950GR,RMDG-00005,,RAW MATERIAL,DRY GOODS,Inventory,true,,"{""bomName"":null,""productID"":1447,""flagActive"":true,""productCode"":""RMDG-00005"",""productName"":""TOPPING SIMBA CHOCO CRUNCH 950GR"",""categoryName"":""RAW MATERIAL"",""subCategoryName"":""DRY GOODS"",""categoryTypeName"":""Inventory""}",2026-08-21 18:25:32.021999+00,2026-08-28 07:30:20.376907+00
519,1,1448,TOPPING TULIP CHOCO CHUNKS 1000GR,RMBV-00017,,RAW MATERIAL,BEVERAGE,Inventory,true,,"{""bomName"":null,""productID"":1448,""flagActive"":true,""productCode"":""RMBV-00017"",""productName"":""TOPPING TULIP CHOCO CHUNKS 1000GR"",""categoryName"":""RAW MATERIAL"",""subCategoryName"":""BEVERAGE"",""categoryTypeName"":""Inventory""}",2026-08-21 18:25:32.021999+00,2026-08-28 07:30:20.376907+00
520,1,1674,TOTE BAG LALALA,MERCH002,,MERCHANDISE,APPAREL & ACCESSORIES,Inventory,true,,"{""bomName"":null,""productID"":1674,""flagActive"":true,""productCode"":""MERCH002"",""productName"":""TOTE BAG LALALA"",""categoryName"":""MERCHANDISE"",""subCategoryName"":""APPAREL & ACCESSORIES"",""categoryTypeName"":""Inventory""}",2026-08-21 18:25:32.021999+00,2026-08-28 07:30:20.376907+00
521,1,1611,TRASH BAG 50x75CM,KSUT-00035,,PACKAGING,KITCHENWARE & SUPPLIES,Inventory,true,,"{""bomName"":null,""productID"":1611,""flagActive"":true,""productCode"":""KSUT-00035"",""productName"":""TRASH BAG 50x75CM"",""categoryName"":""PACKAGING"",""subCategoryName"":""KITCHENWARE & SUPPLIES"",""categoryTypeName"":""Inventory""}",2026-08-21 18:25:32.021999+00,2026-08-28 07:30:20.376907+00
522,1,1449,TRASH BAG 90X120CM,KSUT-00020,,KITCHENWARE & SUPPLIES,UTENSIL,Non Inventory,false,,"{""bomName"":null,""productID"":1449,""flagActive"":false,""productCode"":""KSUT-00020"",""productName"":""TRASH BAG 90X120CM"",""categoryName"":""KITCHENWARE & SUPPLIES"",""subCategoryName"":""UTENSIL"",""categoryTypeName"":""Non Inventory""}",2026-08-21 18:25:32.021999+00,2026-08-28 07:30:20.376907+00
523,1,1572,TRASH BAG 90X120CM (NEW),INSU-00018,,KITCHEN & SUPPLIES (NEW),ADDITIONAL PACKAGING,Inventory,true,,"{""bomName"":null,""productID"":1572,""flagActive"":true,""productCode"":""INSU-00018"",""productName"":""TRASH BAG 90X120CM (NEW)"",""categoryName"":""KITCHEN & SUPPLIES (NEW)"",""subCategoryName"":""ADDITIONAL PACKAGING"",""categoryTypeName"":""Inventory""}",2026-08-21 18:25:32.021999+00,2026-08-28 07:30:20.376907+00
524,1,1450,TRUFFLE OIL 250ML,RMKC-00033,,RAW MATERIAL FOOD,KITCHEN,Inventory,true,,"{""bomName"":null,""productID"":1450,""flagActive"":true,""productCode"":""RMKC-00033"",""productName"":""TRUFFLE OIL 250ML"",""categoryName"":""RAW MATERIAL FOOD"",""subCategoryName"":""KITCHEN"",""categoryTypeName"":""Inventory""}",2026-08-21 18:25:32.021999+00,2026-08-28 07:30:20.376907+00
525,1,1675,TUMBLER NEW DESIGN,MERCH003,,MERCHANDISE,APPAREL & ACCESSORIES,Inventory,true,,"{""bomName"":null,""productID"":1675,""flagActive"":true,""productCode"":""MERCH003"",""productName"":""TUMBLER NEW DESIGN"",""categoryName"":""MERCHANDISE"",""subCategoryName"":""APPAREL & ACCESSORIES"",""categoryTypeName"":""Inventory""}",2026-08-21 18:25:32.021999+00,2026-08-28 07:30:20.376907+00
526,1,1673,TUMBLER SEVENTEEN DARK,MERCH001,,MERCHANDISE,APPAREL & ACCESSORIES,Inventory,true,,"{""bomName"":null,""productID"":1673,""flagActive"":true,""productCode"":""MERCH001"",""productName"":""TUMBLER SEVENTEEN DARK"",""categoryName"":""MERCHANDISE"",""subCategoryName"":""APPAREL & ACCESSORIES"",""categoryTypeName"":""Inventory""}",2026-08-21 18:25:32.021999+00,2026-08-28 07:30:20.376907+00
527,1,1451,TUMBLR SEVENTEEN,KSUT-00022,,General,UTENSIL,Non Inventory,false,,"{""bomName"":null,""productID"":1451,""flagActive"":false,""productCode"":""KSUT-00022"",""productName"":""TUMBLR SEVENTEEN"",""categoryName"":""General"",""subCategoryName"":""UTENSIL"",""categoryTypeName"":""Non Inventory""}",2026-08-21 18:25:32.021999+00,2026-08-28 07:30:20.376907+00
528,1,1452,TUTUP BOTOL KALE 1000ML,PCPB-00012,,PACKAGING,PACKAGING BAR,Inventory,true,,"{""bomName"":null,""productID"":1452,""flagActive"":true,""productCode"":""PCPB-00012"",""productName"":""TUTUP BOTOL KALE 1000ML"",""categoryName"":""PACKAGING"",""subCategoryName"":""PACKAGING BAR"",""categoryTypeName"":""Inventory""}",2026-08-21 18:25:32.021999+00,2026-08-28 07:30:20.376907+00
529,1,1453,TUTUP CUP ES,PCPB-00013,,PACKAGING,PACKAGING BAR,Inventory,true,,"{""bomName"":null,""productID"":1453,""flagActive"":true,""productCode"":""PCPB-00013"",""productName"":""TUTUP CUP ES"",""categoryName"":""PACKAGING"",""subCategoryName"":""PACKAGING BAR"",""categoryTypeName"":""Inventory""}",2026-08-21 18:25:32.021999+00,2026-08-28 07:30:20.376907+00
530,1,1454,TUTUP CUP FROSTED,PCPB-00011,,PACKAGING,PACKAGING BAR,Inventory,true,,"{""bomName"":null,""productID"":1454,""flagActive"":true,""productCode"":""PCPB-00011"",""productName"":""TUTUP CUP FROSTED"",""categoryName"":""PACKAGING"",""subCategoryName"":""PACKAGING BAR"",""categoryTypeName"":""Inventory""}",2026-08-21 18:25:32.021999+00,2026-08-28 07:30:20.376907+00
531,1,1455,TUTUP CUP HOT,PCPB-00014,,PACKAGING,PACKAGING BAR,Inventory,true,,"{""bomName"":null,""productID"":1455,""flagActive"":true,""productCode"":""PCPB-00014"",""productName"":""TUTUP CUP HOT"",""categoryName"":""PACKAGING"",""subCategoryName"":""PACKAGING BAR"",""categoryTypeName"":""Inventory""}",2026-08-21 18:25:32.021999+00,2026-08-28 07:30:20.376907+00
532,1,1652,TUTUP CUP HOT 8 OZ DOUBLE WALL,PCPB-00030,,PACKAGING,PACKAGING BAR,Inventory,true,,"{""bomName"":null,""productID"":1652,""flagActive"":true,""productCode"":""PCPB-00030"",""productName"":""TUTUP CUP HOT 8 OZ DOUBLE WALL"",""categoryName"":""PACKAGING"",""subCategoryName"":""PACKAGING BAR"",""categoryTypeName"":""Inventory""}",2026-08-21 18:25:32.021999+00,2026-08-28 07:30:20.376907+00
533,1,1705,TUTUP CUP INJECTION POLOIS,PCPB-00036,,PACKAGING,PACKAGING BAR,Inventory,false,,"{""bomName"":null,""productID"":1705,""flagActive"":false,""productCode"":""PCPB-00036"",""productName"":""TUTUP CUP INJECTION POLOIS"",""categoryName"":""PACKAGING"",""subCategoryName"":""PACKAGING BAR"",""categoryTypeName"":""Inventory""}",2026-08-21 18:25:32.021999+00,2026-08-28 07:30:20.376907+00
534,1,1701,TUTUP CUP INJECTION WASGEE,PCPB-00032,,PACKAGING,PACKAGING BAR,Inventory,false,,"{""bomName"":null,""productID"":1701,""flagActive"":false,""productCode"":""PCPB-00032"",""productName"":""TUTUP CUP INJECTION WASGEE"",""categoryName"":""PACKAGING"",""subCategoryName"":""PACKAGING BAR"",""categoryTypeName"":""Inventory""}",2026-08-21 18:25:32.021999+00,2026-08-28 07:30:20.376907+00
535,1,1457,TUTUP CUP JEFFERSON & TEA DOME LID,PCPB-00016,,PACKAGING,PACKAGING BAR,Inventory,true,,"{""bomName"":null,""productID"":1457,""flagActive"":true,""productCode"":""PCPB-00016"",""productName"":""TUTUP CUP JEFFERSON & TEA DOME LID"",""categoryName"":""PACKAGING"",""subCategoryName"":""PACKAGING BAR"",""categoryTypeName"":""Inventory""}",2026-08-21 18:25:32.021999+00,2026-08-28 07:30:20.376907+00
536,1,1456,TUTUP CUP JEFFERSON & TEA FLAT LID,PCPB-00015,,PACKAGING,PACKAGING BAR,Inventory,true,,"{""bomName"":null,""productID"":1456,""flagActive"":true,""productCode"":""PCPB-00015"",""productName"":""TUTUP CUP JEFFERSON & TEA FLAT LID"",""categoryName"":""PACKAGING"",""subCategoryName"":""PACKAGING BAR"",""categoryTypeName"":""Inventory""}",2026-08-21 18:25:32.021999+00,2026-08-28 07:30:20.376907+00
537,1,1458,TUTUP KALENG 250ML,PCPB-00018,,PACKAGING,PACKAGING BAR,Inventory,true,,"{""bomName"":null,""productID"":1458,""flagActive"":true,""productCode"":""PCPB-00018"",""productName"":""TUTUP KALENG 250ML"",""categoryName"":""PACKAGING"",""subCategoryName"":""PACKAGING BAR"",""categoryTypeName"":""Inventory""}",2026-08-21 18:25:32.021999+00,2026-08-28 07:30:20.376907+00
538,1,1459,TUTUP KALENG 330ML,PCPB-00017,,PACKAGING,PACKAGING BAR,Inventory,true,,"{""bomName"":null,""productID"":1459,""flagActive"":true,""productCode"":""PCPB-00017"",""productName"":""TUTUP KALENG 330ML"",""categoryName"":""PACKAGING"",""subCategoryName"":""PACKAGING BAR"",""categoryTypeName"":""Inventory""}",2026-08-21 18:25:32.021999+00,2026-08-28 07:30:20.376907+00
539,1,1460,UHT ALMOND BREEZE BARISTA 946ML,RMFR-00048,,RAW MATERIAL,FRESH,Inventory,true,,"{""bomName"":null,""productID"":1460,""flagActive"":true,""productCode"":""RMFR-00048"",""productName"":""UHT ALMOND BREEZE BARISTA 946ML"",""categoryName"":""RAW MATERIAL"",""subCategoryName"":""FRESH"",""categoryTypeName"":""Inventory""}",2026-08-21 18:25:32.021999+00,2026-08-28 07:30:20.376907+00
540,1,1461,UHT ALMOND BREEZE CHOCO 946ML,RMFR-00045,,RAW MATERIAL,FRESH,Inventory,true,,"{""bomName"":null,""productID"":1461,""flagActive"":true,""productCode"":""RMFR-00045"",""productName"":""UHT ALMOND BREEZE CHOCO 946ML"",""categoryName"":""RAW MATERIAL"",""subCategoryName"":""FRESH"",""categoryTypeName"":""Inventory""}",2026-08-21 18:25:32.021999+00,2026-08-28 07:30:20.376907+00
541,1,1462,UHT ALMOND BREEZE LATTE 946ML,RMFR-00047,,RAW MATERIAL,FRESH,Inventory,true,,"{""bomName"":null,""productID"":1462,""flagActive"":true,""productCode"":""RMFR-00047"",""productName"":""UHT ALMOND BREEZE LATTE 946ML"",""categoryName"":""RAW MATERIAL"",""subCategoryName"":""FRESH"",""categoryTypeName"":""Inventory""}",2026-08-21 18:25:32.021999+00,2026-08-28 07:30:20.376907+00
542,1,1463,UHT ALMOND BREEZE ORIGINAL 946ML,RMFR-00044,,RAW MATERIAL,FRESH,Inventory,true,,"{""bomName"":null,""productID"":1463,""flagActive"":true,""productCode"":""RMFR-00044"",""productName"":""UHT ALMOND BREEZE ORIGINAL 946ML"",""categoryName"":""RAW MATERIAL"",""subCategoryName"":""FRESH"",""categoryTypeName"":""Inventory""}",2026-08-21 18:25:32.021999+00,2026-08-28 07:30:20.376907+00
543,1,1464,UHT ALMOND BREEZE VANILLA 946ML,RMFR-00046,,RAW MATERIAL,FRESH,Inventory,true,,"{""bomName"":null,""productID"":1464,""flagActive"":true,""productCode"":""RMFR-00046"",""productName"":""UHT ALMOND BREEZE VANILLA 946ML"",""categoryName"":""RAW MATERIAL"",""subCategoryName"":""FRESH"",""categoryTypeName"":""Inventory""}",2026-08-21 18:25:32.021999+00,2026-08-28 07:30:20.376907+00
544,1,1465,UHT ARLA ORGANIC 1000ML,RMFR-00049,,RAW MATERIAL,FRESH,Inventory,true,,"{""bomName"":null,""productID"":1465,""flagActive"":true,""productCode"":""RMFR-00049"",""productName"":""UHT ARLA ORGANIC 1000ML"",""categoryName"":""RAW MATERIAL"",""subCategoryName"":""FRESH"",""categoryTypeName"":""Inventory""}",2026-08-21 18:25:32.021999+00,2026-08-28 07:30:20.376907+00
545,1,1466,UHT ARUMMI CASHEW BARISTA 1000ML,RMFR-00040,,RAW MATERIAL,FRESH,Inventory,true,,"{""bomName"":null,""productID"":1466,""flagActive"":true,""productCode"":""RMFR-00040"",""productName"":""UHT ARUMMI CASHEW BARISTA 1000ML"",""categoryName"":""RAW MATERIAL"",""subCategoryName"":""FRESH"",""categoryTypeName"":""Inventory""}",2026-08-21 18:25:32.021999+00,2026-08-28 07:30:20.376907+00
546,1,1467,UHT ARUMMI CASHEW CLASSIC 1000ML,RMFR-00041,,RAW MATERIAL,FRESH,Inventory,true,,"{""bomName"":null,""productID"":1467,""flagActive"":true,""productCode"":""RMFR-00041"",""productName"":""UHT ARUMMI CASHEW CLASSIC 1000ML"",""categoryName"":""RAW MATERIAL"",""subCategoryName"":""FRESH"",""categoryTypeName"":""Inventory""}",2026-08-21 18:25:32.021999+00,2026-08-28 07:30:20.376907+00
547,1,1468,UHT BROOKFARM ALMOND DARK CHOCO 200ML,RMFR-00037,,RAW MATERIAL,FRESH,Inventory,true,,"{""bomName"":null,""productID"":1468,""flagActive"":true,""productCode"":""RMFR-00037"",""productName"":""UHT BROOKFARM ALMOND DARK CHOCO 200ML"",""categoryName"":""RAW MATERIAL"",""subCategoryName"":""FRESH"",""categoryTypeName"":""Inventory""}",2026-08-21 18:25:32.021999+00,2026-08-28 07:30:20.376907+00
548,1,1469,UHT BROOKFARM ALMOND MATCHA 200ML,RMFR-00035,,RAW MATERIAL,FRESH,Inventory,true,,"{""bomName"":null,""productID"":1469,""flagActive"":true,""productCode"":""RMFR-00035"",""productName"":""UHT BROOKFARM ALMOND MATCHA 200ML"",""categoryName"":""RAW MATERIAL"",""subCategoryName"":""FRESH"",""categoryTypeName"":""Inventory""}",2026-08-21 18:25:32.021999+00,2026-08-28 07:30:20.376907+00
549,1,1470,UHT BROOKFARM ALMOND ORI 200ML,RMFR-00034,,RAW MATERIAL,FRESH,Inventory,true,,"{""bomName"":null,""productID"":1470,""flagActive"":true,""productCode"":""RMFR-00034"",""productName"":""UHT BROOKFARM ALMOND ORI 200ML"",""categoryName"":""RAW MATERIAL"",""subCategoryName"":""FRESH"",""categoryTypeName"":""Inventory""}",2026-08-21 18:25:32.021999+00,2026-08-28 07:30:20.376907+00
550,1,1471,UHT BROOKFARM ALMOND SALTED CARAMEL 200ML,RMFR-00036,,RAW MATERIAL,FRESH,Inventory,true,,"{""bomName"":null,""productID"":1471,""flagActive"":true,""productCode"":""RMFR-00036"",""productName"":""UHT BROOKFARM ALMOND SALTED CARAMEL 200ML"",""categoryName"":""RAW MATERIAL"",""subCategoryName"":""FRESH"",""categoryTypeName"":""Inventory""}",2026-08-21 18:25:32.021999+00,2026-08-28 07:30:20.376907+00
551,1,1472,UHT DIAMOND 1000ML,RMFR-00020,,RAW MATERIAL,FRESH,Inventory,true,,"{""bomName"":null,""productID"":1472,""flagActive"":true,""productCode"":""RMFR-00020"",""productName"":""UHT DIAMOND 1000ML"",""categoryName"":""RAW MATERIAL"",""subCategoryName"":""FRESH"",""categoryTypeName"":""Inventory""}",2026-08-21 18:25:32.021999+00,2026-08-28 07:30:20.376907+00
552,1,1533,UHT DIAMOND CHOCOLATE 1000ML,RMFR-00066,,RAW MATERIAL,FRESH,Inventory,true,,"{""bomName"":null,""productID"":1533,""flagActive"":true,""productCode"":""RMFR-00066"",""productName"":""UHT DIAMOND CHOCOLATE 1000ML"",""categoryName"":""RAW MATERIAL"",""subCategoryName"":""FRESH"",""categoryTypeName"":""Inventory""}",2026-08-21 18:25:32.021999+00,2026-08-28 07:30:20.376907+00
553,1,1532,UHT DIAMOND LOWFAT 1000ML,RMFR-00065,,RAW MATERIAL,FRESH,Inventory,true,,"{""bomName"":null,""productID"":1532,""flagActive"":true,""productCode"":""RMFR-00065"",""productName"":""UHT DIAMOND LOWFAT 1000ML"",""categoryName"":""RAW MATERIAL"",""subCategoryName"":""FRESH"",""categoryTypeName"":""Inventory""}",2026-08-21 18:25:32.021999+00,2026-08-28 07:30:20.376907+00
554,1,1473,UHT DIAMOND MILK ALL PURPOSE 1000ML,RMFR-00039,,RAW MATERIAL,FRESH,Inventory,true,,"{""bomName"":null,""productID"":1473,""flagActive"":true,""productCode"":""RMFR-00039"",""productName"":""UHT DIAMOND MILK ALL PURPOSE 1000ML"",""categoryName"":""RAW MATERIAL"",""subCategoryName"":""FRESH"",""categoryTypeName"":""Inventory""}",2026-08-21 18:25:32.021999+00,2026-08-28 07:30:20.376907+00
555,1,1474,UHT DIAMOND MILK RICH 1000ML,RMFR-00038,,RAW MATERIAL,FRESH,Inventory,true,,"{""bomName"":null,""productID"":1474,""flagActive"":true,""productCode"":""RMFR-00038"",""productName"":""UHT DIAMOND MILK RICH 1000ML"",""categoryName"":""RAW MATERIAL"",""subCategoryName"":""FRESH"",""categoryTypeName"":""Inventory""}",2026-08-21 18:25:32.021999+00,2026-08-28 07:30:20.376907+00
556,1,1475,UHT INDOMILK 950ML,RMFR-00021,,RAW MATERIAL,FRESH,Inventory,true,,"{""bomName"":null,""productID"":1475,""flagActive"":true,""productCode"":""RMFR-00021"",""productName"":""UHT INDOMILK 950ML"",""categoryName"":""RAW MATERIAL"",""subCategoryName"":""FRESH"",""categoryTypeName"":""Inventory""}",2026-08-21 18:25:32.021999+00,2026-08-28 07:30:20.376907+00
557,1,1476,UHT MILK LIFE 1000ML,RMFR-00022,,RAW MATERIAL,FRESH,Inventory,true,,"{""bomName"":null,""productID"":1476,""flagActive"":true,""productCode"":""RMFR-00022"",""productName"":""UHT MILK LIFE 1000ML"",""categoryName"":""RAW MATERIAL"",""subCategoryName"":""FRESH"",""categoryTypeName"":""Inventory""}",2026-08-21 18:25:32.021999+00,2026-08-28 07:30:20.376907+00
558,1,1477,UHT MILKLIFE 1000ML,RMFR-00023,,RAW MATERIAL,FRESH,Inventory,true,,"{""bomName"":null,""productID"":1477,""flagActive"":true,""productCode"":""RMFR-00023"",""productName"":""UHT MILKLIFE 1000ML"",""categoryName"":""RAW MATERIAL"",""subCategoryName"":""FRESH"",""categoryTypeName"":""Inventory""}",2026-08-21 18:25:32.021999+00,2026-08-28 07:30:20.376907+00
559,1,1478,UHT OATSIDE 1000ML,RMFR-00024,,RAW MATERIAL,FRESH,Inventory,true,,"{""bomName"":null,""productID"":1478,""flagActive"":true,""productCode"":""RMFR-00024"",""productName"":""UHT OATSIDE 1000ML"",""categoryName"":""RAW MATERIAL"",""subCategoryName"":""FRESH"",""categoryTypeName"":""Inventory""}",2026-08-21 18:25:32.021999+00,2026-08-28 07:30:20.376907+00
560,1,1540,UNDER COUNTER,TLLS-00008,,TOOLS,TOOLS,Asset,true,,"{""bomName"":null,""productID"":1540,""flagActive"":true,""productCode"":""TLLS-00008"",""productName"":""UNDER COUNTER"",""categoryName"":""TOOLS"",""subCategoryName"":""TOOLS"",""categoryTypeName"":""Asset""}",2026-08-21 18:25:32.021999+00,2026-08-28 07:30:20.376907+00
561,1,1479,VSOY LOW SUGAR 1000ML,RMFR-00025,,RAW MATERIAL,FRESH,Inventory,true,,"{""bomName"":null,""productID"":1479,""flagActive"":true,""productCode"":""RMFR-00025"",""productName"":""VSOY LOW SUGAR 1000ML"",""categoryName"":""RAW MATERIAL"",""subCategoryName"":""FRESH"",""categoryTypeName"":""Inventory""}",2026-08-21 18:25:32.021999+00,2026-08-28 07:30:20.376907+00
562,1,1480,VSOY MULTIGRAIN 1000ML,RMFR-00026,,RAW MATERIAL,FRESH,Inventory,true,,"{""bomName"":null,""productID"":1480,""flagActive"":true,""productCode"":""RMFR-00026"",""productName"":""VSOY MULTIGRAIN 1000ML"",""categoryName"":""RAW MATERIAL"",""subCategoryName"":""FRESH"",""categoryTypeName"":""Inventory""}",2026-08-21 18:25:32.021999+00,2026-08-28 07:30:20.376907+00
563,1,1481,VSOY MULTIGRAIN 200ML,RMFR-00027,,RAW MATERIAL,FRESH,Inventory,true,,"{""bomName"":null,""productID"":1481,""flagActive"":true,""productCode"":""RMFR-00027"",""productName"":""VSOY MULTIGRAIN 200ML"",""categoryName"":""RAW MATERIAL"",""subCategoryName"":""FRESH"",""categoryTypeName"":""Inventory""}",2026-08-21 18:25:32.021999+00,2026-08-28 07:30:20.376907+00
564,1,1482,VSOY ORIGINAL 1000ML,RMFR-00028,,RAW MATERIAL,FRESH,Inventory,true,,"{""bomName"":null,""productID"":1482,""flagActive"":true,""productCode"":""RMFR-00028"",""productName"":""VSOY ORIGINAL 1000ML"",""categoryName"":""RAW MATERIAL"",""subCategoryName"":""FRESH"",""categoryTypeName"":""Inventory""}",2026-08-21 18:25:32.021999+00,2026-08-28 07:30:20.376907+00
565,1,1483,WHIPPING CREAM BROOKFARM 1000ML,RMFR-00053,,RAW MATERIAL,FRESH,Inventory,true,,"{""bomName"":null,""productID"":1483,""flagActive"":true,""productCode"":""RMFR-00053"",""productName"":""WHIPPING CREAM BROOKFARM 1000ML"",""categoryName"":""RAW MATERIAL"",""subCategoryName"":""FRESH"",""categoryTypeName"":""Inventory""}",2026-08-21 18:25:32.021999+00,2026-08-28 07:30:20.376907+00
566,1,1592,YAKULT,RMBV-00026,,RAW MATERIAL,BEVERAGE,Inventory,true,,"{""bomName"":null,""productID"":1592,""flagActive"":true,""productCode"":""RMBV-00026"",""productName"":""YAKULT"",""categoryName"":""RAW MATERIAL"",""subCategoryName"":""BEVERAGE"",""categoryTypeName"":""Inventory""}",2026-08-21 18:25:32.021999+00,2026-08-28 07:30:20.376907+00
567,4,991,24V CANNULAR PRO DC TRANSFORMER (WITH ANDERSON PLUG X 2M; 240V POWER CORD DIRECTLY)-EU PLUG(220V),TLLS-00019,,TOOLS,TOOLS,Inventory,true,,{},2026-08-21 18:25:32.021999+00,2026-08-21 18:36:17.00606+00
568,4,577,AIR,RMBV-00019,,Raw Material,BEVERAGE,Inventory,true,,{},2026-08-21 18:25:32.021999+00,2026-08-21 18:36:17.00606+00
569,4,578,ALUMUNIUM FOIL OX 100 ( CUP PUDDING ),PCPK-00001,,PACKAGING,PACKAGING KITCHEN,Inventory,true,,{},2026-08-21 18:25:32.021999+00,2026-08-21 18:36:17.00606+00
570,4,579,AREN BIASA,RMBV-00001,,Raw Material,BEVERAGE,Inventory,true,,{},2026-08-21 18:25:32.021999+00,2026-08-21 18:36:17.00606+00
571,4,580,AYAM PAHA FILLET,RMMT-00003,,Raw Material,MEAT,Inventory,true,,{},2026-08-21 18:25:32.021999+00,2026-08-21 18:36:17.00606+00
572,4,878,BAKING PAPER,KSUK-00009,,KITCHENWARE & SUPPLIES,PACKAGING KITCHEN,Inventory,true,,{},2026-08-21 18:25:32.021999+00,2026-08-21 18:36:17.00606+00
573,4,581,BAKING POWDER,RMKC-00001,,RAW MATERIAL FOOD,KITCHEN,Inventory,true,,{},2026-08-21 18:25:32.021999+00,2026-08-21 18:36:17.00606+00
574,4,582,BAWANG BOMBAY,RMVG-00003,,Raw Material,VEGETABLE,Inventory,true,,{},2026-08-21 18:25:32.021999+00,2026-08-21 18:36:17.00606+00
575,4,583,BAWANG MERAH KUPAS,RMVG-00001,,Raw Material,VEGETABLE,Inventory,true,,{},2026-08-21 18:25:32.021999+00,2026-08-21 18:36:17.00606+00
576,4,584,BAWANG PUTIH KUPAS,RMVG-00002,,Raw Material,VEGETABLE,Inventory,true,,{},2026-08-21 18:25:32.021999+00,2026-08-21 18:36:17.00606+00
577,4,948,BEEF BRATWURST,RMMT-00006,,RAW MATERIAL FOOD,MEAT,Inventory,true,,{},2026-08-21 18:25:32.021999+00,2026-08-21 18:36:17.00606+00
578,4,585,BEEF SHORTPLATE,RMMT-00001,,Raw Material,MEAT,Inventory,true,,{},2026-08-21 18:25:32.021999+00,2026-08-21 18:36:17.00606+00
579,4,586,BERAS 20000gr,RMKC-00002,,RAW MATERIAL FOOD,KITCHEN,Inventory,true,,{},2026-08-21 18:25:32.021999+00,2026-08-21 18:36:17.00606+00
580,4,877,BERAS NEW,RMKC-00042,,RAW MATERIAL FOOD,KITCHEN,Inventory,true,,{},2026-08-21 18:25:32.021999+00,2026-08-21 18:36:17.00606+00
581,4,587,BISCUIT BISKUAT 152GR,RMDG-00001,,Raw Material,DRY GOODS,Inventory,true,,{},2026-08-21 18:25:32.021999+00,2026-08-21 18:36:17.00606+00
582,4,588,BISCUIT OREO 442GR,RMDG-00002,,Raw Material,DRY GOODS,Inventory,true,,{},2026-08-21 18:25:32.021999+00,2026-08-21 18:36:17.00606+00
583,4,589,BISCUIT REGAL 230GR,RMDG-00003,,Raw Material,DRY GOODS,Inventory,true,,{},2026-08-21 18:25:32.021999+00,2026-08-21 18:36:17.00606+00
584,4,590,BLUE BAND COOKIES & CAKE 200GR,RMKC-00003,,RAW MATERIAL FOOD,KITCHEN,Inventory,true,,{},2026-08-21 18:25:32.021999+00,2026-08-21 18:36:17.00606+00
585,4,591,BOLOGNESE SAUCE 500GR,RMKC-00004,,RAW MATERIAL FOOD,KITCHEN,Inventory,true,,{},2026-08-21 18:25:32.021999+00,2026-08-21 18:36:17.00606+00
586,4,592,BOTOL KALE 1000ML,PCPB-00001,,PACKAGING,PACKAGING BAR,Inventory,true,,{},2026-08-21 18:25:32.021999+00,2026-08-21 18:36:17.00606+00
587,4,594,BUBBLE WRAP,KSUT-00027,,General,UTENSIL,Inventory,true,,{},2026-08-21 18:25:32.021999+00,2026-08-21 18:36:17.00606+00
588,4,595,BUTTER ANCHOR CREAM CHEESE 1000GR,RMFR-00052,,Raw Material,FRESH,Inventory,true,,{},2026-08-21 18:25:32.021999+00,2026-08-21 18:36:17.00606+00
589,4,596,BUTTER ANCHOR SALTED 200GR,RMFR-00051,,Raw Material,FRESH,Inventory,true,,{},2026-08-21 18:25:32.021999+00,2026-08-21 18:36:17.00606+00
590,4,597,BUTTER ANCHOR UNSALTED 200GR,RMFR-00050,,Raw Material,FRESH,Inventory,true,,{},2026-08-21 18:25:32.021999+00,2026-08-21 18:36:17.00606+00
591,4,936,BUTTER UNSALTED ORCHID,RMKC-00045,,RAW MATERIAL FOOD,KITCHEN,Inventory,true,,{},2026-08-21 18:25:32.021999+00,2026-08-21 18:36:17.00606+00
592,4,598,CABE HIJAU BESAR,RMVG-00004,,Raw Material,VEGETABLE,Inventory,true,,{},2026-08-21 18:25:32.021999+00,2026-08-21 18:36:17.00606+00
593,4,599,CABE MERAH KERITING,RMVG-00005,,Raw Material,VEGETABLE,Inventory,true,,{},2026-08-21 18:25:32.021999+00,2026-08-21 18:36:17.00606+00
594,4,600,CABE RAWIT MERAH,RMVG-00006,,Raw Material,VEGETABLE,Inventory,true,,{},2026-08-21 18:25:32.021999+00,2026-08-21 18:36:17.00606+00
595,4,601,CABLE TIES,KSUT-00001,,PACKAGING,KITCHENWARE & SUPPLIES,Inventory,false,,{},2026-08-21 18:25:32.021999+00,2026-08-21 18:36:17.00606+00
596,4,906,CABLE TIES (NEW),INSU-00005,,PACKAGING,KITCHENWARE & SUPPLIES,Inventory,true,,{},2026-08-21 18:25:32.021999+00,2026-08-21 18:36:17.00606+00
597,4,997,CANNULAR 1ST OP ROLLER-G2,TLLS-00025,,TOOLS,TOOLS,Inventory,true,,{},2026-08-21 18:25:32.021999+00,2026-08-21 18:36:17.00606+00
598,4,995,CANNULAR ANDERSON PLUG,TLLS-00023,,TOOLS,TOOLS,Inventory,true,,{},2026-08-21 18:25:32.021999+00,2026-08-21 18:36:17.00606+00
599,4,999,CANNULAR BEARINGS FOR CHUCK SEMI AUTO MODEL ONLY,TLLS-00027,,TOOLS,TOOLS,Inventory,true,,{},2026-08-21 18:25:32.021999+00,2026-08-21 18:36:17.00606+00
600,4,996,CANNULAR OPERATION SWITCH FOR MANUAL & SEMI AUTO MODEL,TLLS-00024,,TOOLS,TOOLS,Inventory,true,,{},2026-08-21 18:25:32.021999+00,2026-08-21 18:36:17.00606+00
601,4,990,CANNULAR SEMI AUTO (CDLE CHUCK ) - DC CANNING MACHINE-24V,TLLS-00018,,TOOLS,TOOLS,Inventory,true,,{},2026-08-21 18:25:32.021999+00,2026-08-21 18:36:17.00606+00
602,4,992,CANNULAR SEMI AUTO MACHINE REPLACEMENT MOTOR( 24V 350W 3300 R/MIN),TLLS-00020,,TOOLS,TOOLS,Inventory,true,,{},2026-08-21 18:25:32.021999+00,2026-08-21 18:36:17.00606+00
603,4,998,"CANNULAR VISY CHUCK - SUITS 202 CDLE ENDS (MAY ALSO FIT THE B34, B17, 22A)",TLLS-00026,,TOOLS,TOOLS,Inventory,true,,{},2026-08-21 18:25:32.021999+00,2026-08-21 18:36:17.00606+00
604,4,602,CHEESE MOZZARELLA BLOCK,RMFR-00002,,Raw Material,FRESH,Inventory,true,,{},2026-08-21 18:25:32.021999+00,2026-08-21 18:36:17.00606+00
605,4,1001,CHUCK STAINLESS,TLLS-00029,,TOOLS,TOOLS,Inventory,true,,{},2026-08-21 18:25:32.021999+00,2026-08-21 18:36:17.00606+00
606,4,603,CLEO BOTOL 550ML,RMBV-00023,,Raw Material,BEVERAGE,Inventory,true,,{},2026-08-21 18:25:32.021999+00,2026-08-21 18:36:17.00606+00
607,4,604,CLEO GALON 18 L,RMBV-00024,,Raw Material,BEVERAGE,Inventory,true,,{},2026-08-21 18:25:32.021999+00,2026-08-21 18:36:17.00606+00
608,4,934,COCONUT WATER,RMBV-00027,,Raw Material,BEVERAGE,Inventory,true,,{},2026-08-21 18:25:32.021999+00,2026-08-21 18:36:17.00606+00
609,4,605,COUNTRY MAPLE SYRUP 710ML,RMKC-00005,,RAW MATERIAL FOOD,KITCHEN,Inventory,true,,{},2026-08-21 18:25:32.021999+00,2026-08-21 18:36:17.00606+00
610,4,606,CREAMER (MAX) 500GR,RMBV-00002,,Raw Material,BEVERAGE,Inventory,true,,{},2026-08-21 18:25:32.021999+00,2026-08-21 18:36:17.00606+00
611,4,607,CREAMER (MULTIBEV) 1000GR,RMBV-00003,,Raw Material,BEVERAGE,Inventory,true,,{},2026-08-21 18:25:32.021999+00,2026-08-21 18:36:17.00606+00
612,4,890,CREOLIN,GNCH-00008,,General,CHEMICAL,Inventory,true,,{},2026-08-21 18:25:32.021999+00,2026-08-21 18:36:17.00606+00
613,4,608,CUP 10 0Z (BAJAJ),PCPB-00002,,PACKAGING,PACKAGING BAR,Inventory,true,,{},2026-08-21 18:25:32.021999+00,2026-08-21 18:36:17.00606+00
614,4,609,CUP 10 OZ POLOS,PCPB-00019,,PACKAGING,PACKAGING BAR,Inventory,true,,{},2026-08-21 18:25:32.021999+00,2026-08-21 18:36:17.00606+00
615,4,610,CUP ES,PCPB-00003,,PACKAGING,PACKAGING BAR,Inventory,true,,{},2026-08-21 18:25:32.021999+00,2026-08-21 18:36:17.00606+00
616,4,928,CUP ES COTR,PPB-00002,,PACKAGING,PACKAGING BAR,Inventory,true,,{},2026-08-21 18:25:32.021999+00,2026-08-21 18:36:17.00606+00
617,4,611,CUP FROSTED,PCPB-00004,,PACKAGING,PACKAGING BAR,Inventory,true,,{},2026-08-21 18:25:32.021999+00,2026-08-21 18:36:17.00606+00
618,4,968,CUP HOT 12OZ DOUBLE WALL,PCPB-00028,,PACKAGING,PACKAGING BAR,Inventory,true,,{},2026-08-21 18:25:32.021999+00,2026-08-21 18:36:17.00606+00
619,4,612,CUP HOT 8 OZ,PCPB-00005,,PACKAGING,PACKAGING BAR,Inventory,true,,{},2026-08-21 18:25:32.021999+00,2026-08-21 18:36:17.00606+00
620,4,977,CUP HOT 8 OZ DOUBLE WALL,PCPB-00029,,PACKAGING,PACKAGING BAR,Inventory,true,,{},2026-08-21 18:25:32.021999+00,2026-08-21 18:36:17.00606+00
621,4,1050,CUP INJECTION 16OZ POLOS,PCPB-00035,,PACKAGING,PACKAGING BAR,Inventory,true,,{},2026-08-21 18:25:32.021999+00,2026-08-21 18:36:17.00606+00
622,4,1046,CUP INJECTION 16OZ WASGEE,PCPB-00031,,PACKAGING,PACKAGING BAR,Inventory,true,,{},2026-08-21 18:25:32.021999+00,2026-08-21 18:36:17.00606+00
623,4,613,CUP JEFFERSON & TEA,PCPB-00006,,PACKAGING,PACKAGING BAR,Inventory,true,,{},2026-08-21 18:25:32.021999+00,2026-08-21 18:36:17.00606+00
624,4,614,CUP SAUCE 100ML,PCAP-00003,,PACKAGING,ADDITIONAL PACKAGING,Inventory,true,,{},2026-08-21 18:25:32.021999+00,2026-08-21 18:36:17.00606+00
625,4,615,CUP SAUCE 25ML,PCAP-00002,,PACKAGING,ADDITIONAL PACKAGING,Inventory,true,,{},2026-08-21 18:25:32.021999+00,2026-08-21 18:36:17.00606+00
626,4,616,CUP SAUCE 35ML,PCPK-00002,,PACKAGING,PACKAGING KITCHEN,Inventory,true,,{},2026-08-21 18:25:32.021999+00,2026-08-21 18:36:17.00606+00
627,4,617,CUP SAUCE 60ML,PCPK-00003,,PACKAGING,PACKAGING KITCHEN,Inventory,true,,{},2026-08-21 18:25:32.021999+00,2026-08-21 18:36:17.00606+00
628,4,618,CUP SEALER,KSUT-00004,,PACKAGING,KITCHENWARE & SUPPLIES,Inventory,false,,{},2026-08-21 18:25:32.021999+00,2026-08-21 18:36:17.00606+00
629,4,908,CUP SEALER (NEW),INSU-00008,,PACKAGING,KITCHENWARE & SUPPLIES,Inventory,true,,{},2026-08-21 18:25:32.021999+00,2026-08-21 18:36:17.00606+00
630,4,1010,CUP SEALER KECIL,INSU-00011,,PACKAGING,KITCHENWARE & SUPPLIES,Inventory,true,,{},2026-08-21 18:25:32.021999+00,2026-08-21 18:36:17.00606+00
631,4,1061,DA HONG PAO OOLONG TEA 500GR,RMDG-00013,,Raw Material,DRY GOODS,Inventory,true,,{},2026-08-21 18:25:32.021999+00,2026-08-21 18:36:17.00606+00
632,4,619,DAUN JERUK,RMVG-00007,,Raw Material,VEGETABLE,Inventory,true,,{},2026-08-21 18:25:32.021999+00,2026-08-21 18:36:17.00606+00
633,4,620,DIMSUM,RMFR-00003,,Raw Material,FRESH,Inventory,true,,{},2026-08-21 18:25:32.021999+00,2026-08-21 18:36:17.00606+00
634,4,621,DRIED ORANGE 500GR,RMDG-00008,,Raw Material,DRY GOODS,Inventory,true,,{},2026-08-21 18:25:32.021999+00,2026-08-21 18:36:17.00606+00
635,4,622,DRIED PINEAPPLE 500GR,RMDG-00007,,Raw Material,DRY GOODS,Inventory,true,,{},2026-08-21 18:25:32.021999+00,2026-08-21 18:36:17.00606+00
636,4,623,DRIED ROSELLA 500GR,RMDG-00006,,Raw Material,DRY GOODS,Inventory,true,,{},2026-08-21 18:25:32.021999+00,2026-08-21 18:36:17.00606+00
637,4,1062,EARL GREY 500GR,RMDG-00014,,Raw Material,DRY GOODS,Inventory,true,,{},2026-08-21 18:25:32.021999+00,2026-08-21 18:36:17.00606+00
638,4,975,EARL GREY LEAVES,RMDG-00009,,Raw Material,DRY GOODS,Inventory,true,,{},2026-08-21 18:25:32.021999+00,2026-08-21 18:36:17.00606+00
639,4,1009,ELEMENT PEMANAS,TLLS-00032,,TOOLS,TOOLS,Inventory,true,,{},2026-08-21 18:25:32.021999+00,2026-08-21 18:36:17.00606+00
640,4,624,ES BATU,RMBV-00022,,Raw Material,BEVERAGE,Inventory,false,,{},2026-08-21 18:25:32.021999+00,2026-08-21 18:36:17.00606+00
641,4,625,ES SERUT,RMBV-00020,,Raw Material,BEVERAGE,Inventory,true,,{},2026-08-21 18:25:32.021999+00,2026-08-21 18:36:17.00606+00
642,4,626,EVAPORATED MILK FN 380GR,RMBV-00004,,Raw Material,BEVERAGE,Inventory,true,,{},2026-08-21 18:25:32.021999+00,2026-08-21 18:36:17.00606+00
643,4,627,EVAPORATED MILK TIGA SAPI 500GR,RMFR-00004,,Raw Material,FRESH,Inventory,true,,{},2026-08-21 18:25:32.021999+00,2026-08-21 18:36:17.00606+00
644,4,628,FLAME GUN,KSUK-00008,,PACKAGING,KITCHENWARE & SUPPLIES,Inventory,true,,{},2026-08-21 18:25:32.021999+00,2026-08-21 18:36:17.00606+00
645,4,897,FREEZER 310,TLLS-00005,,TOOLS,TOOLS,Inventory,true,,{},2026-08-21 18:25:32.021999+00,2026-08-21 18:36:17.00606+00
646,4,629,FRENCH FRIES STRAIGHT CUT 2000GR,RMFR-00005,,Raw Material,FRESH,Inventory,true,,{},2026-08-21 18:25:32.021999+00,2026-08-21 18:36:17.00606+00
647,4,945,FRENCH FRIES STRAIGHT CUT CHINA,RMKC-00054,,RAW MATERIAL FOOD,KITCHEN,Inventory,true,,{},2026-08-21 18:25:32.021999+00,2026-08-21 18:36:17.00606+00
648,4,630,FRESH MILK BROOKFARM CHOCOLATE 946ML,RMFR-00031,,Raw Material,FRESH,Inventory,true,,{},2026-08-21 18:25:32.021999+00,2026-08-21 18:36:17.00606+00
649,4,631,FRESH MILK BROOKFARM LOW FAT 946ML,RMFR-00030,,Raw Material,FRESH,Inventory,true,,{},2026-08-21 18:25:32.021999+00,2026-08-21 18:36:17.00606+00
650,4,632,FRESH MILK BROOKFARM PLAIN 946ML,RMFR-00032,,Raw Material,FRESH,Inventory,true,,{},2026-08-21 18:25:32.021999+00,2026-08-21 18:36:17.00606+00
651,4,633,FRESH MILK BROOKFARM SOYA 946ML,RMFR-00033,,Raw Material,FRESH,Inventory,true,,{},2026-08-21 18:25:32.021999+00,2026-08-21 18:36:17.00606+00
652,4,634,FRESH MILK CIMORY 950ML,RMFR-00006,,Raw Material,FRESH,Inventory,true,,{},2026-08-21 18:25:32.021999+00,2026-08-21 18:36:17.00606+00
653,4,635,FRESH MILK DELUXE MILK MEIJI 946ML,RMFR-00007,,Raw Material,FRESH,Inventory,true,,{},2026-08-21 18:25:32.021999+00,2026-08-21 18:36:17.00606+00
654,4,636,FRESH MILK DIAMOND 946ML,RMFR-00008,,Raw Material,FRESH,Inventory,true,,{},2026-08-21 18:25:32.021999+00,2026-08-21 18:36:17.00606+00
655,4,637,FRESH MILK OLDENBURGER 1000ML,RMFR-00042,,Raw Material,FRESH,Inventory,true,,{},2026-08-21 18:25:32.021999+00,2026-08-21 18:36:17.00606+00
656,4,638,FRESH MILK OLDENBURGER SKIMMED MILK 1000ML,RMFR-00043,,Raw Material,FRESH,Inventory,true,,{},2026-08-21 18:25:32.021999+00,2026-08-21 18:36:17.00606+00
657,4,639,FRESH MILK STRAWBERRY 946ML,RMFR-00029,,Raw Material,FRESH,Inventory,true,,{},2026-08-21 18:25:32.021999+00,2026-08-21 18:36:17.00606+00
658,4,640,FRESHMILK GREENFIELDS 1000ML,RMFR-00009,,Raw Material,FRESH,Inventory,true,,{},2026-08-21 18:25:32.021999+00,2026-08-21 18:36:17.00606+00
659,4,641,FRESHMILK HOMETOWN 2000ML,RMFR-00010,,Raw Material,FRESH,Inventory,true,,{},2026-08-21 18:25:32.021999+00,2026-08-21 18:36:17.00606+00
660,4,642,FRESHMILK KIN 1000ML,RMFR-00011,,Raw Material,FRESH,Inventory,true,,{},2026-08-21 18:25:32.021999+00,2026-08-21 18:36:17.00606+00
661,4,1000,GAGANG PINTU,TLLS-00028,,TOOLS,TOOLS,Inventory,true,,{},2026-08-21 18:25:32.021999+00,2026-08-21 18:36:17.00606+00
662,4,1081,GALON 19 LTR COTR,PCPB-00038,,PACKAGING,PACKAGING BAR,Inventory,true,,{},2026-08-21 18:25:32.021999+00,2026-08-21 18:36:17.00606+00
663,4,643,GALON 5L,PCPB-00021,,PACKAGING,PACKAGING BAR,Inventory,true,,{},2026-08-21 18:25:32.021999+00,2026-08-21 18:36:17.00606+00
664,4,644,GARAM,RMKC-00006,,RAW MATERIAL FOOD,KITCHEN,Inventory,true,,{},2026-08-21 18:25:32.021999+00,2026-08-21 18:36:17.00606+00
665,4,645,GAS 12KG,EGGS-00002,,EXP GAS,GAS,Non Inventory,true,,{},2026-08-21 18:25:32.021999+00,2026-08-21 18:36:17.00606+00
666,4,646,GAS 5KG,EGGS-00003,,EXP GAS,GAS,Non Inventory,true,,{},2026-08-21 18:25:32.021999+00,2026-08-21 18:36:17.00606+00
667,4,647,GAS TORCH,EGGS-00001,,KITCHENWARE & SUPPLIES,KITCHENWARE & SUPPLIES,Inventory,true,,{},2026-08-21 18:25:32.021999+00,2026-08-21 18:36:17.00606+00
668,4,993,GEAR ACCESORIES FOR CANNULAR KL15769/KL10757,TLLS-00021,,TOOLS,TOOLS,Inventory,true,,{},2026-08-21 18:25:32.021999+00,2026-08-21 18:36:17.00606+00
669,4,648,GOLDENFIL BLUEBERRY 1000GR,RMBV-00005,,Raw Material,BEVERAGE,Inventory,true,,{},2026-08-21 18:25:32.021999+00,2026-08-21 18:36:17.00606+00
670,4,649,GOLDENFIL CHOCO 1000GR,RMBV-00006,,Raw Material,BEVERAGE,Inventory,true,,{},2026-08-21 18:25:32.021999+00,2026-08-21 18:36:17.00606+00
671,4,650,GOLDENFIL HAZELNUT 1000GR,RMBV-00007,,Raw Material,BEVERAGE,Inventory,true,,{},2026-08-21 18:25:32.021999+00,2026-08-21 18:36:17.00606+00
672,4,651,GOLDENFIL MATCHA 1000GR,RMBV-00008,,Raw Material,BEVERAGE,Inventory,true,,{},2026-08-21 18:25:32.021999+00,2026-08-21 18:36:17.00606+00
673,4,652,GOLDENFIL STRAWBERRY 1000GR,RMBV-00009,,Raw Material,BEVERAGE,Inventory,true,,{},2026-08-21 18:25:32.021999+00,2026-08-21 18:36:17.00606+00
674,4,653,GOLDENFIL TIRAMISU 1000GR,RMBV-00010,,Raw Material,BEVERAGE,Inventory,true,,{},2026-08-21 18:25:32.021999+00,2026-08-21 18:36:17.00606+00
675,4,1007,GRANDAIRY CHOCOMILK 1000 ML,RMFR-00073,,Raw Material,FRESH,Inventory,true,,{},2026-08-21 18:25:32.021999+00,2026-08-21 18:36:17.00606+00
676,4,951,GREETING CARD CUSTOM,INSU-00042,,KITCHEN & SUPPLIES (NEW),ADDITIONAL PACKAGING,Inventory,true,,{},2026-08-21 18:25:32.021999+00,2026-08-21 18:36:17.00606+00
677,4,654,GROUND BEEF,RMMT-00002,,Raw Material,MEAT,Inventory,true,,{},2026-08-21 18:25:32.021999+00,2026-08-21 18:36:17.00606+00
678,4,857,GULA AREN 1300GR,RMBV-00025,,Raw Material,BEVERAGE,Inventory,true,,{},2026-08-21 18:25:32.021999+00,2026-08-21 18:36:17.00606+00
679,4,1079,GULA AREN CALF POUCH 1300GR,RMBV-00036,,Raw Material,BEVERAGE,Inventory,true,,{},2026-08-21 18:25:32.021999+00,2026-08-21 18:36:17.00606+00
680,4,959,GULA KELAPA PALMARIE 1300GR,RMBV-00032,,Raw Material,BEVERAGE,Inventory,true,,{},2026-08-21 18:25:32.021999+00,2026-08-21 18:36:17.00606+00
681,4,958,GULA MERAH PALMARIE 1300GR,RMBV-00033,,Raw Material,BEVERAGE,Inventory,true,,{},2026-08-21 18:25:32.021999+00,2026-08-21 18:36:17.00606+00
682,4,655,GULA PASIR 1000GR,RMKC-00007,,RAW MATERIAL FOOD,KITCHEN,Inventory,true,,{},2026-08-21 18:25:32.021999+00,2026-08-21 18:36:17.00606+00
683,4,656,GULANAS SIMPLE SYRUP 1000ML,RMSY-00001,,Raw Material,SYRUP,Inventory,true,,{},2026-08-21 18:25:32.021999+00,2026-08-21 18:36:17.00606+00
684,4,657,GULARE AREN 1300GR,RMBV-00011,,Raw Material,BEVERAGE,Inventory,true,,{},2026-08-21 18:25:32.021999+00,2026-08-21 18:36:17.00606+00
685,4,888,HAIRNET,CKDM-00001,,General,UTENSIL,Inventory,true,,{},2026-08-21 18:25:32.021999+00,2026-08-21 18:36:17.00606+00
686,4,957,HAMPERS CUSTOM ISI 3 CAN,INSU_00050,,KITCHEN & SUPPLIES (NEW),ADDITIONAL PACKAGING,Inventory,true,,{},2026-08-21 18:25:32.021999+00,2026-08-21 18:36:17.00606+00
687,4,658,HAMPERS KALENG,PCAP-00004,,PACKAGING,ADDITIONAL PACKAGING,Inventory,true,,{},2026-08-21 18:25:32.021999+00,2026-08-21 18:36:17.00606+00
688,4,659,HAND GLOVES,KSUT-00006,,PACKAGING,KITCHENWARE & SUPPLIES,Inventory,false,,{},2026-08-21 18:25:32.021999+00,2026-08-21 18:36:17.00606+00
689,4,907,HAND GLOVES (NEW),INSU-00010,,PACKAGING,KITCHENWARE & SUPPLIES,Inventory,true,,{},2026-08-21 18:25:32.021999+00,2026-08-21 18:36:17.00606+00
690,4,1002,HANDLE KRAN,TLLS-00030,,TOOLS,TOOLS,Inventory,true,,{},2026-08-21 18:25:32.021999+00,2026-08-21 18:36:17.00606+00
691,4,988,HANDLE SEAT,TLLS-00017,,TOOLS,TOOLS,Inventory,true,,{},2026-08-21 18:25:32.021999+00,2026-08-21 18:36:17.00606+00
692,4,952,HANG TAG CUSTOM,INSU-00041,,KITCHEN & SUPPLIES (NEW),ADDITIONAL PACKAGING,Inventory,true,,{},2026-08-21 18:25:32.021999+00,2026-08-21 18:36:17.00606+00
693,4,660,ICE CREAM VANILLA 8000ML,RMFR-00012,,Raw Material,FRESH,Inventory,true,,{},2026-08-21 18:25:32.021999+00,2026-08-21 18:36:17.00606+00
694,4,886,ICE CREAM VANILLA NEW,RMFR-00064,,Raw Material,FRESH,Inventory,true,,{},2026-08-21 18:25:32.021999+00,2026-08-21 18:36:17.00606+00
695,4,661,ICE HOT CONCENTRATE 1000ML,RMFR-00013,,Raw Material,FRESH,Inventory,true,,{},2026-08-21 18:25:32.021999+00,2026-08-21 18:36:17.00606+00
696,4,662,ICE HOT CREAMER 500ML,RMFR-00014,,Raw Material,FRESH,Inventory,true,,{},2026-08-21 18:25:32.021999+00,2026-08-21 18:36:17.00606+00
697,4,986,IMIN,TLLS-00016,,TOOLS,TOOLS,Inventory,true,,{},2026-08-21 18:25:32.021999+00,2026-08-21 18:36:17.00606+00
698,4,939,JAHE,RMKC-00048,,RAW MATERIAL FOOD,KITCHEN,Inventory,true,,{},2026-08-21 18:25:32.021999+00,2026-08-21 18:36:17.00606+00
699,4,663,JAM NUTELLA 1000GR,RMBV-00012,,Raw Material,BEVERAGE,Inventory,true,,{},2026-08-21 18:25:32.021999+00,2026-08-21 18:36:17.00606+00
700,4,664,JAMUR CHAMPIGNON,RMVG-00008,,Raw Material,VEGETABLE,Inventory,true,,{},2026-08-21 18:25:32.021999+00,2026-08-21 18:36:17.00606+00
701,4,1055,JASMINE GREEN TEA 500GR,RMDG-00010,,Raw Material,DRY GOODS,Inventory,true,,{},2026-08-21 18:25:32.021999+00,2026-08-21 18:36:17.00606+00
702,4,665,JUICE APPLE 946ML,RMJC-00005,,Raw Material,JUICE,Inventory,true,,{},2026-08-21 18:25:32.021999+00,2026-08-21 18:36:17.00606+00
703,4,666,JUICE BLUEBERRY 946ML,RMJC-00002,,Raw Material,JUICE,Inventory,true,,{},2026-08-21 18:25:32.021999+00,2026-08-21 18:36:17.00606+00
704,4,667,JUICE CRANBERRY 946ML,RMJC-00006,,Raw Material,JUICE,Inventory,true,,{},2026-08-21 18:25:32.021999+00,2026-08-21 18:36:17.00606+00
705,4,668,JUICE GUAVA 946ML,RMJC-00001,,Raw Material,JUICE,Inventory,true,,{},2026-08-21 18:25:32.021999+00,2026-08-21 18:36:17.00606+00
706,4,669,JUICE MANGO 946ML,RMJC-00007,,Raw Material,JUICE,Inventory,true,,{},2026-08-21 18:25:32.021999+00,2026-08-21 18:36:17.00606+00
707,4,670,JUICE MIX FRUIT 946ML,RMJC-00003,,Raw Material,JUICE,Inventory,true,,{},2026-08-21 18:25:32.021999+00,2026-08-21 18:36:17.00606+00
708,4,671,JUICE ORANGE 946ML,RMJC-00004,,Raw Material,JUICE,Inventory,true,,{},2026-08-21 18:25:32.021999+00,2026-08-21 18:36:17.00606+00
709,4,932,JUICE SANQUICK ORANGE,RMJC-00008,,Raw Material,JUICE,Inventory,true,,{},2026-08-21 18:25:32.021999+00,2026-08-21 18:36:17.00606+00
710,4,672,JURUS 1000GR,RMDG-00004,,Raw Material,DRY GOODS,Inventory,true,,{},2026-08-21 18:25:32.021999+00,2026-08-21 18:36:17.00606+00
711,4,673,KALENG 250ML,PCPB-00007,,PACKAGING,PACKAGING BAR,Inventory,true,,{},2026-08-21 18:25:32.021999+00,2026-08-21 18:36:17.00606+00
712,4,674,KALENG 330ML,PCPB-00008,,PACKAGING,PACKAGING BAR,Inventory,true,,{},2026-08-21 18:25:32.021999+00,2026-08-21 18:36:17.00606+00
713,4,1025,KAOS CCI BIRU - SIZE L,MERCH012,,MERCHANDISE,APPAREL & ACCESSORIES,Inventory,true,,{},2026-08-21 18:25:32.021999+00,2026-08-21 18:36:17.00606+00
714,4,1024,KAOS CCI BIRU - SIZE M,MERCH011,,MERCHANDISE,APPAREL & ACCESSORIES,Inventory,true,,{},2026-08-21 18:25:32.021999+00,2026-08-21 18:36:17.00606+00
715,4,1023,KAOS CCI BIRU - SIZE S,MERCH010,,MERCHANDISE,APPAREL & ACCESSORIES,Inventory,true,,{},2026-08-21 18:25:32.021999+00,2026-08-21 18:36:17.00606+00
716,4,1026,KAOS CCI BIRU - SIZE XL,MERCH013,,MERCHANDISE,APPAREL & ACCESSORIES,Inventory,true,,{},2026-08-21 18:25:32.021999+00,2026-08-21 18:36:17.00606+00
717,4,1027,KAOS CCI BIRU - SIZE XXL,MERCH014,,MERCHANDISE,APPAREL & ACCESSORIES,Inventory,true,,{},2026-08-21 18:25:32.021999+00,2026-08-21 18:36:17.00606+00
718,4,1028,KAOS CCI BIRU - SIZE XXXL,MERCH015,,MERCHANDISE,APPAREL & ACCESSORIES,Inventory,true,,{},2026-08-21 18:25:32.021999+00,2026-08-21 18:36:17.00606+00
719,4,1019,KAOS CCI PUTIH - SIZE L,MERCH006,,MERCHANDISE,APPAREL & ACCESSORIES,Inventory,true,,{},2026-08-21 18:25:32.021999+00,2026-08-21 18:36:17.00606+00
720,4,1018,KAOS CCI PUTIH - SIZE M,MERCH005,,MERCHANDISE,APPAREL & ACCESSORIES,Inventory,true,,{},2026-08-21 18:25:32.021999+00,2026-08-21 18:36:17.00606+00
721,4,1017,KAOS CCI PUTIH - SIZE S,MERCH004,,MERCHANDISE,APPAREL & ACCESSORIES,Inventory,true,,{},2026-08-21 18:25:32.021999+00,2026-08-21 18:36:17.00606+00
722,4,1020,KAOS CCI PUTIH - SIZE XL,MERCH007,,MERCHANDISE,APPAREL & ACCESSORIES,Inventory,true,,{},2026-08-21 18:25:32.021999+00,2026-08-21 18:36:17.00606+00
723,4,1021,KAOS CCI PUTIH - SIZE XXL,MERCH008,,MERCHANDISE,APPAREL & ACCESSORIES,Inventory,true,,{},2026-08-21 18:25:32.021999+00,2026-08-21 18:36:17.00606+00
724,4,1022,KAOS CCI PUTIH - SIZE XXXL,MERCH009,,MERCHANDISE,APPAREL & ACCESSORIES,Inventory,true,,{},2026-08-21 18:25:32.021999+00,2026-08-21 18:36:17.00606+00
725,4,1031,KAOS CREATE DONT WAIT PUTIH - SIZE L,MERCH018,,MERCHANDISE,APPAREL & ACCESSORIES,Inventory,true,,{},2026-08-21 18:25:32.021999+00,2026-08-21 18:36:17.00606+00
726,4,1030,KAOS CREATE DONT WAIT PUTIH - SIZE M,MERCH017,,MERCHANDISE,APPAREL & ACCESSORIES,Inventory,true,,{},2026-08-21 18:25:32.021999+00,2026-08-21 18:36:17.00606+00
727,4,1029,KAOS CREATE DONT WAIT PUTIH - SIZE S,MERCH016,,MERCHANDISE,APPAREL & ACCESSORIES,Inventory,true,,{},2026-08-21 18:25:32.021999+00,2026-08-21 18:36:17.00606+00
728,4,1032,KAOS CREATE DONT WAIT PUTIH - SIZE XL,MERCH019,,MERCHANDISE,APPAREL & ACCESSORIES,Inventory,true,,{},2026-08-21 18:25:32.021999+00,2026-08-21 18:36:17.00606+00
729,4,1033,KAOS CREATE DONT WAIT PUTIH - SIZE XXL,MERCH020,,MERCHANDISE,APPAREL & ACCESSORIES,Inventory,true,,{},2026-08-21 18:25:32.021999+00,2026-08-21 18:36:17.00606+00
730,4,1034,KAOS CREATE DONT WAIT PUTIH - SIZE XXXL,MERCH021,,MERCHANDISE,APPAREL & ACCESSORIES,Inventory,true,,{},2026-08-21 18:25:32.021999+00,2026-08-21 18:36:17.00606+00
731,4,675,KARDUS 24X32X17,KSUT-00025,,General,UTENSIL,Inventory,true,,{},2026-08-21 18:25:32.021999+00,2026-08-21 18:36:17.00606+00
732,4,676,KARDUS 29X32X20,KSUT-00024,,General,UTENSIL,Inventory,true,,{},2026-08-21 18:25:32.021999+00,2026-08-21 18:36:17.00606+00
733,4,677,KARDUS 30X15X15,KSUT-00026,,General,UTENSIL,Inventory,true,,{},2026-08-21 18:25:32.021999+00,2026-08-21 18:36:17.00606+00
734,4,678,KARDUS 32X30X26,KSUT-00023,,General,UTENSIL,Inventory,true,,{},2026-08-21 18:25:32.021999+00,2026-08-21 18:36:17.00606+00
735,4,679,KARDUS UK. 20x15x15,KSUT-00007,,General,UTENSIL,Inventory,true,,{},2026-08-21 18:25:32.021999+00,2026-08-21 18:36:17.00606+00
736,4,680,KARDUS UK. 20x20x20,KSUT-00009,,General,UTENSIL,Inventory,true,,{},2026-08-21 18:25:32.021999+00,2026-08-21 18:36:17.00606+00
737,4,681,KARDUS UK. 50x50x50,KSUT-00010,,General,UTENSIL,Inventory,true,,{},2026-08-21 18:25:32.021999+00,2026-08-21 18:36:17.00606+00
738,4,682,KARDUS UK. 60x40x40,KSUT-00011,,General,UTENSIL,Inventory,true,,{},2026-08-21 18:25:32.021999+00,2026-08-21 18:36:17.00606+00
739,4,866,KECAP ASIN,RMKC-00037,,RAW MATERIAL FOOD,KITCHEN,Inventory,true,,{},2026-08-21 18:25:32.021999+00,2026-08-21 18:36:17.00606+00
740,4,683,KECAP BANGO 6200GR,RMKC-00008,,RAW MATERIAL FOOD,KITCHEN,Inventory,true,,{},2026-08-21 18:25:32.021999+00,2026-08-21 18:36:17.00606+00
741,4,937,KECAP INGGRIS,RMKC-00046,,RAW MATERIAL FOOD,KITCHEN,Inventory,true,,{},2026-08-21 18:25:32.021999+00,2026-08-21 18:36:17.00606+00
742,4,684,KEJU CHEDDAR 2000GR,RMKC-00009,,RAW MATERIAL FOOD,KITCHEN,Inventory,true,,{},2026-08-21 18:25:32.021999+00,2026-08-21 18:36:17.00606+00
743,4,947,KEJU SPREAD,RMKC-00056,,RAW MATERIAL FOOD,KITCHEN,Inventory,true,,{},2026-08-21 18:25:32.021999+00,2026-08-21 18:36:17.00606+00
744,4,685,KERTAS STRUK 58X30MM,KSPS-00001,,PACKAGING,KITCHENWARE & SUPPLIES,Inventory,false,,{},2026-08-21 18:25:32.021999+00,2026-08-21 18:36:17.00606+00
745,4,909,KERTAS STRUK 58X30MM (NEW),INSU-00001,,PACKAGING,KITCHENWARE & SUPPLIES,Inventory,true,,{},2026-08-21 18:25:32.021999+00,2026-08-21 18:36:17.00606+00
746,4,686,KERTAS STRUK 80X80MM,KSPS-00002,,PACKAGING,KITCHENWARE & SUPPLIES,Inventory,false,,{},2026-08-21 18:25:32.021999+00,2026-08-21 18:36:17.00606+00
747,4,910,KERTAS STRUK 80X80MM (NEW),INSU-00002,,PACKAGING,KITCHENWARE & SUPPLIES,Inventory,true,,{},2026-08-21 18:25:32.021999+00,2026-08-21 18:36:17.00606+00
748,4,687,KERTAS STRUK THERMAL ON 78X100 ONLINE,KSPS-00008,,General,PRINTING & STICKER,Inventory,true,,{},2026-08-21 18:25:32.021999+00,2026-08-21 18:36:17.00606+00
749,4,688,KERTAS STRUK THERMAL PAPER 20x30,KSPS-00007,,General,PRINTING & STICKER,Inventory,true,,{},2026-08-21 18:25:32.021999+00,2026-08-21 18:36:17.00606+00
750,4,689,KIKKOMAN SHOYU SAUCE 2000ML,RMKC-00010,,RAW MATERIAL FOOD,KITCHEN,Inventory,true,,{},2026-08-21 18:25:32.021999+00,2026-08-21 18:36:17.00606+00
751,4,690,KNORR CHICKEN POWDER 1000GR,RMKC-00011,,RAW MATERIAL FOOD,KITCHEN,Inventory,true,,{},2026-08-21 18:25:32.021999+00,2026-08-21 18:36:17.00606+00
752,4,691,KOEPOE - KOEPOE VANILLA PASTE 1000ML,RMKC-00012,,RAW MATERIAL FOOD,KITCHEN,Inventory,true,,{},2026-08-21 18:25:32.021999+00,2026-08-21 18:36:17.00606+00
753,4,870,KULIT DIMSUM,RMKC-00041,,RAW MATERIAL FOOD,KITCHEN,Inventory,true,,{},2026-08-21 18:25:32.021999+00,2026-08-21 18:36:17.00606+00
754,4,942,KULIT SPRING ROLL,RMKC-00051,,RAW MATERIAL FOOD,KITCHEN,Inventory,true,,{},2026-08-21 18:25:32.021999+00,2026-08-21 18:36:17.00606+00
755,4,692,LAKBAN BENING BESAR,GNST-00001,,General,STATIONERY,Inventory,true,,{},2026-08-21 18:25:32.021999+00,2026-08-21 18:36:17.00606+00
756,4,693,LAKBAN MERAH FRAGILE,GNST-00002,,General,STATIONERY,Inventory,true,,{},2026-08-21 18:25:32.021999+00,2026-08-21 18:36:17.00606+00
757,4,694,LAKBAN SHOPEE,GNST-00004,,General,STATIONERY,Inventory,true,,{},2026-08-21 18:25:32.021999+00,2026-08-21 18:36:17.00606+00
758,4,695,LAKBAN TOKOPEDIA,GNST-00003,,General,STATIONERY,Inventory,true,,{},2026-08-21 18:25:32.021999+00,2026-08-21 18:36:17.00606+00
759,4,1076,LAP MICROFIBER ABU ABU,INSU-00033,,KITCHEN & SUPPLIES (NEW),UTENSIL,Inventory,true,,{},2026-08-21 18:25:32.021999+00,2026-08-21 18:36:17.00606+00
760,4,1077,LAP MICROFIBER BIRU,INSU-00034,,KITCHEN & SUPPLIES (NEW),UTENSIL,Inventory,true,,{},2026-08-21 18:25:32.021999+00,2026-08-21 18:36:17.00606+00
761,4,1074,LAP MICROFIBER HIJAU,INSU-00031,,KITCHEN & SUPPLIES (NEW),UTENSIL,Inventory,true,,{},2026-08-21 18:25:32.021999+00,2026-08-21 18:36:17.00606+00
762,4,1078,LAP MICROFIBER KUNING,INSU-00035,,KITCHEN & SUPPLIES (NEW),UTENSIL,Inventory,true,,{},2026-08-21 18:25:32.021999+00,2026-08-21 18:36:17.00606+00
763,4,1075,LAP MICROFIBER ORANGE,INSU-00032,,KITCHEN & SUPPLIES (NEW),UTENSIL,Inventory,true,,{},2026-08-21 18:25:32.021999+00,2026-08-21 18:36:17.00606+00
764,4,1073,LAP MICROFIBER PINK,INSU-00030,,KITCHEN & SUPPLIES (NEW),UTENSIL,Inventory,true,,{},2026-08-21 18:25:32.021999+00,2026-08-21 18:36:17.00606+00
765,4,876,LEMAK AYAM,RMMT-00005,,Raw Material,MEAT,Inventory,true,,{},2026-08-21 18:25:32.021999+00,2026-08-21 18:36:17.00606+00
766,4,696,LIPTON EARL GREY,RMBV-00021,,Raw Material,BEVERAGE,Inventory,true,,{},2026-08-21 18:25:32.021999+00,2026-08-21 18:36:17.00606+00
767,4,697,LUNCH BOX L,PCPK-00004,,PACKAGING,PACKAGING KITCHEN,Inventory,true,,{},2026-08-21 18:25:32.021999+00,2026-08-21 18:36:17.00606+00
768,4,698,LUNCH BOX M,PCPK-00005,,PACKAGING,PACKAGING KITCHEN,Inventory,true,,{},2026-08-21 18:25:32.021999+00,2026-08-21 18:36:17.00606+00
769,4,904,LUNCH BOX S,PCPK-00007,,PACKAGING,PACKAGING KITCHEN,Inventory,true,,{},2026-08-21 18:25:32.021999+00,2026-08-21 18:36:17.00606+00
770,4,1053,MADU NUSANTARA,RMSY-00036,,Raw Material,SYRUP,Inventory,true,,{},2026-08-21 18:25:32.021999+00,2026-08-21 18:36:17.00606+00
771,4,1058,MANGO JAM BOBAKING,RMBV-00034,,Raw Material,BEVERAGE,Inventory,true,,{},2026-08-21 18:25:32.021999+00,2026-08-21 18:36:17.00606+00
772,4,889,MASKER,CKDM-00002,,General,UTENSIL,Inventory,true,,{},2026-08-21 18:25:32.021999+00,2026-08-21 18:36:17.00606+00
773,4,944,MAYONAISE MILD,RMKC-00053,,RAW MATERIAL FOOD,KITCHEN,Inventory,true,,{},2026-08-21 18:25:32.021999+00,2026-08-21 18:36:17.00606+00
774,4,699,MAYONNAISE MAESTRO 1000ML,RMKC-00013,,RAW MATERIAL FOOD,KITCHEN,Inventory,true,,{},2026-08-21 18:25:32.021999+00,2026-08-21 18:36:17.00606+00
775,4,961,MESIN CUP SEALER,TLLS-00010,,TOOLS,TOOLS,Inventory,true,,{},2026-08-21 18:25:32.021999+00,2026-08-21 18:36:17.00606+00
776,4,898,MESIN KALENG,TLLS-00006,,TOOLS,TOOLS,Inventory,true,,{},2026-08-21 18:25:32.021999+00,2026-08-21 18:36:17.00606+00
777,4,894,MESIN PRINTER,TLLS-00001,,TOOLS,TOOLS,Inventory,true,,{},2026-08-21 18:25:32.021999+00,2026-08-21 18:36:17.00606+00
778,4,972,MESIN SLUSHY MY GRANITA-2X,TLLS-00012,,TOOLS,TOOLS,Inventory,true,,{},2026-08-21 18:25:32.021999+00,2026-08-21 18:36:17.00606+00
779,4,985,MESIN SMOOTHIES,TLLS-00015,,TOOLS,TOOLS,Inventory,true,,{},2026-08-21 18:25:32.021999+00,2026-08-21 18:36:17.00606+00
780,4,901,MESIN STEAMER,TLLS-00009,,TOOLS,TOOLS,Inventory,true,,{},2026-08-21 18:25:32.021999+00,2026-08-21 18:36:17.00606+00
781,4,984,MESIN SYRUP DISPENSER,TLLS-00014,,TOOLS,TOOLS,Inventory,true,,{},2026-08-21 18:25:32.021999+00,2026-08-21 18:36:17.00606+00
782,4,871,MILK LAB AUSTRALIA MILK ALMOND 1000 ML,RMFR-00055,,Raw Material,FRESH,Inventory,true,,{},2026-08-21 18:25:32.021999+00,2026-08-21 18:36:17.00606+00
783,4,873,MILK LAB AUSTRALIA MILK COCONUT 1000 ML,RMFR-00057,,Raw Material,FRESH,Inventory,true,,{},2026-08-21 18:25:32.021999+00,2026-08-21 18:36:17.00606+00
784,4,875,MILK LAB AUSTRALIA MILK MACADAMIA 1000 ML,RMFR-00059,,Raw Material,FRESH,Inventory,true,,{},2026-08-21 18:25:32.021999+00,2026-08-21 18:36:17.00606+00
785,4,872,MILK LAB AUSTRALIA MILK OAT 1000 ML,RMFR-00056,,Raw Material,FRESH,Inventory,true,,{},2026-08-21 18:25:32.021999+00,2026-08-21 18:36:17.00606+00
786,4,874,MILK LAB AUSTRALIA MILK SOY 1000 ML,RMFR-00058,,Raw Material,FRESH,Inventory,true,,{},2026-08-21 18:25:32.021999+00,2026-08-21 18:36:17.00606+00
787,4,700,MILKLIFE BARISTA CHOICE 1000ML,RMFR-00015,,Raw Material,FRESH,Inventory,true,,{},2026-08-21 18:25:32.021999+00,2026-08-21 18:36:17.00606+00
788,4,701,MILKLIFE CHOCOLATE 1000ML,RMFR-00016,,Raw Material,FRESH,Inventory,true,,{},2026-08-21 18:25:32.021999+00,2026-08-21 18:36:17.00606+00
789,4,702,MINYAK GORENG 18000GR,RMKC-00014,,RAW MATERIAL FOOD,KITCHEN,Inventory,true,,{},2026-08-21 18:25:32.021999+00,2026-08-21 18:36:17.00606+00
790,4,887,MINYAK GORENG NEW,RMKC-00043,,RAW MATERIAL FOOD,KITCHEN,Inventory,true,,{},2026-08-21 18:25:32.021999+00,2026-08-21 18:36:17.00606+00
791,4,869,MINYAK WIJEN,RMKC-00040,,RAW MATERIAL FOOD,KITCHEN,Inventory,true,,{},2026-08-21 18:25:32.021999+00,2026-08-21 18:36:17.00606+00
792,4,1069,MIXED BERRIES FRUIT DELIFRU,RMSY-00041,,Raw Material,SYRUP,Inventory,true,,{},2026-08-21 18:25:32.021999+00,2026-08-21 18:36:17.00606+00
793,4,1042,MY GRANITA-2X SLUSH MACHINE,TLLS-00034,,TOOLS,TOOLS,Inventory,true,,{},2026-08-21 18:25:32.021999+00,2026-08-21 18:36:17.00606+00
794,4,1056,OSMANTHUS OOLONG TEA 500GR,RMDG-00011,,Raw Material,DRY GOODS,Inventory,true,,{},2026-08-21 18:25:32.021999+00,2026-08-21 18:36:17.00606+00
795,4,983,PALLET RACK,ASSET-00001,,FURNITURE,RACKING SYSTEM,Asset,true,,{},2026-08-21 18:25:32.021999+00,2026-08-21 18:36:17.00606+00
796,4,976,PAMOSROOM JUICE DISPENSER 2 TANK STIRRING JD215ST,TLLS-00013,,TOOLS,TOOLS,Inventory,true,,{},2026-08-21 18:25:32.021999+00,2026-08-21 18:36:17.00606+00
797,4,703,PAPER BAG LARGE BIRU,PCAP-00001,,PACKAGING,ADDITIONAL PACKAGING,Inventory,true,,{},2026-08-21 18:25:32.021999+00,2026-08-21 18:36:17.00606+00
798,4,1049,PAPER BAG ORANGE WASGEE,PCPB-00034,,PACKAGING,ADDITIONAL PACKAGING,Inventory,true,,{},2026-08-21 18:25:32.021999+00,2026-08-21 18:36:17.00606+00
799,4,970,PAPER BAG PUTIH NEW,INSU-00043,,KITCHEN & SUPPLIES (NEW),ADDITIONAL PACKAGING,Inventory,true,,{},2026-08-21 18:25:32.021999+00,2026-08-21 18:36:17.00606+00
800,4,950,PAPER BAG PUTIH SEDANG,INSU-00040,,KITCHEN & SUPPLIES (NEW),ADDITIONAL PACKAGING,Inventory,true,,{},2026-08-21 18:25:32.021999+00,2026-08-21 18:36:17.00606+00
801,4,704,PAPER BOX ROTI,KSUK-00002,,PACKAGING,KITCHENWARE & SUPPLIES,Inventory,true,,{},2026-08-21 18:25:32.021999+00,2026-08-21 18:36:17.00606+00
802,4,1064,PASSION FRUIT JAM BOBAKING,RMBV-00035,,Raw Material,BEVERAGE,Inventory,true,,{},2026-08-21 18:25:32.021999+00,2026-08-21 18:36:17.00606+00
803,4,1067,PC SQUARE STORAGE CONTAINER + LID 12 L,TLLS-00036,,TOOLS,TOOLS,Inventory,true,,{},2026-08-21 18:25:32.021999+00,2026-08-21 18:36:17.00606+00
804,4,1057,PEACH OOLONG TEA 500GR,RMDG-00012,,Raw Material,DRY GOODS,Inventory,true,,{},2026-08-21 18:25:32.021999+00,2026-08-21 18:36:17.00606+00
805,4,1044,PERLENGKAPAN P3K,CKDM-00003,,General,UTENSIL,Inventory,true,,{},2026-08-21 18:25:32.021999+00,2026-08-21 18:36:17.00606+00
806,4,858,PET CAN 180ML,PCPB-00024,,PACKAGING,PACKAGING BAR,Inventory,true,,{},2026-08-21 18:25:32.021999+00,2026-08-21 18:36:17.00606+00
807,4,859,PET CAN 350ML,PCPB-00025,,PACKAGING,PACKAGING BAR,Inventory,true,,{},2026-08-21 18:25:32.021999+00,2026-08-21 18:36:17.00606+00
808,4,1011,PISANG KEPOK (NEW),RMVG-00009A,,RAW MATERIAL FOOD,VEGETABLE,Inventory,true,,{},2026-08-21 18:25:32.021999+00,2026-08-21 18:36:17.00606+00
809,4,705,PISANG SISIR MERAH,RMVG-00009,,Raw Material,VEGETABLE,Inventory,true,,{},2026-08-21 18:25:32.021999+00,2026-08-21 18:36:17.00606+00
810,4,706,PLASTIK 1/2 KG,KSUK-00003,,PACKAGING,KITCHENWARE & SUPPLIES,Inventory,false,,{},2026-08-21 18:25:32.021999+00,2026-08-21 18:36:17.00606+00
811,4,912,PLASTIK 1/2 KG (NEW),INSU-00025,,PACKAGING,KITCHENWARE & SUPPLIES,Inventory,true,,{},2026-08-21 18:25:32.021999+00,2026-08-21 18:36:17.00606+00
812,4,913,PLASTIK 1/4  (NEW),INSU-00027,,PACKAGING,KITCHENWARE & SUPPLIES,Inventory,true,,{},2026-08-21 18:25:32.021999+00,2026-08-21 18:36:17.00606+00
813,4,707,PLASTIK 1/4 KG,KSUK-00005,,PACKAGING,KITCHENWARE & SUPPLIES,Inventory,false,,{},2026-08-21 18:25:32.021999+00,2026-08-21 18:36:17.00606+00
814,4,708,PLASTIK 1KG,KSUK-00004,,PACKAGING,KITCHENWARE & SUPPLIES,Inventory,false,,{},2026-08-21 18:25:32.021999+00,2026-08-21 18:36:17.00606+00
815,4,914,PLASTIK 1KG (NEW),INSU-00026,,PACKAGING,KITCHENWARE & SUPPLIES,Inventory,true,,{},2026-08-21 18:25:32.021999+00,2026-08-21 18:36:17.00606+00
816,4,709,PLASTIK KLIP 20X12CM,KSUT-00012,,PACKAGING,KITCHENWARE & SUPPLIES,Inventory,false,,{},2026-08-21 18:25:32.021999+00,2026-08-21 18:36:17.00606+00
817,4,911,PLASTIK KLIP 20X12CM (NEW),INSU-0039,,PACKAGING,ADDITIONAL PACKAGING,Inventory,true,,{},2026-08-21 18:25:32.021999+00,2026-08-21 18:36:17.00606+00
818,4,865,PLASTIK MIKA DIMSUM,PCPK-00006,,PACKAGING,KITCHENWARE & SUPPLIES,Inventory,true,,{},2026-08-21 18:25:32.021999+00,2026-08-21 18:36:17.00606+00
819,4,710,PLASTIK TAKE AWAY 17,KSUT-00013,,PACKAGING,KITCHENWARE & SUPPLIES,Inventory,false,,{},2026-08-21 18:25:32.021999+00,2026-08-21 18:36:17.00606+00
820,4,915,PLASTIK TAKE AWAY 17 (NEW),INSU-00012,,PACKAGING,KITCHENWARE & SUPPLIES,Inventory,true,,{},2026-08-21 18:25:32.021999+00,2026-08-21 18:36:17.00606+00
821,4,711,PLASTIK TAKE AWAY 24,KSUT-00014,,PACKAGING,KITCHENWARE & SUPPLIES,Inventory,false,,{},2026-08-21 18:25:32.021999+00,2026-08-21 18:36:17.00606+00
822,4,916,PLASTIK TAKE AWAY 24 (NEW),INSU-00013,,PACKAGING,KITCHENWARE & SUPPLIES,Inventory,true,,{},2026-08-21 18:25:32.021999+00,2026-08-21 18:36:17.00606+00
823,4,712,PLASTIK TAKE AWAY 28,KSUT-00015,,PACKAGING,KITCHENWARE & SUPPLIES,Inventory,false,,{},2026-08-21 18:25:32.021999+00,2026-08-21 18:36:17.00606+00
824,4,917,PLASTIK TAKE AWAY 28 (NEW),INSU-00014,,PACKAGING,KITCHENWARE & SUPPLIES,Inventory,true,,{},2026-08-21 18:25:32.021999+00,2026-08-21 18:36:17.00606+00
825,4,713,PLASTIK TAKE AWAY 35,KSUT-00016,,PACKAGING,KITCHENWARE & SUPPLIES,Inventory,false,,{},2026-08-21 18:25:32.021999+00,2026-08-21 18:36:17.00606+00
826,4,918,PLASTIK TAKE AWAY 35 (NEW),INSU-00015,,PACKAGING,KITCHENWARE & SUPPLIES,Inventory,true,,{},2026-08-21 18:25:32.021999+00,2026-08-21 18:36:17.00606+00
827,4,973,PLASTIK TAKE AWAY BW 35 MERAH,PABW-0006,,KITCHEN & SUPPLIES (NEW),ADDITIONAL PACKAGING,Inventory,true,,{},2026-08-21 18:25:32.021999+00,2026-08-21 18:36:17.00606+00
828,4,963,PLASTIK TAKEAWAY BW UK 15,PABW-0001,,KITCHEN & SUPPLIES (NEW),ADDITIONAL PACKAGING,Inventory,true,,{},2026-08-21 18:25:32.021999+00,2026-08-21 18:36:17.00606+00
829,4,964,PLASTIK TAKEAWAY BW UK 20,PABW-0002,,KITCHEN & SUPPLIES (NEW),ADDITIONAL PACKAGING,Inventory,true,,{},2026-08-21 18:25:32.021999+00,2026-08-21 18:36:17.00606+00
830,4,965,PLASTIK TAKEAWAY BW UK 25,PABW-0003,,KITCHEN & SUPPLIES (NEW),ADDITIONAL PACKAGING,Inventory,true,,{},2026-08-21 18:25:32.021999+00,2026-08-21 18:36:17.00606+00
831,4,966,PLASTIK TAKEAWAY BW UK 30,PABW-0004,,KITCHEN & SUPPLIES (NEW),ADDITIONAL PACKAGING,Inventory,true,,{},2026-08-21 18:25:32.021999+00,2026-08-21 18:36:17.00606+00
832,4,967,PLASTIK TAKEAWAY BW UK 35,PABW-0005,,KITCHEN & SUPPLIES (NEW),ADDITIONAL PACKAGING,Inventory,true,,{},2026-08-21 18:25:32.021999+00,2026-08-21 18:36:17.00606+00
833,4,714,PLASTIK WRAPPING 30CMX30M,KSUT-00017,,PACKAGING,KITCHENWARE & SUPPLIES,Inventory,false,,{},2026-08-21 18:25:32.021999+00,2026-08-21 18:36:17.00606+00
834,4,919,PLASTIK WRAPPING 30CMX30M (NEW),INSU-00016,,PACKAGING,KITCHENWARE & SUPPLIES,Inventory,true,,{},2026-08-21 18:25:32.021999+00,2026-08-21 18:36:17.00606+00
835,4,715,PLASTIK WRAPPING 40X500M,KSUK-00001,,PACKAGING,KITCHENWARE & SUPPLIES,Inventory,false,,{},2026-08-21 18:25:32.021999+00,2026-08-21 18:36:17.00606+00
836,4,920,PLASTIK WRAPPING 40X500M (NEW),INSU-00023,,PACKAGING,KITCHENWARE & SUPPLIES,Inventory,true,,{},2026-08-21 18:25:32.021999+00,2026-08-21 18:36:17.00606+00
837,4,926,PLASTIK WRAPPING BARANG 150M (NON FOOD GRADE),INSU-00038,,PACKAGING,ADDITIONAL PACKAGING,Inventory,true,,{},2026-08-21 18:25:32.021999+00,2026-08-21 18:36:17.00606+00
838,4,716,POWDER APPLE TEA 1000GR,RMPD-00001,,Raw Material,POWDER,Inventory,true,,{},2026-08-21 18:25:32.021999+00,2026-08-21 18:36:17.00606+00
839,4,717,POWDER CAJUN SPICE 1000GR,RMKC-00015,,RAW MATERIAL FOOD,KITCHEN,Inventory,true,,{},2026-08-21 18:25:32.021999+00,2026-08-21 18:36:17.00606+00
840,4,943,POWDER CHILLI,RMKC-00052,,RAW MATERIAL FOOD,KITCHEN,Inventory,true,,{},2026-08-21 18:25:32.021999+00,2026-08-21 18:36:17.00606+00
841,4,718,POWDER CHILLI FLAKE 1000GR,RMKC-00016,,RAW MATERIAL FOOD,KITCHEN,Inventory,true,,{},2026-08-21 18:25:32.021999+00,2026-08-21 18:36:17.00606+00
842,4,719,POWDER COKLAT TR 1000GR,RMPD-00002,,Raw Material,POWDER,Inventory,true,,{},2026-08-21 18:25:32.021999+00,2026-08-21 18:36:17.00606+00
843,4,720,POWDER CREAM CHEESE 1000GR,RMPD-00003,,Raw Material,POWDER,Inventory,true,,{},2026-08-21 18:25:32.021999+00,2026-08-21 18:36:17.00606+00
844,4,721,POWDER DRIPP MATCHA 760GR,RMPD-00013,,Raw Material,POWDER,Inventory,true,,{},2026-08-21 18:25:32.021999+00,2026-08-21 18:36:17.00606+00
845,4,722,POWDER FRAPPE DENALI 800GR,RMPD-00004,,Raw Material,POWDER,Inventory,true,,{},2026-08-21 18:25:32.021999+00,2026-08-21 18:36:17.00606+00
846,4,723,POWDER GELATIN 1000GR,RMKC-00017,,RAW MATERIAL FOOD,KITCHEN,Inventory,true,,{},2026-08-21 18:25:32.021999+00,2026-08-21 18:36:17.00606+00
847,4,724,POWDER GENOVA MACCHIATO 1000GR,RMPD-00005,,Raw Material,POWDER,Inventory,true,,{},2026-08-21 18:25:32.021999+00,2026-08-21 18:36:17.00606+00
848,4,905,POWDER GENOVA MACCHIATO 800GR NEW,RMPD-00014,,Raw Material,POWDER,Inventory,true,,{},2026-08-21 18:25:32.021999+00,2026-08-21 18:36:17.00606+00
849,4,725,POWDER KERRY CHEESE 1000GR,RMKC-00018,,RAW MATERIAL FOOD,KITCHEN,Inventory,true,,{},2026-08-21 18:25:32.021999+00,2026-08-21 18:36:17.00606+00
850,4,726,POWDER LA KREIVA CRUMBLE 2500GR,RMPD-00006,,Raw Material,POWDER,Inventory,true,,{},2026-08-21 18:25:32.021999+00,2026-08-21 18:36:17.00606+00
851,4,727,POWDER LEMON TEA 1000GR,RMPD-00007,,Raw Material,POWDER,Inventory,true,,{},2026-08-21 18:25:32.021999+00,2026-08-21 18:36:17.00606+00
852,4,728,POWDER LYCHEE TEA 1000GR,RMPD-00008,,Raw Material,POWDER,Inventory,true,,{},2026-08-21 18:25:32.021999+00,2026-08-21 18:36:17.00606+00
853,4,729,POWDER MASTERISTA MATCHA 1000GR,RMPD-00009,,Raw Material,POWDER,Inventory,true,,{},2026-08-21 18:25:32.021999+00,2026-08-21 18:36:17.00606+00
854,4,960,POWDER MULTIBEV TARO 1KG,RMPD-00015,,Raw Material,POWDER,Inventory,true,,{},2026-08-21 18:25:32.021999+00,2026-08-21 18:36:17.00606+00
855,4,730,POWDER PARSLEY FLAKES 1000GR,RMKC-00019,,RAW MATERIAL FOOD,KITCHEN,Inventory,true,,{},2026-08-21 18:25:32.021999+00,2026-08-21 18:36:17.00606+00
856,4,731,POWDER PEACH TEA 1000GR,RMPD-00010,,Raw Material,POWDER,Inventory,true,,{},2026-08-21 18:25:32.021999+00,2026-08-21 18:36:17.00606+00
857,4,732,POWDER ROASTED GARLIC 1000GR,RMKC-00020,,RAW MATERIAL FOOD,KITCHEN,Inventory,true,,{},2026-08-21 18:25:32.021999+00,2026-08-21 18:36:17.00606+00
858,4,733,POWDER STIR UP TIRAMISU 1000GR,RMPD-00011,,Raw Material,POWDER,Inventory,true,,{},2026-08-21 18:25:32.021999+00,2026-08-21 18:36:17.00606+00
859,4,974,POWDER TEH TARIK MAMIO,RMPD-00016,,Raw Material,POWDER,Inventory,true,,{},2026-08-21 18:25:32.021999+00,2026-08-21 18:36:17.00606+00
860,4,734,POWDER TIRAMISU 1000GR,RMPD-00012,,Raw Material,POWDER,Inventory,true,,{},2026-08-21 18:25:32.021999+00,2026-08-21 18:36:17.00606+00
861,4,899,PSU,TLLS-00007,,TOOLS,TOOLS,Inventory,true,,{},2026-08-21 18:25:32.021999+00,2026-08-21 18:36:17.00606+00
862,4,863,PUMP AREN,KSUT-00034,,General,TOOLS,Inventory,true,,{},2026-08-21 18:25:32.021999+00,2026-08-21 18:36:17.00606+00
863,4,735,RAMOE SODA 330ML,RMBV-00018,,Raw Material,BEVERAGE,Inventory,true,,{},2026-08-21 18:25:32.021999+00,2026-08-21 18:36:17.00606+00
864,4,736,RICH DOUBLE CREAM 1000ML,RMFR-00054,,Raw Material,FRESH,Inventory,true,,{},2026-08-21 18:25:32.021999+00,2026-08-21 18:36:17.00606+00
865,4,737,RICH GOLD LABEL 907ML,RMFR-00017,,Raw Material,FRESH,Inventory,true,,{},2026-08-21 18:25:32.021999+00,2026-08-21 18:36:17.00606+00
866,4,738,ROTI PANDAN,RMFR-00018,,Raw Material,FRESH,Inventory,true,,{},2026-08-21 18:25:32.021999+00,2026-08-21 18:36:17.00606+00
867,4,962,"ROTI TAWAR 1,2 CM",RMFR-00067,,Raw Material,FRESH,Inventory,true,,{},2026-08-21 18:25:32.021999+00,2026-08-21 18:36:17.00606+00
868,4,739,ROTI TAWAR 2 CM,RMFR-00019,,Raw Material,FRESH,Inventory,true,,{},2026-08-21 18:25:32.021999+00,2026-08-21 18:36:17.00606+00
869,4,1041,RUBY-410 RSA SHOWCASE,TLLS-00033,,TOOLS,TOOLS,Inventory,true,,{},2026-08-21 18:25:32.021999+00,2026-08-21 18:36:17.00606+00
870,4,740,SABUN CUCI PIRING,GNCH-00004,,General,CHEMICAL,Inventory,true,,{},2026-08-21 18:25:32.021999+00,2026-08-21 18:36:17.00606+00
871,4,741,SABUN CUCI TANGAN,GNCH-00001,,General,CHEMICAL,Inventory,true,,{},2026-08-21 18:25:32.021999+00,2026-08-21 18:36:17.00606+00
872,4,885,SABUN DETERGEN CAIR,GNCH-00007,,General,CHEMICAL,Inventory,true,,{},2026-08-21 18:25:32.021999+00,2026-08-21 18:36:17.00606+00
873,4,884,SABUN MPC,GNCH-00006,,General,CHEMICAL,Inventory,true,,{},2026-08-21 18:25:32.021999+00,2026-08-21 18:36:17.00606+00
874,4,742,SABUN PEMBERSIH KACA,GNCH-00002,,General,CHEMICAL,Inventory,true,,{},2026-08-21 18:25:32.021999+00,2026-08-21 18:36:17.00606+00
875,4,883,SABUN PEMBERSIH KERAK KERAMIK,GNCH-00005,,General,CHEMICAL,Inventory,true,,{},2026-08-21 18:25:32.021999+00,2026-08-21 18:36:17.00606+00
876,4,743,SABUN PEMBERSIH LANTAI,GNCH-00003,,General,CHEMICAL,Inventory,true,,{},2026-08-21 18:25:32.021999+00,2026-08-21 18:36:17.00606+00
877,4,744,SARI MINANG BUBUK KARI KAMBING 250GR,RMKC-00021,,RAW MATERIAL FOOD,KITCHEN,Inventory,true,,{},2026-08-21 18:25:32.021999+00,2026-08-21 18:36:17.00606+00
878,4,745,SARINGAN COLD BREW,KSUT-00018,,General,UTENSIL,Inventory,true,,{},2026-08-21 18:25:32.021999+00,2026-08-21 18:36:17.00606+00
879,4,746,SASA MSG 1000GR,RMKC-00022,,RAW MATERIAL FOOD,KITCHEN,Inventory,true,,{},2026-08-21 18:25:32.021999+00,2026-08-21 18:36:17.00606+00
880,4,747,SAUCE CATCHER CHOCOLATE 2000 ML,RMSC-00008,,Raw Material,SAUCE,Inventory,true,,{},2026-08-21 18:25:32.021999+00,2026-08-21 18:36:17.00606+00
881,4,748,SAUCE DAVINCI BUTTERSCOTCH 2000ML,RMSC-00001,,Raw Material,SAUCE,Inventory,true,,{},2026-08-21 18:25:32.021999+00,2026-08-21 18:36:17.00606+00
882,4,749,SAUCE DAVINCI CARAMEL 2000ML,RMSC-00002,,Raw Material,SAUCE,Inventory,true,,{},2026-08-21 18:25:32.021999+00,2026-08-21 18:36:17.00606+00
883,4,750,SAUCE GULANAS HONEY LEMON 700GR,RMSC-00003,,Raw Material,SAUCE,Inventory,true,,{},2026-08-21 18:25:32.021999+00,2026-08-21 18:36:17.00606+00
884,4,751,SAUCE GULANAS HONEY PINEAPPLE 700GR,RMSC-00004,,Raw Material,SAUCE,Inventory,true,,{},2026-08-21 18:25:32.021999+00,2026-08-21 18:36:17.00606+00
885,4,752,SAUCE HT CARAMEL 750ML,RMSC-00007,,Raw Material,SAUCE,Inventory,true,,{},2026-08-21 18:25:32.021999+00,2026-08-21 18:36:17.00606+00
886,4,753,SAUCE MENTAI 1000GR,RMKC-00023,,RAW MATERIAL FOOD,KITCHEN,Inventory,true,,{},2026-08-21 18:25:32.021999+00,2026-08-21 18:36:17.00606+00
887,4,938,SAUCE NANBAN,RMKC-00047,,RAW MATERIAL FOOD,KITCHEN,Inventory,true,,{},2026-08-21 18:25:32.021999+00,2026-08-21 18:36:17.00606+00
888,4,868,SAUCE TIRAM SAORI,RMKC-00039,,RAW MATERIAL FOOD,KITCHEN,Inventory,true,,{},2026-08-21 18:25:32.021999+00,2026-08-21 18:36:17.00606+00
889,4,754,SAUCE TOMAT 1000GR,RMKC-00034,,RAW MATERIAL FOOD,KITCHEN,Inventory,true,,{},2026-08-21 18:25:32.021999+00,2026-08-21 18:36:17.00606+00
890,4,946,SAUCE TRUFFLE MAYO,RMKC-00055,,RAW MATERIAL FOOD,KITCHEN,Inventory,true,,{},2026-08-21 18:25:32.021999+00,2026-08-21 18:36:17.00606+00
891,4,755,SAUCE VOYA BUTTERSCOTCH 750ML,RMSC-00005,,Raw Material,SAUCE,Inventory,true,,{},2026-08-21 18:25:32.021999+00,2026-08-21 18:36:17.00606+00
892,4,756,SAUCE VOYA CARAMEL 750ML,RMSC-00006,,Raw Material,SAUCE,Inventory,true,,{},2026-08-21 18:25:32.021999+00,2026-08-21 18:36:17.00606+00
893,4,757,SAUS SAMBAL ABC 1000GR,RMKC-00024,,RAW MATERIAL FOOD,KITCHEN,Inventory,true,,{},2026-08-21 18:25:32.021999+00,2026-08-21 18:36:17.00606+00
894,4,758,SAUS SAMBAL DEL MONTE 1000GR,RMKC-00025,,RAW MATERIAL FOOD,KITCHEN,Inventory,true,,{},2026-08-21 18:25:32.021999+00,2026-08-21 18:36:17.00606+00
895,4,759,SAUS TIRAM PANDA 2200GR,RMKC-00026,,RAW MATERIAL FOOD,KITCHEN,Inventory,true,,{},2026-08-21 18:25:32.021999+00,2026-08-21 18:36:17.00606+00
896,4,760,SAUS TIRAM PANDA 510 GR,RMKC-00027,,RAW MATERIAL FOOD,KITCHEN,Inventory,true,,{},2026-08-21 18:25:32.021999+00,2026-08-21 18:36:17.00606+00
897,4,1063,SEA SALT FOAM POWDER 1KG,RMPD-00017,,Raw Material,POWDER,Inventory,true,,{},2026-08-21 18:25:32.021999+00,2026-08-21 18:36:17.00606+00
898,4,1008,SEAL MERAH HANDLE,TLLS-00031,,TOOLS,TOOLS,Inventory,true,,{},2026-08-21 18:25:32.021999+00,2026-08-21 18:36:17.00606+00
899,4,1043,SEAL TABUNG MY GRANITA 3X,TLLS-00035,,TOOLS,TOOLS,Inventory,true,,{},2026-08-21 18:25:32.021999+00,2026-08-21 18:36:17.00606+00
900,4,761,SEDOTAN 5MM,PCPB-00009,,PACKAGING,PACKAGING BAR,Inventory,true,,{},2026-08-21 18:25:32.021999+00,2026-08-21 18:36:17.00606+00
901,4,762,SEDOTAN 6MM,PCPB-00010,,PACKAGING,PACKAGING BAR,Inventory,true,,{},2026-08-21 18:25:32.021999+00,2026-08-21 18:36:17.00606+00
902,4,763,SEDOTAN 8MM,PCPB-00020,,PACKAGING,PACKAGING BAR,Inventory,true,,{},2026-08-21 18:25:32.021999+00,2026-08-21 18:36:17.00606+00
903,4,1048,SEDOTAN TRIBAR 22CM WASGEE,PCPB-00033,,PACKAGING,PACKAGING BAR,Inventory,true,,{},2026-08-21 18:25:32.021999+00,2026-08-21 18:36:17.00606+00
904,4,764,SELADA KERITING HIJAU,RMVG-00010,,Raw Material,VEGETABLE,Inventory,true,,{},2026-08-21 18:25:32.021999+00,2026-08-21 18:36:17.00606+00
905,4,935,SELAI SARIKAYA,RMKC-00044,,RAW MATERIAL FOOD,KITCHEN,Inventory,true,,{},2026-08-21 18:25:32.021999+00,2026-08-21 18:36:17.00606+00
906,4,994,SEMI AUTO CANNULAR REPLACEMENT BASE HANDLE,TLLS-00022,,TOOLS,TOOLS,Inventory,true,,{},2026-08-21 18:25:32.021999+00,2026-08-21 18:36:17.00606+00
907,4,1080,SEMI ELECTRIK CARLIFT CTD 1.5T/3.5M,TLLS-00037,,TOOLS,TOOLS,Inventory,true,,{},2026-08-21 18:25:32.021999+00,2026-08-21 18:36:17.00606+00
908,4,895,SHOWCASE 1 PINTU,TLLS-00003,,TOOLS,TOOLS,Inventory,true,,{},2026-08-21 18:25:32.021999+00,2026-08-21 18:36:17.00606+00
909,4,896,SHOWCASE 2 PINTU,TLLS-00004,,TOOLS,TOOLS,Inventory,true,,{},2026-08-21 18:25:32.021999+00,2026-08-21 18:36:17.00606+00
910,4,765,SKIPPY CHUNKY 500GR,RMKC-00028,,RAW MATERIAL FOOD,KITCHEN,Inventory,true,,{},2026-08-21 18:25:32.021999+00,2026-08-21 18:36:17.00606+00
911,4,766,SKM KALENG 365GR,RMBV-00013,,Raw Material,BEVERAGE,Inventory,true,,{},2026-08-21 18:25:32.021999+00,2026-08-21 18:36:17.00606+00
912,4,767,SKM KALENG 488GR,RMBV-00014,,Raw Material,BEVERAGE,Inventory,true,,{},2026-08-21 18:25:32.021999+00,2026-08-21 18:36:17.00606+00
913,4,768,SKM POUCH 1000GR,RMBV-00015,,Raw Material,BEVERAGE,Inventory,true,,{},2026-08-21 18:25:32.021999+00,2026-08-21 18:36:17.00606+00
914,4,769,SKM POUCH 2KG,RMBV-00016,,Raw Material,BEVERAGE,Inventory,true,,{},2026-08-21 18:25:32.021999+00,2026-08-21 18:36:17.00606+00
915,4,971,SLEEVE PAPER CUP,INSU-00044,,PACKAGING,PACKAGING BAR,Inventory,true,,{},2026-08-21 18:25:32.021999+00,2026-08-21 18:36:17.00606+00
916,4,1012,SLEEVE PAPER CUP CUSTOM,INSU-00047,,PACKAGING,PACKAGING BAR,Inventory,true,,{},2026-08-21 18:25:32.021999+00,2026-08-21 18:36:17.00606+00
917,4,987,SLEEVE PAPER GALON 5L,INSU-00046,,PACKAGING,PACKAGING BAR,Inventory,true,,{},2026-08-21 18:25:32.021999+00,2026-08-21 18:36:17.00606+00
918,4,953,SODA COFFEE BEER,RMBV-00028,,Raw Material,BEVERAGE,Inventory,true,,{},2026-08-21 18:25:32.021999+00,2026-08-21 18:36:17.00606+00
919,4,956,SODA RASA YANG PERNAH ADA,RMBV-00031,,Raw Material,BEVERAGE,Inventory,true,,{},2026-08-21 18:25:32.021999+00,2026-08-21 18:36:17.00606+00
920,4,954,SODA SARSAPARILLA,RMBV-00029,,Raw Material,BEVERAGE,Inventory,true,,{},2026-08-21 18:25:32.021999+00,2026-08-21 18:36:17.00606+00
921,4,955,SODA TEMULAWAK,RMBV-00030,,Raw Material,BEVERAGE,Inventory,true,,{},2026-08-21 18:25:32.021999+00,2026-08-21 18:36:17.00606+00
922,4,969,SPACER NYLON,TLLS-00011,,TOOLS,TOOLS,Inventory,true,,{},2026-08-21 18:25:32.021999+00,2026-08-21 18:36:17.00606+00
923,4,770,SPAGHETTI CARBONARA,RMKC-00035,,RAW MATERIAL FOOD,KITCHEN,Inventory,true,,{},2026-08-21 18:25:32.021999+00,2026-08-21 18:36:17.00606+00
924,4,771,SPORK HITAM,KSUK-00006,,PACKAGING,KITCHENWARE & SUPPLIES,Inventory,false,,{},2026-08-21 18:25:32.021999+00,2026-08-21 18:36:17.00606+00
925,4,921,SPORK HITAM (NEW),INSU-00028,,PACKAGING,KITCHENWARE & SUPPLIES,Inventory,true,,{},2026-08-21 18:25:32.021999+00,2026-08-21 18:36:17.00606+00
926,4,1071,STAMPEL CALF,CKDM-00004,,General,UTENSIL,Inventory,true,,{},2026-08-21 18:25:32.021999+00,2026-08-21 18:36:17.00606+00
927,4,1004,STICKER 250 ML COTR,INSU-00029,,PACKAGING,KITCHENWARE & SUPPLIES,Inventory,true,,{},2026-08-21 18:25:32.021999+00,2026-08-21 18:36:17.00606+00
928,4,772,STICKER BIRU CALF (ROUND),KSPS-00003,,PACKAGING,KITCHENWARE & SUPPLIES,Inventory,false,,{},2026-08-21 18:25:32.021999+00,2026-08-21 18:36:17.00606+00
929,4,949,STICKER BIRU CALF ROUND (NEW),INSU-0003,,KITCHEN & SUPPLIES (NEW),ADDITIONAL PACKAGING,Inventory,true,,{},2026-08-21 18:25:32.021999+00,2026-08-21 18:36:17.00606+00
930,4,922,STICKER BIRU CALF ROUND (NEW) - inactive,INSU0-0003-LEMBAR@77PCS,,PACKAGING,KITCHENWARE & SUPPLIES,Inventory,false,,{},2026-08-21 18:25:32.021999+00,2026-08-21 18:36:17.00606+00
931,4,1066,STICKER CUP INJECTION WASGEE,PCPB-00037,,PACKAGING,PACKAGING BAR,Inventory,true,,{},2026-08-21 18:25:32.021999+00,2026-08-21 18:36:17.00606+00
932,4,773,STICKER CUSTOM 250ML (NEW),INSU_00005,,PACKAGING,KITCHENWARE & SUPPLIES,Inventory,true,,{},2026-08-21 18:25:32.021999+00,2026-08-21 18:36:17.00606+00
933,4,774,STICKER CUSTOM 330ML (NEW),INSU-00004,,PACKAGING,KITCHENWARE & SUPPLIES,Inventory,true,,{},2026-08-21 18:25:32.021999+00,2026-08-21 18:36:17.00606+00
934,4,775,STICKER GREETING CARD - ICE,KSPS-00004,,PACKAGING,KITCHENWARE & SUPPLIES,Inventory,false,,{},2026-08-21 18:25:32.021999+00,2026-08-21 18:36:17.00606+00
935,4,923,STICKER GREETING CARD ICE (NEW),INSU-00003,,PACKAGING,KITCHENWARE & SUPPLIES,Inventory,true,,{},2026-08-21 18:25:32.021999+00,2026-08-21 18:36:17.00606+00
936,4,776,STICKER SEVENTEEN,KSPS-00009,,PACKAGING,KITCHENWARE & SUPPLIES,Inventory,true,,{},2026-08-21 18:25:32.021999+00,2026-08-21 18:36:17.00606+00
937,4,777,STICKER UNIVERSAL 250ML,PCPB-00022,,PACKAGING,PACKAGING BAR,Inventory,true,,{},2026-08-21 18:25:32.021999+00,2026-08-21 18:36:17.00606+00
938,4,778,STICKER UNIVERSAL 330ML,PCPB-00023,,PACKAGING,PACKAGING BAR,Inventory,true,,{},2026-08-21 18:25:32.021999+00,2026-08-21 18:36:17.00606+00
939,4,779,STYROFOAM BESAR,KSUT-00032,,General,UTENSIL,Inventory,true,,{},2026-08-21 18:25:32.021999+00,2026-08-21 18:36:17.00606+00
940,4,1045,STYROFOAM BOX MINI,KSUT-00038,,General,UTENSIL,Inventory,true,,{},2026-08-21 18:25:32.021999+00,2026-08-21 18:36:17.00606+00
941,4,902,STYROFOAM GG,KSUT-00036,,General,UTENSIL,Inventory,true,,{},2026-08-21 18:25:32.021999+00,2026-08-21 18:36:17.00606+00
942,4,780,STYROFOAM KECIL,KSUT-00033,,General,UTENSIL,Inventory,true,,{},2026-08-21 18:25:32.021999+00,2026-08-21 18:36:17.00606+00
943,4,1065,SUGAR SYRUP 2LTR,RMSY-00039,,Raw Material,SYRUP,Inventory,true,,{},2026-08-21 18:25:32.021999+00,2026-08-21 18:36:17.00606+00
944,4,940,SUSHI NORI,RMKC-00049,,RAW MATERIAL FOOD,KITCHEN,Inventory,true,,{},2026-08-21 18:25:32.021999+00,2026-08-21 18:36:17.00606+00
945,4,781,SYRUP DAVINCI COOKIES 750ML,RMSY-00002,,Raw Material,SYRUP,Inventory,true,,{},2026-08-21 18:25:32.021999+00,2026-08-21 18:36:17.00606+00
946,4,782,SYRUP DAVINCI PECAN PRALINE 750ML,RMSY-00003,,Raw Material,SYRUP,Inventory,true,,{},2026-08-21 18:25:32.021999+00,2026-08-21 18:36:17.00606+00
947,4,783,SYRUP DENALI ROUN 750ML,RMSY-00014,,Raw Material,SYRUP,Inventory,true,,{},2026-08-21 18:25:32.021999+00,2026-08-21 18:36:17.00606+00
948,4,784,SYRUP DRIPP APEL MALANG 760ML,RMSY-00028,,Raw Material,SYRUP,Inventory,true,,{},2026-08-21 18:25:32.021999+00,2026-08-21 18:36:17.00606+00
949,4,785,SYRUP DRIPP BANANA 760ML,RMSY-00004,,Raw Material,SYRUP,Inventory,true,,{},2026-08-21 18:25:32.021999+00,2026-08-21 18:36:17.00606+00
950,4,786,SYRUP DRIPP BUTTERSCOTCH 760ML,RMSY-00005,,Raw Material,SYRUP,Inventory,true,,{},2026-08-21 18:25:32.021999+00,2026-08-21 18:36:17.00606+00
951,4,787,SYRUP DRIPP CARAMEL 760ML,RMSY-00006,,Raw Material,SYRUP,Inventory,true,,{},2026-08-21 18:25:32.021999+00,2026-08-21 18:36:17.00606+00
952,4,788,SYRUP DRIPP CINNAMON 750ML,RMSY-00007,,Raw Material,SYRUP,Inventory,true,,{},2026-08-21 18:25:32.021999+00,2026-08-21 18:36:17.00606+00
953,4,930,SYRUP DRIPP HONEY 760ML,RMSY-00031,,Raw Material,SYRUP,Inventory,true,,{},2026-08-21 18:25:32.021999+00,2026-08-21 18:36:17.00606+00
954,4,931,SYRUP DRIPP JASMINE 760ML,RMSY-00032,,Raw Material,SYRUP,Inventory,true,,{},2026-08-21 18:25:32.021999+00,2026-08-21 18:36:17.00606+00
955,4,806,SYRUP DRIPP MANGGA HARUMANIS PULP 760ML,RMSY-00027,,Raw Material,SYRUP,Inventory,true,,{},2026-08-21 18:25:32.021999+00,2026-08-21 18:36:17.00606+00
956,4,789,SYRUP DRIPP MANGO STICKY RICE 750ML,RMSY-00008,,Raw Material,SYRUP,Inventory,true,,{},2026-08-21 18:25:32.021999+00,2026-08-21 18:36:17.00606+00
957,4,790,SYRUP DRIPP PISTACHIO 760ML,RMSY-00009,,Raw Material,SYRUP,Inventory,true,,{},2026-08-21 18:25:32.021999+00,2026-08-21 18:36:17.00606+00
958,4,1059,SYRUP DRIPP SEA SALT 760ML,RMSY-00035,,Raw Material,SYRUP,Inventory,true,,{},2026-08-21 18:25:32.021999+00,2026-08-21 18:36:17.00606+00
959,4,1013,SYRUP DRIPP STRAWBERRY 760ML,RMSY-00033,,Raw Material,SYRUP,Inventory,true,,{},2026-08-21 18:25:32.021999+00,2026-08-21 18:36:17.00606+00
960,4,929,SYRUP DRIPP STRAWBERRY PULP 760ML,RMSY-00030,,Raw Material,SYRUP,Inventory,true,,{},2026-08-21 18:25:32.021999+00,2026-08-21 18:36:17.00606+00
961,4,791,SYRUP DRIPP TIRAMISU 760ML,RMSY-00010,,Raw Material,SYRUP,Inventory,true,,{},2026-08-21 18:25:32.021999+00,2026-08-21 18:36:17.00606+00
962,4,792,SYRUP DRIPP VANILLA 760ML,RMSY-00029,,Raw Material,SYRUP,Inventory,true,,{},2026-08-21 18:25:32.021999+00,2026-08-21 18:36:17.00606+00
963,4,1052,SYRUP DRIPP YUZU PULP 760ML,RMSY-00034,,Raw Material,SYRUP,Inventory,true,,{},2026-08-21 18:25:32.021999+00,2026-08-21 18:36:17.00606+00
964,4,793,SYRUP ITAL LEMON JUICE 1000ML,RMSY-00011,,Raw Material,SYRUP,Inventory,true,,{},2026-08-21 18:25:32.021999+00,2026-08-21 18:36:17.00606+00
965,4,1060,SYRUP MONIN PEACH 750ML,RMSY-00037,,Raw Material,SYRUP,Inventory,true,,{},2026-08-21 18:25:32.021999+00,2026-08-21 18:36:17.00606+00
966,4,1068,SYRUP MONIN ROSE 750ML,RMSY-00040,,Raw Material,SYRUP,Inventory,true,,{},2026-08-21 18:25:32.021999+00,2026-08-21 18:36:17.00606+00
967,4,1054,SYRUP MONIN STRAWBERRY 750ML,RMSY-00038,,Raw Material,SYRUP,Inventory,true,,{},2026-08-21 18:25:32.021999+00,2026-08-21 18:36:17.00606+00
968,4,794,SYRUP MONIN SUN DRIED ORANGE 750ML,RMSY-00012,,Raw Material,SYRUP,Inventory,true,,{},2026-08-21 18:25:32.021999+00,2026-08-21 18:36:17.00606+00
969,4,795,SYRUP MULTIBEV SALTED CARAMEL 500ML,RMSY-00013,,Raw Material,SYRUP,Inventory,true,,{},2026-08-21 18:25:32.021999+00,2026-08-21 18:36:17.00606+00
970,4,796,SYRUP STIR UP BLUEBERRY 800ML,RMSY-00015,,Raw Material,SYRUP,Inventory,true,,{},2026-08-21 18:25:32.021999+00,2026-08-21 18:36:17.00606+00
971,4,797,SYRUP STIR UP CHEESE 800ML,RMSY-00016,,Raw Material,SYRUP,Inventory,true,,{},2026-08-21 18:25:32.021999+00,2026-08-21 18:36:17.00606+00
972,4,798,SYRUP STIR UP PEACH 800ML,RMSY-00017,,Raw Material,SYRUP,Inventory,true,,{},2026-08-21 18:25:32.021999+00,2026-08-21 18:36:17.00606+00
973,4,799,SYRUP STIR UP PINEAPPLE 800ML,RMSY-00018,,Raw Material,SYRUP,Inventory,true,,{},2026-08-21 18:25:32.021999+00,2026-08-21 18:36:17.00606+00
974,4,800,SYRUP STIR UP PISTACHIO 800ML,RMSY-00019,,Raw Material,SYRUP,Inventory,true,,{},2026-08-21 18:25:32.021999+00,2026-08-21 18:36:17.00606+00
975,4,801,SYRUP STIR UP STRAWBERRY 800ML,RMSY-00020,,Raw Material,SYRUP,Inventory,true,,{},2026-08-21 18:25:32.021999+00,2026-08-21 18:36:17.00606+00
976,4,802,SYRUP TOZA ORANGE PREMIUM RTD 1000ML,RMSY-00024,,Raw Material,SYRUP,Inventory,true,,{},2026-08-21 18:25:32.021999+00,2026-08-21 18:36:17.00606+00
977,4,803,SYRUP TOZA STRAWBERRY 770ML,RMSY-00023,,Raw Material,SYRUP,Inventory,true,,{},2026-08-21 18:25:32.021999+00,2026-08-21 18:36:17.00606+00
978,4,804,SYRUP TOZA VANILLA 770ML,RMSY-00025,,Raw Material,SYRUP,Inventory,true,,{},2026-08-21 18:25:32.021999+00,2026-08-21 18:36:17.00606+00
979,4,805,SYRUP VOYA VANILLA 750ML,RMSY-00026,,Raw Material,SYRUP,Inventory,true,,{},2026-08-21 18:25:32.021999+00,2026-08-21 18:36:17.00606+00
980,4,807,TALI RAFIA,KSUT-00021,,General,UTENSIL,Inventory,true,,{},2026-08-21 18:25:32.021999+00,2026-08-21 18:36:17.00606+00
981,4,941,TAPE MENTEGA,RMKC-00050,,RAW MATERIAL FOOD,KITCHEN,Inventory,true,,{},2026-08-21 18:25:32.021999+00,2026-08-21 18:36:17.00606+00
982,4,862,TARTAR SAUCE KEWPIE 1KG,RMKC-00036,,PACKAGING,PACKAGING BAR,Inventory,true,,{},2026-08-21 18:25:32.021999+00,2026-08-21 18:36:17.00606+00
983,4,808,TELUR,RMMT-00004,,Raw Material,MEAT,Inventory,true,,{},2026-08-21 18:25:32.021999+00,2026-08-21 18:36:17.00606+00
984,4,809,TEPUNG FINNA 1000GR,RMKC-00029,,RAW MATERIAL FOOD,KITCHEN,Inventory,true,,{},2026-08-21 18:25:32.021999+00,2026-08-21 18:36:17.00606+00
985,4,810,TEPUNG MAIZENA 1000GR,RMKC-00030,,RAW MATERIAL FOOD,KITCHEN,Inventory,true,,{},2026-08-21 18:25:32.021999+00,2026-08-21 18:36:17.00606+00
986,4,989,TEPUNG TAPIOKA,RMKC-00057,,RAW MATERIAL FOOD,KITCHEN,Inventory,true,,{},2026-08-21 18:25:32.021999+00,2026-08-21 18:36:17.00606+00
987,4,811,TEPUNG TERIGU 1000GR,RMKC-00031,,RAW MATERIAL FOOD,KITCHEN,Inventory,true,,{},2026-08-21 18:25:32.021999+00,2026-08-21 18:36:17.00606+00
988,4,1072,"THERMAL LABEL 60X30MM CORE 1""",KSPS-00010,,General,PRINTING & STICKER,Inventory,true,,{},2026-08-21 18:25:32.021999+00,2026-08-21 18:36:17.00606+00
989,4,812,THINWALL 650ML,KSUK-00007,,PACKAGING,KITCHENWARE & SUPPLIES,Inventory,true,,{},2026-08-21 18:25:32.021999+00,2026-08-21 18:36:17.00606+00
990,4,1003,THOUSAND ISLAND,RMKC-00058,,RAW MATERIAL FOOD,KITCHEN,Inventory,true,,{},2026-08-21 18:25:32.021999+00,2026-08-21 18:36:17.00606+00
991,4,813,TISSUE COCKTAIL NAPKIN (NEW),INSU-00021,,PACKAGING,ADDITIONAL PACKAGING,Inventory,true,,{},2026-08-21 18:25:32.021999+00,2026-08-21 18:36:17.00606+00
992,4,814,TISSUE DINNER NAPKIN (NEW),INSU-00022,,PACKAGING,ADDITIONAL PACKAGING,Inventory,true,,{},2026-08-21 18:25:32.021999+00,2026-08-21 18:36:17.00606+00
993,4,903,TISSUE FACIAL,KSUT-00037,,PACKAGING,KITCHENWARE & SUPPLIES,Inventory,true,,{},2026-08-21 18:25:32.021999+00,2026-08-21 18:36:17.00606+00
994,4,1035,UHT MILK CHOCOLATE 750ML,RMFR-00074,,Raw Material,FRESH,Inventory,true,,{},2026-08-21 18:25:32.021999+00,2026-08-21 18:36:17.00606+00
995,4,815,TISSUE KITCHEN TOWEL (NEW),INSU-00019,,PACKAGING,KITCHENWARE & SUPPLIES,Inventory,true,,{},2026-08-21 18:25:32.021999+00,2026-08-21 18:36:17.00606+00
996,4,816,TISSUE LIVI,KSUT-00019,,PACKAGING,KITCHENWARE & SUPPLIES,Inventory,false,,{},2026-08-21 18:25:32.021999+00,2026-08-21 18:36:17.00606+00
997,4,924,TISSUE LIVI (NEW),INSU-00017,,PACKAGING,KITCHENWARE & SUPPLIES,Inventory,true,,{},2026-08-21 18:25:32.021999+00,2026-08-21 18:36:17.00606+00
998,4,982,TISSUE ROLL JUMBO,INSU-00045,,PACKAGING,KITCHENWARE & SUPPLIES,Inventory,true,,{},2026-08-21 18:25:32.021999+00,2026-08-21 18:36:17.00606+00
999,4,817,TISSUE TOILET (NEW),INSU-00020,,PACKAGING,ADDITIONAL PACKAGING,Inventory,true,,{},2026-08-21 18:25:32.021999+00,2026-08-21 18:36:17.00606+00
1000,4,818,TOMAT MERAH,RMVG-00011,,Raw Material,VEGETABLE,Inventory,true,,{},2026-08-21 18:25:32.021999+00,2026-08-21 18:36:17.00606+00
1001,4,819,TOPPING CERES MEISES,RMKC-00032,,RAW MATERIAL FOOD,KITCHEN,Inventory,true,,{},2026-08-21 18:25:32.021999+00,2026-08-21 18:36:17.00606+00
1002,4,820,TOPPING SIMBA CHOCO CRUNCH 950GR,RMDG-00005,,Raw Material,DRY GOODS,Inventory,true,,{},2026-08-21 18:25:32.021999+00,2026-08-21 18:36:17.00606+00
1003,4,821,TOPPING TULIP CHOCO CHUNKS 1000GR,RMBV-00017,,Raw Material,BEVERAGE,Inventory,true,,{},2026-08-21 18:25:32.021999+00,2026-08-21 18:36:17.00606+00
1004,4,1016,TOTE BAG LALALA,MERCH003,,MERCHANDISE,APPAREL & ACCESSORIES,Inventory,true,,{},2026-08-21 18:25:32.021999+00,2026-08-21 18:36:17.00606+00
1005,4,867,TP SAGU TANI,RMKC-00038,,RAW MATERIAL FOOD,KITCHEN,Inventory,true,,{},2026-08-21 18:25:32.021999+00,2026-08-21 18:36:17.00606+00
1006,4,893,TRASH BAG 50x75CM,KSUT-00035,,PACKAGING,KITCHENWARE & SUPPLIES,Inventory,true,,{},2026-08-21 18:25:32.021999+00,2026-08-21 18:36:17.00606+00
1007,4,822,TRASH BAG 90X120CM,KSUT-00020,,PACKAGING,KITCHENWARE & SUPPLIES,Inventory,false,,{},2026-08-21 18:25:32.021999+00,2026-08-21 18:36:17.00606+00
1008,4,925,TRASH BAG 90X120CM (NEW),INSU-00018,,PACKAGING,KITCHENWARE & SUPPLIES,Inventory,true,,{},2026-08-21 18:25:32.021999+00,2026-08-21 18:36:17.00606+00
1009,4,823,TRUFFLE OIL 250ML,RMKC-00033,,RAW MATERIAL FOOD,KITCHEN,Inventory,true,,{},2026-08-21 18:25:32.021999+00,2026-08-21 18:36:17.00606+00
1010,4,1015,TUMBLER NEW DESIGN,MERCH002,,MERCHANDISE,APPAREL & ACCESSORIES,Inventory,true,,{},2026-08-21 18:25:32.021999+00,2026-08-21 18:36:17.00606+00
1011,4,1014,TUMBLER SEVENTEEN DARK,MERCH001,,MERCHANDISE,APPAREL & ACCESSORIES,Inventory,true,,{},2026-08-21 18:25:32.021999+00,2026-08-21 18:36:17.00606+00
1012,4,824,TUMBLR SEVENTEEN,KSUT-00022,,General,UTENSIL,Inventory,true,,{},2026-08-21 18:25:32.021999+00,2026-08-21 18:36:17.00606+00
1013,4,825,TUTUP BOTOL KALE 1000ML,PCPB-00012,,PACKAGING,PACKAGING BAR,Inventory,true,,{},2026-08-21 18:25:32.021999+00,2026-08-21 18:36:17.00606+00
1014,4,1082,TUTUP CUP 10 0Z (BAJAJ),PCPB-00039,,PACKAGING,PACKAGING BAR,Inventory,true,,{},2026-08-21 18:25:32.021999+00,2026-08-21 18:36:17.00606+00
1015,4,826,TUTUP CUP ES,PCPB-00013,,PACKAGING,PACKAGING BAR,Inventory,true,,{},2026-08-21 18:25:32.021999+00,2026-08-21 18:36:17.00606+00
1016,4,927,TUTUP CUP ES COTR,PPB-00001,,PACKAGING,PACKAGING BAR,Inventory,true,,{},2026-08-21 18:25:32.021999+00,2026-08-21 18:36:17.00606+00
1017,4,827,TUTUP CUP FROSTED,PCPB-00011,,PACKAGING,PACKAGING BAR,Inventory,true,,{},2026-08-21 18:25:32.021999+00,2026-08-21 18:36:17.00606+00
1018,4,828,TUTUP CUP HOT,PCPB-00014,,PACKAGING,PACKAGING BAR,Inventory,true,,{},2026-08-21 18:25:32.021999+00,2026-08-21 18:36:17.00606+00
1019,4,978,TUTUP CUP HOT 8 OZ DOUBLE WALL,PCPB-00030,,PACKAGING,PACKAGING BAR,Inventory,true,,{},2026-08-21 18:25:32.021999+00,2026-08-21 18:36:17.00606+00
1020,4,1051,TUTUP CUP INJECTION POLOS,PCPB-00036,,PACKAGING,PACKAGING BAR,Inventory,true,,{},2026-08-21 18:25:32.021999+00,2026-08-21 18:36:17.00606+00
1021,4,1047,TUTUP CUP INJECTION WASGEE,PCPB-00032,,PACKAGING,PACKAGING BAR,Inventory,true,,{},2026-08-21 18:25:32.021999+00,2026-08-21 18:36:17.00606+00
1022,4,830,TUTUP CUP JEFFERSON & TEA DOME LID,PCPB-00016,,PACKAGING,PACKAGING BAR,Inventory,true,,{},2026-08-21 18:25:32.021999+00,2026-08-21 18:36:17.00606+00
1023,4,829,TUTUP CUP JEFFERSON & TEA FLAT LID,PCPB-00015,,PACKAGING,PACKAGING BAR,Inventory,true,,{},2026-08-21 18:25:32.021999+00,2026-08-21 18:36:17.00606+00
1024,4,831,TUTUP KALENG 250ML,PCPB-00018,,PACKAGING,PACKAGING BAR,Inventory,true,,{},2026-08-21 18:25:32.021999+00,2026-08-21 18:36:17.00606+00
1025,4,832,TUTUP KALENG 330ML,PCPB-00017,,PACKAGING,PACKAGING BAR,Inventory,true,,{},2026-08-21 18:25:32.021999+00,2026-08-21 18:36:17.00606+00
1026,4,860,TUTUP PET CAN 180ML,PCPB-00026,,PACKAGING,PACKAGING BAR,Inventory,true,,{},2026-08-21 18:25:32.021999+00,2026-08-21 18:36:17.00606+00
1027,4,861,TUTUP PET CAN 350ML,PCPB-00027,,PACKAGING,PACKAGING BAR,Inventory,true,,{},2026-08-21 18:25:32.021999+00,2026-08-21 18:36:17.00606+00
1028,4,833,UHT ALMOND BREEZE BARISTA 946ML,RMFR-00048,,Raw Material,FRESH,Inventory,true,,{},2026-08-21 18:25:32.021999+00,2026-08-21 18:36:17.00606+00
1029,4,834,UHT ALMOND BREEZE CHOCO 946ML,RMFR-00045,,Raw Material,FRESH,Inventory,true,,{},2026-08-21 18:25:32.021999+00,2026-08-21 18:36:17.00606+00
1030,4,835,UHT ALMOND BREEZE LATTE 946ML,RMFR-00047,,Raw Material,FRESH,Inventory,true,,{},2026-08-21 18:25:32.021999+00,2026-08-21 18:36:17.00606+00
1031,4,836,UHT ALMOND BREEZE ORIGINAL 946ML,RMFR-00044,,Raw Material,FRESH,Inventory,true,,{},2026-08-21 18:25:32.021999+00,2026-08-21 18:36:17.00606+00
1032,4,837,UHT ALMOND BREEZE VANILLA 946ML,RMFR-00046,,Raw Material,FRESH,Inventory,true,,{},2026-08-21 18:25:32.021999+00,2026-08-21 18:36:17.00606+00
1033,4,838,UHT ARLA ORGANIC 1000ML,RMFR-00049,,Raw Material,FRESH,Inventory,true,,{},2026-08-21 18:25:32.021999+00,2026-08-21 18:36:17.00606+00
1034,4,839,UHT ARUMMI CASHEW BARISTA 1000ML,RMFR-00040,,Raw Material,FRESH,Inventory,true,,{},2026-08-21 18:25:32.021999+00,2026-08-21 18:36:17.00606+00
1035,4,840,UHT ARUMMI CASHEW CLASSIC 1000ML,RMFR-00041,,Raw Material,FRESH,Inventory,true,,{},2026-08-21 18:25:32.021999+00,2026-08-21 18:36:17.00606+00
1036,4,841,UHT BROOKFARM ALMOND DARK CHOCO 200ML,RMFR-00037,,Raw Material,FRESH,Inventory,true,,{},2026-08-21 18:25:32.021999+00,2026-08-21 18:36:17.00606+00
1037,4,842,UHT BROOKFARM ALMOND MATCHA 200ML,RMFR-00035,,Raw Material,FRESH,Inventory,true,,{},2026-08-21 18:25:32.021999+00,2026-08-21 18:36:17.00606+00
1038,4,843,UHT BROOKFARM ALMOND ORI 200ML,RMFR-00034,,Raw Material,FRESH,Inventory,true,,{},2026-08-21 18:25:32.021999+00,2026-08-21 18:36:17.00606+00
1039,4,844,UHT BROOKFARM ALMOND SALTED CARAMEL 200ML,RMFR-00036,,Raw Material,FRESH,Inventory,true,,{},2026-08-21 18:25:32.021999+00,2026-08-21 18:36:17.00606+00
1040,4,845,UHT DIAMOND 1000ML,RMFR-00020,,Raw Material,FRESH,Inventory,true,,{},2026-08-21 18:25:32.021999+00,2026-08-21 18:36:17.00606+00
1041,4,892,UHT DIAMOND CHOCOLATE 1000ML,RMFR-00066,,Raw Material,FRESH,Inventory,true,,{},2026-08-21 18:25:32.021999+00,2026-08-21 18:36:17.00606+00
1042,4,891,UHT DIAMOND LOWFAT 1000ML,RMFR-00065,,Raw Material,FRESH,Inventory,true,,{},2026-08-21 18:25:32.021999+00,2026-08-21 18:36:17.00606+00
1043,4,846,UHT DIAMOND MILK ALL PURPOSE 1000ML,RMFR-00039,,Raw Material,FRESH,Inventory,true,,{},2026-08-21 18:25:32.021999+00,2026-08-21 18:36:17.00606+00
1044,4,847,UHT DIAMOND MILK RICH 1000ML,RMFR-00038,,Raw Material,FRESH,Inventory,true,,{},2026-08-21 18:25:32.021999+00,2026-08-21 18:36:17.00606+00
1045,4,1006,UHT GRANDAIRY FOAMING MILK 1000ML,RMFR-00072,,Raw Material,FRESH,Inventory,true,,{},2026-08-21 18:25:32.021999+00,2026-08-21 18:36:17.00606+00
1046,4,1005,UHT GRANDAIRY FULL CREAM 1000ML,RMFR-00071,,Raw Material,FRESH,Inventory,true,,{},2026-08-21 18:25:32.021999+00,2026-08-21 18:36:17.00606+00
1047,4,881,UHT GREENFIELD CHOCOLATE,RMFR-00062,,Raw Material,FRESH,Inventory,true,,{},2026-08-21 18:25:32.021999+00,2026-08-21 18:36:17.00606+00
1048,4,882,UHT GREENFIELD COLD BLEND,RMFR-00063,,Raw Material,FRESH,Inventory,true,,{},2026-08-21 18:25:32.021999+00,2026-08-21 18:36:17.00606+00
1049,4,879,UHT GREENFIELD FULL CREAM,RMFR-00060,,Raw Material,FRESH,Inventory,true,,{},2026-08-21 18:25:32.021999+00,2026-08-21 18:36:17.00606+00
1050,4,880,UHT GREENFIELD PROFESSIONAL'S CHOICE,RMFR-00061,,Raw Material,FRESH,Inventory,true,,{},2026-08-21 18:25:32.021999+00,2026-08-21 18:36:17.00606+00
1051,4,848,UHT INDOMILK 950ML,RMFR-00021,,Raw Material,FRESH,Inventory,true,,{},2026-08-21 18:25:32.021999+00,2026-08-21 18:36:17.00606+00
1052,4,1038,UHT MILK ALMOND 750ML,RMFR-00077,,Raw Material,FRESH,Inventory,true,,{},2026-08-21 18:25:32.021999+00,2026-08-21 18:36:17.00606+00
1053,4,1040,UHT MILK CASHEW 750ML,RMFR-00079,,Raw Material,FRESH,Inventory,true,,{},2026-08-21 18:25:32.021999+00,2026-08-21 18:36:17.00606+00
1054,4,1037,UHT MILK FULL CREAM BL 750ML,RMFR-00076,,Raw Material,FRESH,Inventory,true,,{},2026-08-21 18:25:32.021999+00,2026-08-21 18:36:17.00606+00
1055,4,849,UHT MILK LIFE 1000ML,RMFR-00022,,Raw Material,FRESH,Inventory,true,,{},2026-08-21 18:25:32.021999+00,2026-08-21 18:36:17.00606+00
1056,4,1039,UHT MILK MARIE REGAL 750ML,RMFR-00078,,Raw Material,FRESH,Inventory,true,,{},2026-08-21 18:25:32.021999+00,2026-08-21 18:36:17.00606+00
1057,4,1036,UHT MILK STRAWBERRY 750ML,RMFR-00075,,Raw Material,FRESH,Inventory,true,,{},2026-08-21 18:25:32.021999+00,2026-08-21 18:36:17.00606+00
1058,4,850,UHT MILKLIFE 1000ML,RMFR-00023,,Raw Material,FRESH,Inventory,true,,{},2026-08-21 18:25:32.021999+00,2026-08-21 18:36:17.00606+00
1059,4,851,UHT OATSIDE 1000ML,RMFR-00024,,Raw Material,FRESH,Inventory,true,,{},2026-08-21 18:25:32.021999+00,2026-08-21 18:36:17.00606+00
1060,4,981,ULTRA MILK 250ML,RMFR-00070,,Raw Material,FRESH,Inventory,true,,{},2026-08-21 18:25:32.021999+00,2026-08-21 18:36:17.00606+00
1061,4,979,ULTRA MILK FULL CREAM 1000ML,RMFR-00068,,Raw Material,FRESH,Inventory,true,,{},2026-08-21 18:25:32.021999+00,2026-08-21 18:36:17.00606+00
1062,4,980,ULTRA MILK LOW FAT 1000ML,RMFR-00069,,Raw Material,FRESH,Inventory,true,,{},2026-08-21 18:25:32.021999+00,2026-08-21 18:36:17.00606+00
1063,4,900,UNDER COUNTER,TLLS-00008,,TOOLS,TOOLS,Inventory,true,,{},2026-08-21 18:25:32.021999+00,2026-08-21 18:36:17.00606+00
1064,4,852,VSOY LOW SUGAR 1000ML,RMFR-00025,,Raw Material,FRESH,Inventory,true,,{},2026-08-21 18:25:32.021999+00,2026-08-21 18:36:17.00606+00
1065,4,853,VSOY MULTIGRAIN 1000ML,RMFR-00026,,Raw Material,FRESH,Inventory,true,,{},2026-08-21 18:25:32.021999+00,2026-08-21 18:36:17.00606+00
1066,4,854,VSOY MULTIGRAIN 200ML,RMFR-00027,,Raw Material,FRESH,Inventory,true,,{},2026-08-21 18:25:32.021999+00,2026-08-21 18:36:17.00606+00
1067,4,855,VSOY ORIGINAL 1000ML,RMFR-00028,,Raw Material,FRESH,Inventory,true,,{},2026-08-21 18:25:32.021999+00,2026-08-21 18:36:17.00606+00
1068,4,1070,WHIPPED CREAM MILAC GOLD 1LTR,RMFR-00080,,Raw Material,FRESH,Inventory,true,,{},2026-08-21 18:25:32.021999+00,2026-08-21 18:36:17.00606+00
1069,4,856,WHIPPING CREAM BROOKFARM 1000ML,RMFR-00053,,Raw Material,FRESH,Inventory,true,,{},2026-08-21 18:25:32.021999+00,2026-08-21 18:36:17.00606+00
1070,4,933,YAKULT,RMBV-00026,,Raw Material,BEVERAGE,Inventory,true,,{},2026-08-21 18:25:32.021999+00,2026-08-21 18:36:17.00606+00
1071,3,385,BATREI ALKALINE AAA PACK@6PCS,TCKP-00004,,KITCHENWARE & SUPPLIES,UTILITIES KITCHEN,Inventory,true,,{},2026-08-21 18:25:32.021999+00,2026-08-21 18:36:17.00606+00
1072,3,335,BEANS AUTHENTIC,RBBA-00001,,Roasted Beans,BEANS AUTHENTIC,Inventory,true,,{},2026-08-21 18:25:32.021999+00,2026-08-21 18:36:17.00606+00
1073,3,336,BEANS COLD BREW,RBCB-00001,,Roasted Beans,BEANS COLD BREW,Inventory,true,,{},2026-08-21 18:25:32.021999+00,2026-08-21 18:36:17.00606+00
1074,3,337,BEANS PREMIUM,RBAP-00001,,Roasted Beans,ARABICA PREMIUM,Inventory,true,,{},2026-08-21 18:25:32.021999+00,2026-08-21 18:36:17.00606+00
1075,3,338,BEANS REGULER,RBRR-00001,,Roasted Beans,ROBUSTA REGULER,Inventory,true,,{},2026-08-21 18:25:32.021999+00,2026-08-21 18:36:17.00606+00
1076,3,368,BUBBLE WRAP,KSUT-00027,,General,UTENSIL,Inventory,true,,{},2026-08-21 18:25:32.021999+00,2026-08-21 18:36:17.00606+00
1077,3,380,DIMSUM,RMFR-00003,,Raw Material,FRESH,Inventory,true,,{},2026-08-21 18:25:32.021999+00,2026-08-21 18:36:17.00606+00
1078,3,339,ESPRESSO PREMIUM,ESPR-00001,,WIP,Espresso,Inventory,true,,{},2026-08-21 18:25:32.021999+00,2026-08-21 18:36:17.00606+00
1079,3,340,ESPRESSO REGULER,ESPR-00002,,WIP,Espresso,Inventory,true,,{},2026-08-21 18:25:32.021999+00,2026-08-21 18:36:17.00606+00
1080,3,382,Galon 19 L,GL-00002,,PACKAGING,ADDITIONAL PACKAGING,Inventory,true,,{},2026-08-21 18:25:32.021999+00,2026-08-21 18:36:17.00606+00
1081,3,393,GALON 19 LTR COTR,PCPB-00038,,PACKAGING,PACKAGING BAR,Inventory,true,,{},2026-08-21 18:25:32.021999+00,2026-08-21 18:36:17.00606+00
1082,3,381,Galon 5 Liter,GL-00001,,PACKAGING,ADDITIONAL PACKAGING,Inventory,true,,{},2026-08-21 18:25:32.021999+00,2026-08-21 18:36:17.00606+00
1083,3,359,GARAM,RMKC-00006,,RAW MATERIAL FOOD,KITCHEN,Inventory,true,,{},2026-08-21 18:25:32.021999+00,2026-08-21 18:36:17.00606+00
1084,3,373,GAS 12KG,EGGS-00002,,EXP GAS,GAS,Non Inventory,true,,{},2026-08-21 18:25:32.021999+00,2026-08-21 18:36:17.00606+00
1085,3,372,GAS 5KG,EGGS-00003,,EXP GAS,GAS,Non Inventory,true,,{},2026-08-21 18:25:32.021999+00,2026-08-21 18:36:17.00606+00
1086,3,343,GREEN BEANS COLD BREW,GBCB-00001,,Green Beans,BEANS COLD BREW,Inventory,true,,{},2026-08-21 18:25:32.021999+00,2026-08-21 18:36:17.00606+00
1087,3,351,GREEN BEANS PREMIUM,GBAP-00001,,Green Beans,ARABICA PREMIUM,Inventory,true,,{},2026-08-21 18:25:32.021999+00,2026-08-21 18:36:17.00606+00
1088,3,391,GREEN BEANS PREMIUM GRADE 1 DP,GB-0001DP,,Green Beans,GREEN BEANS PREMIUM,Inventory,true,,{},2026-08-21 18:25:32.021999+00,2026-08-21 18:36:17.00606+00
1089,3,352,GREEN BEANS REGULER,GBRR-00001,,Green Beans,ROBUSTA REGULER,Inventory,true,,{},2026-08-21 18:25:32.021999+00,2026-08-21 18:36:17.00606+00
1090,3,392,GREEN BEANS ROBUSTA GRADE 1,GB-0002DR,,Green Beans,ROBUSTA REGULER,Inventory,true,,{},2026-08-21 18:25:32.021999+00,2026-08-21 18:36:17.00606+00
1091,3,365,GULA PASIR 1000GR,RMKC-00007,,RAW MATERIAL FOOD,KITCHEN,Inventory,true,,{},2026-08-21 18:25:32.021999+00,2026-08-21 18:36:17.00606+00
1092,3,378,HAIRNET,CKDM-00001,,General,UTENSIL,Inventory,true,,{},2026-08-21 18:25:32.021999+00,2026-08-21 18:36:17.00606+00
1093,3,341,HAND GLOVES,KSUT-00006,,KITCHENWARE & SUPPLIES,UTENSIL,Inventory,true,,{},2026-08-21 18:25:32.021999+00,2026-08-21 18:36:17.00606+00
1094,3,386,HAND GLOVES (NEW),INSU-00010,,PACKAGING,KITCHENWARE & SUPPLIES,Inventory,true,,{},2026-08-21 18:25:32.021999+00,2026-08-21 18:36:17.00606+00
1095,3,370,KARDUS 29X32X20,KSUT-00024,,General,UTENSIL,Inventory,true,,{},2026-08-21 18:25:32.021999+00,2026-08-21 18:36:17.00606+00
1096,3,377,KARDUS 32X30X26,KSUT-00023,,General,UTENSIL,Inventory,true,,{},2026-08-21 18:25:32.021999+00,2026-08-21 18:36:17.00606+00
1097,3,345,KECAP ASIN,RMKC-00037,,RAW MATERIAL FOOD,KITCHEN,Inventory,true,,{},2026-08-21 18:25:32.021999+00,2026-08-21 18:36:17.00606+00
1098,3,384,KERINCI BLACKCURRANT,RBBA-00002,,Roasted Beans,BEANS AUTHENTIC,Inventory,true,,{},2026-08-21 18:25:32.021999+00,2026-08-21 18:36:17.00606+00
1099,3,362,KNORR CHICKEN POWDER 1000GR,RMKC-00011,,RAW MATERIAL FOOD,KITCHEN,Inventory,true,,{},2026-08-21 18:25:32.021999+00,2026-08-21 18:36:17.00606+00
1100,3,349,KULIT DIMSUM,RMKC-00041,,RAW MATERIAL FOOD,KITCHEN,Inventory,true,,{},2026-08-21 18:25:32.021999+00,2026-08-21 18:36:17.00606+00
1101,3,376,LAKBAN BENING BESAR,GNST-00001,,General,STATIONERY,Inventory,true,,{},2026-08-21 18:25:32.021999+00,2026-08-21 18:36:17.00606+00
1102,3,369,LAKBAN MERAH FRAGILE,GNST-00002,,General,STATIONERY,Inventory,true,,{},2026-08-21 18:25:32.021999+00,2026-08-21 18:36:17.00606+00
1103,3,350,LEMAK AYAM,RMMT-00005,,Raw Material,MEAT,Inventory,true,,{},2026-08-21 18:25:32.021999+00,2026-08-21 18:36:17.00606+00
1104,3,379,MASKER,CKDM-00002,,General,UTENSIL,Inventory,true,,{},2026-08-21 18:25:32.021999+00,2026-08-21 18:36:17.00606+00
1105,3,374,MINYAK GORENG NEW,RMKC-00043,,RAW MATERIAL FOOD,KITCHEN,Inventory,true,,{},2026-08-21 18:25:32.021999+00,2026-08-21 18:36:17.00606+00
1106,3,348,MINYAK WIJEN,RMKC-00040,,RAW MATERIAL FOOD,KITCHEN,Inventory,true,,{},2026-08-21 18:25:32.021999+00,2026-08-21 18:36:17.00606+00
1107,3,353,Packaging 1 kg,PCG-00001,,PACKAGING,PACKAGING BAR,Inventory,true,,{},2026-08-21 18:25:32.021999+00,2026-08-21 18:36:17.00606+00
1108,3,354,Packaging 5 kg,PCG-00002,,PACKAGING,PACKAGING BAR,Inventory,true,,{},2026-08-21 18:25:32.021999+00,2026-08-21 18:36:17.00606+00
1109,3,344,PLASTIK MIKA DIMSUM,PCPK-00006,,PACKAGING,PACKAGING KITCHEN,Inventory,true,,{},2026-08-21 18:25:32.021999+00,2026-08-21 18:36:17.00606+00
1110,3,367,PLASTIK TAKE AWAY 35,KSUT-00016,,PACKAGING,KITCHENWARE & SUPPLIES,Inventory,true,,{},2026-08-21 18:25:32.021999+00,2026-08-21 18:36:17.00606+00
1111,3,390,PLASTIK TAKE AWAY 35 (NEW),INSU-00015,,PACKAGING,KITCHENWARE & SUPPLIES,Inventory,true,,{},2026-08-21 18:25:32.021999+00,2026-08-21 18:36:17.00606+00
1112,3,363,PLASTIK WRAPPING 30CMX30M,KSUT-00017,,PACKAGING,KITCHENWARE & SUPPLIES,Inventory,true,,{},2026-08-21 18:25:32.021999+00,2026-08-21 18:36:17.00606+00
1113,3,364,PLASTIK WRAPPING 40X500M,KSUK-00001,,PACKAGING,KITCHENWARE & SUPPLIES,Inventory,true,,{},2026-08-21 18:25:32.021999+00,2026-08-21 18:36:17.00606+00
1114,3,389,PLASTIK WRAPPING BARANG 150M (NON FOOD GRADE),INSU-00038,,PACKAGING,ADDITIONAL PACKAGING,Inventory,true,,{},2026-08-21 18:25:32.021999+00,2026-08-21 18:36:17.00606+00
1115,3,360,SASA MSG 1000GR,RMKC-00022,,RAW MATERIAL FOOD,KITCHEN,Inventory,true,,{},2026-08-21 18:25:32.021999+00,2026-08-21 18:36:17.00606+00
1116,3,347,SAUCE TIRAM SAORI,RMKC-00039,,RAW MATERIAL FOOD,KITCHEN,Inventory,true,,{},2026-08-21 18:25:32.021999+00,2026-08-21 18:36:17.00606+00
1117,3,371,SAUS SAMBAL DEL MONTE 1000GR,RMKC-00025,,RAW MATERIAL FOOD,KITCHEN,Inventory,true,,{},2026-08-21 18:25:32.021999+00,2026-08-21 18:36:17.00606+00
1118,3,383,SLOKI STAINLESS,TCKP-00001,,KITCHENWARE & SUPPLIES,ADDITIONAL PACKAGING,Inventory,true,,{},2026-08-21 18:25:32.021999+00,2026-08-21 18:36:17.00606+00
1119,3,357,TELUR,RMMT-00004,,Raw Material,MEAT,Inventory,true,,{},2026-08-21 18:25:32.021999+00,2026-08-21 18:36:17.00606+00
1120,3,361,TEPUNG MAIZENA 1000GR,RMKC-00030,,RAW MATERIAL FOOD,KITCHEN,Inventory,true,,{},2026-08-21 18:25:32.021999+00,2026-08-21 18:36:17.00606+00
1121,3,342,TISSUE LIVI,KSUT-00019,,KITCHENWARE & SUPPLIES,UTENSIL,Inventory,true,,{},2026-08-21 18:25:32.021999+00,2026-08-21 18:36:17.00606+00
1122,3,387,TISSUE LIVI (NEW),INSU-00017,,PACKAGING,KITCHENWARE & SUPPLIES,Inventory,true,,{},2026-08-21 18:25:32.021999+00,2026-08-21 18:36:17.00606+00
1123,3,346,TP SAGU TANI,RMKC-00038,,RAW MATERIAL FOOD,KITCHEN,Inventory,true,,{},2026-08-21 18:25:32.021999+00,2026-08-21 18:36:17.00606+00
1124,3,366,TRASH BAG 90X120CM,KSUT-00020,,PACKAGING,KITCHENWARE & SUPPLIES,Inventory,true,,{},2026-08-21 18:25:32.021999+00,2026-08-21 18:36:17.00606+00
1125,3,388,TRASH BAG 90X120CM (NEW),INSU-00018,,PACKAGING,KITCHENWARE & SUPPLIES,Inventory,true,,{},2026-08-21 18:25:32.021999+00,2026-08-21 18:36:17.00606+00
1126,6,782,AIR,RMBV-00019,,Raw Material,BEVERAGE,Inventory,true,,{},2026-08-21 18:25:32.021999+00,2026-08-21 18:36:17.00606+00
1127,6,783,AREN BIASA,RMBV-00001,,Raw Material,BEVERAGE,Inventory,true,,{},2026-08-21 18:25:32.021999+00,2026-08-21 18:36:17.00606+00
1128,6,1044,BATREI ALKALINE AAA PACK@6PCS,TCKP-00004,,KITCHEN & SUPPLIES (NEW),UTILITIES KITCHEN,Inventory,true,,{},2026-08-21 18:25:32.021999+00,2026-08-21 18:36:17.00606+00
1129,6,784,BEANS AUTHENTIC,RBBA-00001,,Roasted Beans,BEANS AUTHENTIC,Inventory,true,,{},2026-08-21 18:25:32.021999+00,2026-08-21 18:36:17.00606+00
1130,6,785,BEANS COLD BREW,RBCB-00001,,Roasted Beans,BEANS COLD BREW,Inventory,true,,{},2026-08-21 18:25:32.021999+00,2026-08-21 18:36:17.00606+00
1131,6,786,BEANS PREMIUM,RBAP-00001,,Roasted Beans,ARABICA PREMIUM,Inventory,true,,{},2026-08-21 18:25:32.021999+00,2026-08-21 18:36:17.00606+00
1132,6,787,BEANS REGULER,RBRR-00001,,Roasted Beans,ROBUSTA REGULER,Inventory,true,,{},2026-08-21 18:25:32.021999+00,2026-08-21 18:36:17.00606+00
1133,6,788,BISCUIT BISKUAT 152GR,RMDG-00001,,Raw Material,DRY GOODS,Inventory,true,,{},2026-08-21 18:25:32.021999+00,2026-08-21 18:36:17.00606+00
1134,6,789,BISCUIT OREO 442GR,RMDG-00002,,Raw Material,DRY GOODS,Inventory,true,,{},2026-08-21 18:25:32.021999+00,2026-08-21 18:36:17.00606+00
1135,6,790,BISCUIT REGAL 230GR,RMDG-00003,,Raw Material,DRY GOODS,Inventory,true,,{},2026-08-21 18:25:32.021999+00,2026-08-21 18:36:17.00606+00
1136,6,791,BOTOL KALE 1000ML,PCPB-00001,,PACKAGING,PACKAGING BAR,Inventory,true,,{},2026-08-21 18:25:32.021999+00,2026-08-21 18:36:17.00606+00
1137,6,792,BROWNIES,RMFR-00001,,Raw Material,FRESH,Inventory,true,,{},2026-08-21 18:25:32.021999+00,2026-08-21 18:36:17.00606+00
1138,6,793,BUBBLE WRAP,KSUT-00027,,General,UTENSIL,Inventory,true,,{},2026-08-21 18:25:32.021999+00,2026-08-21 18:36:17.00606+00
1139,6,1047,BUR,TCKP-00008,,KITCHEN & SUPPLIES (NEW),UTILITIES KITCHEN,Inventory,true,,{},2026-08-21 18:25:32.021999+00,2026-08-21 18:36:17.00606+00
1140,6,794,BUTTER ANCHOR CREAM CHEESE 1000GR,RMFR-00052,,Raw Material,FRESH,Inventory,true,,{},2026-08-21 18:25:32.021999+00,2026-08-21 18:36:17.00606+00
1141,6,795,BUTTER ANCHOR SALTED 200GR,RMFR-00051,,Raw Material,FRESH,Inventory,true,,{},2026-08-21 18:25:32.021999+00,2026-08-21 18:36:17.00606+00
1142,6,796,BUTTER ANCHOR UNSALTED 200GR,RMFR-00050,,Raw Material,FRESH,Inventory,true,,{},2026-08-21 18:25:32.021999+00,2026-08-21 18:36:17.00606+00
1143,6,797,CABLE TIES,KSUT-00001,,KITCHENWARE & SUPPLIES,UTENSIL,Inventory,true,,{},2026-08-21 18:25:32.021999+00,2026-08-21 18:36:17.00606+00
1144,6,1034,CABLE TIES (NEW),INSU-00005,,PACKAGING,KITCHENWARE & SUPPLIES,Inventory,true,,{},2026-08-21 18:25:32.021999+00,2026-08-21 18:36:17.00606+00
1145,6,1064,"CANNULAR VISY CHUCK - SUITS 202 CDLE ENDS (MAY ALSO FIT THE B34, B17, 22A)",TLLS-00026,,TOOLS,TOOLS,Inventory,true,,{},2026-08-21 18:25:32.021999+00,2026-08-21 18:36:17.00606+00
1146,6,1045,CHARGER BATREI,TCKP-00005,,KITCHEN & SUPPLIES (NEW),UTILITIES KITCHEN,Inventory,true,,{},2026-08-21 18:25:32.021999+00,2026-08-21 18:36:17.00606+00
1147,6,798,CHEESE MOZZARELLA BLOCK 2000GR,RMFR-00002,,Raw Material,FRESH,Inventory,true,,{},2026-08-21 18:25:32.021999+00,2026-08-21 18:36:17.00606+00
1148,6,799,CLEO BOTOL 550ML,RMBV-00023,,Raw Material,BEVERAGE,Inventory,true,,{},2026-08-21 18:25:32.021999+00,2026-08-21 18:36:17.00606+00
1149,6,800,CLEO GALON 18 L,RMBV-00024,,Raw Material,BEVERAGE,Inventory,true,,{},2026-08-21 18:25:32.021999+00,2026-08-21 18:36:17.00606+00
1150,6,801,CREAMER (MAX) 500GR,RMBV-00002,,Raw Material,BEVERAGE,Inventory,true,,{},2026-08-21 18:25:32.021999+00,2026-08-21 18:36:17.00606+00
1151,6,802,CREAMER (MULTIBEV) 1000GR,RMBV-00003,,Raw Material,BEVERAGE,Inventory,true,,{},2026-08-21 18:25:32.021999+00,2026-08-21 18:36:17.00606+00
1152,6,803,CREAMER LIQUID,CRMR-00001,,WIP,Creamer Liquid,Inventory,true,,{},2026-08-21 18:25:32.021999+00,2026-08-21 18:36:17.00606+00
1153,6,804,CUP 10 0Z (BAJAJ),PCPB-00002,,PACKAGING,PACKAGING BAR,Inventory,true,,{},2026-08-21 18:25:32.021999+00,2026-08-21 18:36:17.00606+00
1154,6,805,CUP 10 OZ POLOS,PCPB-00019,,PACKAGING,PACKAGING BAR,Inventory,true,,{},2026-08-21 18:25:32.021999+00,2026-08-21 18:36:17.00606+00
1155,6,806,CUP ES,PCPB-00003,,PACKAGING,PACKAGING BAR,Inventory,true,,{},2026-08-21 18:25:32.021999+00,2026-08-21 18:36:17.00606+00
1156,6,1054,CUP ES COTR,PPB-00002,,PACKAGING,PACKAGING BAR,Inventory,true,,{},2026-08-21 18:25:32.021999+00,2026-08-21 18:36:17.00606+00
1157,6,807,CUP FROSTED,PCPB-00004,,PACKAGING,PACKAGING BAR,Inventory,true,,{},2026-08-21 18:25:32.021999+00,2026-08-21 18:36:17.00606+00
1158,6,1052,CUP HOT 12OZ DOUBLE WALL,PCPB-00028,,PACKAGING,PACKAGING BAR,Inventory,true,,{},2026-08-21 18:25:32.021999+00,2026-08-21 18:36:17.00606+00
1159,6,808,CUP HOT 8 OZ,PCPB-00005,,PACKAGING,PACKAGING BAR,Inventory,true,,{},2026-08-21 18:25:32.021999+00,2026-08-21 18:36:17.00606+00
1160,6,809,CUP JEFFERSON & TEA,PCPB-00006,,PACKAGING,PACKAGING BAR,Inventory,true,,{},2026-08-21 18:25:32.021999+00,2026-08-21 18:36:17.00606+00
1161,6,810,CUP SAUCE 100ML,PCAP-00003,,PACKAGING,ADDITIONAL PACKAGING,Inventory,true,,{},2026-08-21 18:25:32.021999+00,2026-08-21 18:36:17.00606+00
1162,6,811,CUP SAUCE 25ML,PCAP-00002,,PACKAGING,ADDITIONAL PACKAGING,Inventory,true,,{},2026-08-21 18:25:32.021999+00,2026-08-21 18:36:17.00606+00
1163,6,812,CUP SEALER,KSUT-00004,,KITCHENWARE & SUPPLIES,UTENSIL,Inventory,true,,{},2026-08-21 18:25:32.021999+00,2026-08-21 18:36:17.00606+00
1164,6,1035,CUP SEALER (NEW),INSU-00008,,PACKAGING,KITCHENWARE & SUPPLIES,Inventory,true,,{},2026-08-21 18:25:32.021999+00,2026-08-21 18:36:17.00606+00
1165,6,1060,CUP SEALER KECIL,INSU-00011,,PACKAGING,KITCHENWARE & SUPPLIES,Inventory,true,,{},2026-08-21 18:25:32.021999+00,2026-08-21 18:36:17.00606+00
1166,6,813,DIMSUM,RMFR-00003,,Raw Material,FRESH,Inventory,true,,{},2026-08-21 18:25:32.021999+00,2026-08-21 18:36:17.00606+00
1167,6,814,DRIED ORANGE 500GR,RMDG-00008,,Raw Material,DRY GOODS,Inventory,true,,{},2026-08-21 18:25:32.021999+00,2026-08-21 18:36:17.00606+00
1168,6,815,DRIED PINEAPPLE 500GR,RMDG-00007,,Raw Material,DRY GOODS,Inventory,true,,{},2026-08-21 18:25:32.021999+00,2026-08-21 18:36:17.00606+00
1169,6,816,DRIED ROSELLA 500GR,RMDG-00006,,Raw Material,DRY GOODS,Inventory,true,,{},2026-08-21 18:25:32.021999+00,2026-08-21 18:36:17.00606+00
1170,6,1048,EMBER PLASTIK  20L,TCKP-00009,,KITCHENWARE & SUPPLIES,KITCHENWARE & SUPPLIES,Inventory,true,,{},2026-08-21 18:25:32.021999+00,2026-08-21 18:36:17.00606+00
1171,6,1049,EMBER STAINLESS 20L,TCKP-00010,,KITCHENWARE & SUPPLIES,UTILITIES KITCHEN,Inventory,true,,{},2026-08-21 18:25:32.021999+00,2026-08-21 18:36:17.00606+00
1172,6,817,ES BATU,RMBV-00022,,Raw Material,BEVERAGE,Inventory,true,,{},2026-08-21 18:25:32.021999+00,2026-08-21 18:36:17.00606+00
1173,6,818,Es Kopi Calf Premium - COTR (145ml),PREM-00030,,Finished Good,Premium,Inventory,true,,{},2026-08-21 18:25:32.021999+00,2026-08-21 18:36:17.00606+00
1174,6,819,ES SERUT,RMBV-00020,,Raw Material,BEVERAGE,Inventory,true,,{},2026-08-21 18:25:32.021999+00,2026-08-21 18:36:17.00606+00
1175,6,820,ESPRESSO PREMIUM,ESPR-00001,,WIP,Espresso,Inventory,true,,{},2026-08-21 18:25:32.021999+00,2026-08-21 18:36:17.00606+00
1176,6,821,ESPRESSO REGULER,ESPR-00002,,WIP,Espresso,Inventory,true,,{},2026-08-21 18:25:32.021999+00,2026-08-21 18:36:17.00606+00
1177,6,822,EVAPORATED MILK FN 380GR,RMBV-00004,,Raw Material,BEVERAGE,Inventory,true,,{},2026-08-21 18:25:32.021999+00,2026-08-21 18:36:17.00606+00
1178,6,823,EVAPORATED MILK TIGA SAPI 500GR,RMFR-00004,,Raw Material,FRESH,Inventory,true,,{},2026-08-21 18:25:32.021999+00,2026-08-21 18:36:17.00606+00
1179,6,824,FRENCH FRIES STRAIGHT CUT 2000GR,RMFR-00005,,Raw Material,FRESH,Inventory,true,,{},2026-08-21 18:25:32.021999+00,2026-08-21 18:36:17.00606+00
1180,6,825,FRESH MILK BROOKFARM CHOCOLATE 946ML,RMFR-00031,,Raw Material,FRESH,Inventory,true,,{},2026-08-21 18:25:32.021999+00,2026-08-21 18:36:17.00606+00
1181,6,826,FRESH MILK BROOKFARM LOW FAT 946ML,RMFR-00030,,Raw Material,FRESH,Inventory,true,,{},2026-08-21 18:25:32.021999+00,2026-08-21 18:36:17.00606+00
1182,6,827,FRESH MILK BROOKFARM PLAIN 946ML,RMFR-00032,,Raw Material,FRESH,Inventory,true,,{},2026-08-21 18:25:32.021999+00,2026-08-21 18:36:17.00606+00
1183,6,828,FRESH MILK BROOKFARM SOYA 946ML,RMFR-00033,,Raw Material,FRESH,Inventory,true,,{},2026-08-21 18:25:32.021999+00,2026-08-21 18:36:17.00606+00
1184,6,829,FRESH MILK CIMORY 950ML,RMFR-00006,,Raw Material,FRESH,Inventory,true,,{},2026-08-21 18:25:32.021999+00,2026-08-21 18:36:17.00606+00
1185,6,830,FRESH MILK DELUXE MILK MEIJI 946ML,RMFR-00007,,Raw Material,FRESH,Inventory,true,,{},2026-08-21 18:25:32.021999+00,2026-08-21 18:36:17.00606+00
1186,6,831,FRESH MILK DIAMOND 946ML,RMFR-00008,,Raw Material,FRESH,Inventory,true,,{},2026-08-21 18:25:32.021999+00,2026-08-21 18:36:17.00606+00
1187,6,832,FRESH MILK OLDENBURGER 1000ML,RMFR-00042,,Raw Material,FRESH,Inventory,true,,{},2026-08-21 18:25:32.021999+00,2026-08-21 18:36:17.00606+00
1188,6,833,FRESH MILK OLDENBURGER SKIMMED MILK 1000ML,RMFR-00043,,Raw Material,FRESH,Inventory,true,,{},2026-08-21 18:25:32.021999+00,2026-08-21 18:36:17.00606+00
1189,6,834,FRESH MILK STRAWBERRY 946ML,RMFR-00029,,Raw Material,FRESH,Inventory,true,,{},2026-08-21 18:25:32.021999+00,2026-08-21 18:36:17.00606+00
1190,6,835,FRESHMILK GREENFIELDS 1000ML,RMFR-00009,,Raw Material,FRESH,Inventory,true,,{},2026-08-21 18:25:32.021999+00,2026-08-21 18:36:17.00606+00
1191,6,836,FRESHMILK HOMETOWN 2000ML,RMFR-00010,,Raw Material,FRESH,Inventory,true,,{},2026-08-21 18:25:32.021999+00,2026-08-21 18:36:17.00606+00
1192,6,837,FRESHMILK KIN 1000ML,RMFR-00011,,Raw Material,FRESH,Inventory,true,,{},2026-08-21 18:25:32.021999+00,2026-08-21 18:36:17.00606+00
1193,6,1065,GALON 19 LTR COTR,PCPB-00038,,PACKAGING,PACKAGING BAR,Inventory,true,,{},2026-08-21 18:25:32.021999+00,2026-08-21 18:36:17.00606+00
1194,6,1017,Galon 5 Liter,GL-00001,,PACKAGING,ADDITIONAL PACKAGING,Inventory,true,,{},2026-08-21 18:25:32.021999+00,2026-08-21 18:36:17.00606+00
1195,6,838,GALON 5L,PCPB-00021,,PACKAGING,PACKAGING BAR,Inventory,true,,{},2026-08-21 18:25:32.021999+00,2026-08-21 18:36:17.00606+00
1196,6,839,GAS 12KG,EGGS-00002,,EXP GAS,GAS,Non Inventory,true,,{},2026-08-21 18:25:32.021999+00,2026-08-21 18:36:17.00606+00
1197,6,840,GAS 5KG,EGGS-00003,,EXP GAS,GAS,Non Inventory,true,,{},2026-08-21 18:25:32.021999+00,2026-08-21 18:36:17.00606+00
1198,6,841,GAS TORCH,EGGS-00001,,EXP GAS,GAS,Non Inventory,true,,{},2026-08-21 18:25:32.021999+00,2026-08-21 18:36:17.00606+00
1199,6,842,GOLDENFIL BLUEBERRY 1000GR,RMBV-00005,,Raw Material,BEVERAGE,Inventory,true,,{},2026-08-21 18:25:32.021999+00,2026-08-21 18:36:17.00606+00
1200,6,843,GOLDENFIL CHOCO 1000GR,RMBV-00006,,Raw Material,BEVERAGE,Inventory,true,,{},2026-08-21 18:25:32.021999+00,2026-08-21 18:36:17.00606+00
1201,6,844,GOLDENFIL HAZELNUT 1000GR,RMBV-00007,,Raw Material,BEVERAGE,Inventory,true,,{},2026-08-21 18:25:32.021999+00,2026-08-21 18:36:17.00606+00
1202,6,845,GOLDENFIL MATCHA 1000GR,RMBV-00008,,Raw Material,BEVERAGE,Inventory,true,,{},2026-08-21 18:25:32.021999+00,2026-08-21 18:36:17.00606+00
1203,6,846,GOLDENFIL STRAWBERRY 1000GR,RMBV-00009,,Raw Material,BEVERAGE,Inventory,true,,{},2026-08-21 18:25:32.021999+00,2026-08-21 18:36:17.00606+00
1204,6,847,GOLDENFIL TIRAMISU 1000GR,RMBV-00010,,Raw Material,BEVERAGE,Inventory,true,,{},2026-08-21 18:25:32.021999+00,2026-08-21 18:36:17.00606+00
1205,6,1015,GULA AREN PALMARIE 1300GR,RMBV-00025,,Raw Material,BEVERAGE,Inventory,true,,{},2026-08-21 18:25:32.021999+00,2026-08-21 18:36:17.00606+00
1206,6,848,GULANAS SIMPLE SYRUP 1000ML,RMSY-00001,,Raw Material,SYRUP,Inventory,true,,{},2026-08-21 18:25:32.021999+00,2026-08-21 18:36:17.00606+00
1207,6,849,GULARE AREN 1300GR,RMBV-00011,,Raw Material,BEVERAGE,Inventory,true,,{},2026-08-21 18:25:32.021999+00,2026-08-21 18:36:17.00606+00
1208,6,850,HAMPERS KALENG,PCAP-00004,,PACKAGING,ADDITIONAL PACKAGING,Inventory,true,,{},2026-08-21 18:25:32.021999+00,2026-08-21 18:36:17.00606+00
1209,6,851,HAND GLOVES,KSUT-00006,,KITCHENWARE & SUPPLIES,UTENSIL,Inventory,true,,{},2026-08-21 18:25:32.021999+00,2026-08-21 18:36:17.00606+00
1210,6,1036,HAND GLOVES (NEW),INSU-00010,,PACKAGING,KITCHENWARE & SUPPLIES,Inventory,true,,{},2026-08-21 18:25:32.021999+00,2026-08-21 18:36:17.00606+00
1211,6,852,ICE CREAM VANILLA 8000ML,RMFR-00012,,Raw Material,FRESH,Inventory,true,,{},2026-08-21 18:25:32.021999+00,2026-08-21 18:36:17.00606+00
1212,6,853,ICE HOT CONCENTRATE 1000ML,RMFR-00013,,Raw Material,FRESH,Inventory,true,,{},2026-08-21 18:25:32.021999+00,2026-08-21 18:36:17.00606+00
1213,6,854,ICE HOT CREAMER 500ML,RMFR-00014,,Raw Material,FRESH,Inventory,true,,{},2026-08-21 18:25:32.021999+00,2026-08-21 18:36:17.00606+00
1214,6,855,ICED CHOCOLATE - COTR (230ml),MILK-00009,,Finished Good,MILK SERIES,Inventory,true,,{},2026-08-21 18:25:32.021999+00,2026-08-21 18:36:17.00606+00
1215,6,1056,IMIN,TLLS-00016,,TOOLS,TOOLS,Inventory,true,,{},2026-08-21 18:25:32.021999+00,2026-08-21 18:36:17.00606+00
1216,6,856,JAM NUTELLA 1000GR,RMBV-00012,,Raw Material,BEVERAGE,Inventory,true,,{},2026-08-21 18:25:32.021999+00,2026-08-21 18:36:17.00606+00
1217,6,857,JUICE APPLE 946ML,RMJC-00005,,Raw Material,JUICE,Inventory,true,,{},2026-08-21 18:25:32.021999+00,2026-08-21 18:36:17.00606+00
1218,6,858,JUICE BLUEBERRY 946ML,RMJC-00002,,Raw Material,JUICE,Inventory,true,,{},2026-08-21 18:25:32.021999+00,2026-08-21 18:36:17.00606+00
1219,6,859,JUICE CRANBERRY 946ML,RMJC-00006,,Raw Material,JUICE,Inventory,true,,{},2026-08-21 18:25:32.021999+00,2026-08-21 18:36:17.00606+00
1220,6,860,JUICE GUAVA 946ML,RMJC-00001,,Raw Material,JUICE,Inventory,true,,{},2026-08-21 18:25:32.021999+00,2026-08-21 18:36:17.00606+00
1221,6,861,JUICE MANGO 946ML,RMJC-00007,,Raw Material,JUICE,Inventory,true,,{},2026-08-21 18:25:32.021999+00,2026-08-21 18:36:17.00606+00
1222,6,862,JUICE MIX FRUIT 946ML,RMJC-00003,,Raw Material,JUICE,Inventory,true,,{},2026-08-21 18:25:32.021999+00,2026-08-21 18:36:17.00606+00
1223,6,863,JUICE ORANGE 946ML,RMJC-00004,,Raw Material,JUICE,Inventory,true,,{},2026-08-21 18:25:32.021999+00,2026-08-21 18:36:17.00606+00
1224,6,864,JURUS 1000GR,RMDG-00004,,Raw Material,DRY GOODS,Inventory,true,,{},2026-08-21 18:25:32.021999+00,2026-08-21 18:36:17.00606+00
1225,6,865,KALENG 250ML,PCPB-00007,,PACKAGING,PACKAGING BAR,Inventory,true,,{},2026-08-21 18:25:32.021999+00,2026-08-21 18:36:17.00606+00
1226,6,866,KALENG 330ML,PCPB-00008,,PACKAGING,PACKAGING BAR,Inventory,true,,{},2026-08-21 18:25:32.021999+00,2026-08-21 18:36:17.00606+00
1227,6,867,KARDUS 24X32X17,KSUT-00025,,General,UTENSIL,Inventory,true,,{},2026-08-21 18:25:32.021999+00,2026-08-21 18:36:17.00606+00
1228,6,868,KARDUS 29X32X20,KSUT-00024,,General,UTENSIL,Inventory,true,,{},2026-08-21 18:25:32.021999+00,2026-08-21 18:36:17.00606+00
1229,6,869,KARDUS 30X15X15,KSUT-00026,,General,UTENSIL,Inventory,true,,{},2026-08-21 18:25:32.021999+00,2026-08-21 18:36:17.00606+00
1230,6,870,KARDUS 32X30X26,KSUT-00023,,General,UTENSIL,Inventory,true,,{},2026-08-21 18:25:32.021999+00,2026-08-21 18:36:17.00606+00
1231,6,871,KARDUS UK. 20x15x15,KSUT-00007,,General,UTENSIL,Inventory,true,,{},2026-08-21 18:25:32.021999+00,2026-08-21 18:36:17.00606+00
1232,6,872,KARDUS UK. 20x20x20,KSUT-00009,,General,UTENSIL,Inventory,true,,{},2026-08-21 18:25:32.021999+00,2026-08-21 18:36:17.00606+00
1233,6,873,KARDUS UK. 50x50x50,KSUT-00010,,General,UTENSIL,Inventory,true,,{},2026-08-21 18:25:32.021999+00,2026-08-21 18:36:17.00606+00
1234,6,874,KARDUS UK. 60x40x40,KSUT-00011,,KITCHENWARE & SUPPLIES,UTENSIL,Inventory,true,,{},2026-08-21 18:25:32.021999+00,2026-08-21 18:36:17.00606+00
1235,6,875,KERTAS STRUK 58X30MM,KSPS-00001,,KITCHENWARE & SUPPLIES,PRINTING & STICKER,Inventory,true,,{},2026-08-21 18:25:32.021999+00,2026-08-21 18:36:17.00606+00
1236,6,876,KERTAS STRUK 80X80MM,KSPS-00002,,KITCHENWARE & SUPPLIES,PRINTING & STICKER,Inventory,true,,{},2026-08-21 18:25:32.021999+00,2026-08-21 18:36:17.00606+00
1237,6,877,KERTAS STRUK THERMAL ON 78X100 ONLINE,KSPS-00008,,General,PRINTING & STICKER,Inventory,true,,{},2026-08-21 18:25:32.021999+00,2026-08-21 18:36:17.00606+00
1238,6,878,KERTAS STRUK THERMAL PAPER 20x30,KSPS-00007,,General,PRINTING & STICKER,Inventory,true,,{},2026-08-21 18:25:32.021999+00,2026-08-21 18:36:17.00606+00
1239,6,879,LAKBAN BENING BESAR,GNST-00001,,General,STATIONERY,Inventory,true,,{},2026-08-21 18:25:32.021999+00,2026-08-21 18:36:17.00606+00
1240,6,880,LAKBAN MERAH FRAGILE,GNST-00002,,General,STATIONERY,Inventory,true,,{},2026-08-21 18:25:32.021999+00,2026-08-21 18:36:17.00606+00
1241,6,881,LAKBAN SHOPEE,GNST-00004,,General,STATIONERY,Inventory,true,,{},2026-08-21 18:25:32.021999+00,2026-08-21 18:36:17.00606+00
1242,6,882,LAKBAN TOKOPEDIA,GNST-00003,,General,STATIONERY,Inventory,true,,{},2026-08-21 18:25:32.021999+00,2026-08-21 18:36:17.00606+00
1243,6,883,LIPTON EARL GREY,RMBV-00021,,Raw Material,BEVERAGE,Inventory,true,,{},2026-08-21 18:25:32.021999+00,2026-08-21 18:36:17.00606+00
1244,6,1019,Matcha Latte - COTR (145ml),RFRS-00002,,Finished Good,SPECIALTY COFFEE,Inventory,true,,{},2026-08-21 18:25:32.021999+00,2026-08-21 18:36:17.00606+00
1245,6,1057,MESIN SMOOTHIES,TLLS-00015,,TOOLS,TOOLS,Inventory,true,,{},2026-08-21 18:25:32.021999+00,2026-08-21 18:36:17.00606+00
1246,6,1058,MESIN SYRUP DISPENSER,TLLS-00014,,TOOLS,TOOLS,Inventory,true,,{},2026-08-21 18:25:32.021999+00,2026-08-21 18:36:17.00606+00
1247,6,884,MILKLIFE BARISTA CHOICE 1000ML,RMFR-00015,,Raw Material,FRESH,Inventory,true,,{},2026-08-21 18:25:32.021999+00,2026-08-21 18:36:17.00606+00
1248,6,885,MILKLIFE CHOCOLATE 1000ML,RMFR-00016,,Raw Material,FRESH,Inventory,true,,{},2026-08-21 18:25:32.021999+00,2026-08-21 18:36:17.00606+00
1249,6,886,PAPER BAG LARGE BIRU,PCAP-00001,,PACKAGING,ADDITIONAL PACKAGING,Inventory,true,,{},2026-08-21 18:25:32.021999+00,2026-08-21 18:36:17.00606+00
1250,6,887,PLASTIK KLIP 20X12CM,KSUT-00012,,KITCHENWARE & SUPPLIES,UTENSIL,Inventory,true,,{},2026-08-21 18:25:32.021999+00,2026-08-21 18:36:17.00606+00
1251,6,1053,PLASTIK KLIP 20X12CM (NEW),INSU-0039,,PACKAGING,ADDITIONAL PACKAGING,Inventory,true,,{},2026-08-21 18:25:32.021999+00,2026-08-21 18:36:17.00606+00
1252,6,888,PLASTIK TAKE AWAY 17,KSUT-00013,,KITCHENWARE & SUPPLIES,UTENSIL,Inventory,true,,{},2026-08-21 18:25:32.021999+00,2026-08-21 18:36:17.00606+00
1253,6,1030,PLASTIK TAKE AWAY 17 (NEW),INSU-00012,,PACKAGING,KITCHENWARE & SUPPLIES,Inventory,true,,{},2026-08-21 18:25:32.021999+00,2026-08-21 18:36:17.00606+00
1254,6,889,PLASTIK TAKE AWAY 24,KSUT-00014,,KITCHENWARE & SUPPLIES,UTENSIL,Inventory,true,,{},2026-08-21 18:25:32.021999+00,2026-08-21 18:36:17.00606+00
1255,6,1031,PLASTIK TAKE AWAY 24 (NEW),INSU-00013,,PACKAGING,KITCHENWARE & SUPPLIES,Inventory,true,,{},2026-08-21 18:25:32.021999+00,2026-08-21 18:36:17.00606+00
1256,6,890,PLASTIK TAKE AWAY 28,KSUT-00015,,KITCHENWARE & SUPPLIES,UTENSIL,Inventory,true,,{},2026-08-21 18:25:32.021999+00,2026-08-21 18:36:17.00606+00
1257,6,1032,PLASTIK TAKE AWAY 28 (NEW),INSU-00014,,PACKAGING,KITCHENWARE & SUPPLIES,Inventory,true,,{},2026-08-21 18:25:32.021999+00,2026-08-21 18:36:17.00606+00
1258,6,891,PLASTIK TAKE AWAY 35,KSUT-00016,,KITCHENWARE & SUPPLIES,UTENSIL,Inventory,true,,{},2026-08-21 18:25:32.021999+00,2026-08-21 18:36:17.00606+00
1259,6,1033,PLASTIK TAKE AWAY 35 (NEW),INSU-00015,,PACKAGING,KITCHENWARE & SUPPLIES,Inventory,true,,{},2026-08-21 18:25:32.021999+00,2026-08-21 18:36:17.00606+00
1260,6,1050,PLASTIK TAKEAWAY BW UK 15,PABW-0001,,KITCHEN & SUPPLIES (NEW),ADDITIONAL PACKAGING,Inventory,true,,{},2026-08-21 18:25:32.021999+00,2026-08-21 18:36:17.00606+00
1261,6,1039,PLASTIK TAKEAWAY BW UK 20,PABW-0002,,KITCHEN & SUPPLIES (NEW),ADDITIONAL PACKAGING,Inventory,true,,{},2026-08-21 18:25:32.021999+00,2026-08-21 18:36:17.00606+00
1262,6,1040,PLASTIK TAKEAWAY BW UK 25,PABW-0003,,KITCHEN & SUPPLIES (NEW),ADDITIONAL PACKAGING,Inventory,true,,{},2026-08-21 18:25:32.021999+00,2026-08-21 18:36:17.00606+00
1263,6,1051,PLASTIK TAKEAWAY BW UK 30,PABW-0004,,KITCHEN & SUPPLIES (NEW),ADDITIONAL PACKAGING,Inventory,true,,{},2026-08-21 18:25:32.021999+00,2026-08-21 18:36:17.00606+00
1264,6,892,PLASTIK WRAPPING 30CMX30M,KSUT-00017,,KITCHENWARE & SUPPLIES,UTENSIL,Inventory,true,,{},2026-08-21 18:25:32.021999+00,2026-08-21 18:36:17.00606+00
1265,6,1062,PLASTIK WRAPPING 30CMX30M (NEW),INSU-00016,,PACKAGING,KITCHENWARE & SUPPLIES,Inventory,true,,{},2026-08-21 18:25:32.021999+00,2026-08-21 18:36:17.00606+00
1266,6,1063,PLASTIK WRAPPING 40X500M (NEW),INSU-00023,,PACKAGING,KITCHENWARE & SUPPLIES,Inventory,true,,{},2026-08-21 18:25:32.021999+00,2026-08-21 18:36:17.00606+00
1267,6,893,POWDER APPLE TEA 1000GR,RMPD-00001,,Raw Material,POWDER,Inventory,true,,{},2026-08-21 18:25:32.021999+00,2026-08-21 18:36:17.00606+00
1268,6,894,POWDER COKLAT TR 1000GR,RMPD-00002,,Raw Material,POWDER,Inventory,true,,{},2026-08-21 18:25:32.021999+00,2026-08-21 18:36:17.00606+00
1269,6,895,POWDER CREAM CHEESE 1000GR,RMPD-00003,,Raw Material,POWDER,Inventory,true,,{},2026-08-21 18:25:32.021999+00,2026-08-21 18:36:17.00606+00
1270,6,896,POWDER DRIPP MATCHA 760GR,RMPD-00013,,Raw Material,POWDER,Inventory,true,,{},2026-08-21 18:25:32.021999+00,2026-08-21 18:36:17.00606+00
1271,6,897,POWDER FRAPPE DENALI 800GR,RMPD-00004,,Raw Material,POWDER,Inventory,true,,{},2026-08-21 18:25:32.021999+00,2026-08-21 18:36:17.00606+00
1272,6,898,POWDER GENOVA MACCHIATO 1000GR,RMPD-00005,,Raw Material,POWDER,Inventory,true,,{},2026-08-21 18:25:32.021999+00,2026-08-21 18:36:17.00606+00
1273,6,899,POWDER LA KREIVA CRUMBLE 2500GR,RMPD-00006,,Raw Material,POWDER,Inventory,true,,{},2026-08-21 18:25:32.021999+00,2026-08-21 18:36:17.00606+00
1274,6,900,POWDER LEMON TEA 1000GR,RMPD-00007,,Raw Material,POWDER,Inventory,true,,{},2026-08-21 18:25:32.021999+00,2026-08-21 18:36:17.00606+00
1275,6,901,POWDER LYCHEE TEA 1000GR,RMPD-00008,,Raw Material,POWDER,Inventory,true,,{},2026-08-21 18:25:32.021999+00,2026-08-21 18:36:17.00606+00
1276,6,902,POWDER MATCHA 1000GR,RMPD-00009,,Raw Material,POWDER,Inventory,true,,{},2026-08-21 18:25:32.021999+00,2026-08-21 18:36:17.00606+00
1277,6,903,POWDER PEACH TEA 1000GR,RMPD-00010,,Raw Material,POWDER,Inventory,true,,{},2026-08-21 18:25:32.021999+00,2026-08-21 18:36:17.00606+00
1278,6,904,POWDER STIR UP TIRAMISU 1000GR,RMPD-00011,,Raw Material,POWDER,Inventory,true,,{},2026-08-21 18:25:32.021999+00,2026-08-21 18:36:17.00606+00
1279,6,905,POWDER TIRAMISU 1000GR,RMPD-00012,,Raw Material,POWDER,Inventory,true,,{},2026-08-21 18:25:32.021999+00,2026-08-21 18:36:17.00606+00
1280,6,906,PREMIUM CAN - COTR (230ml),PREM-00003,,Finished Good,Premium,Inventory,true,,{},2026-08-21 18:25:32.021999+00,2026-08-21 18:36:17.00606+00
1281,6,1016,PREMIX CHOCOLATE - COTR (BATCH@23.600 ML),PREMIX-00005,,WIP,PREMIX CHOCOLATE,Inventory,true,,{},2026-08-21 18:25:32.021999+00,2026-08-21 18:36:17.00606+00
1282,6,1012,PREMIX CHOCOLATE - COTR (BATCH@24.800 ML),PREMIX-00002,,WIP,PREMIX CHOCOLATE,Inventory,true,,{},2026-08-21 18:25:32.021999+00,2026-08-21 18:36:17.00606+00
1283,6,1018,PREMIX MATCHA LATTE - COTR (BATCH@19.350 ML),PREMIX-00006,,WIP,PREMIX MATCHA LATTE,Inventory,true,,{},2026-08-21 18:25:32.021999+00,2026-08-21 18:36:17.00606+00
1284,6,1011,PREMIX PREMIUM - COTR (BATCH@23.295 ML),PREMIX-00001,,WIP,PREMIX PREMIUM,Inventory,true,,{},2026-08-21 18:25:32.021999+00,2026-08-21 18:36:17.00606+00
1285,6,1013,PREMIX SMOOTH BANANA - COTR (BATCH@24.400 ML),PREMIX-00003,,WIP,PREMIX SMOOTH BANANA,Inventory,true,,{},2026-08-21 18:25:32.021999+00,2026-08-21 18:36:17.00606+00
1286,6,1014,PREMIX SMOOTH VANILLA - COTR (BATCH@24.400 ML),PREMIX-00004,,WIP,PREMIX SMOOTH VANILLA,Inventory,true,,{},2026-08-21 18:25:32.021999+00,2026-08-21 18:36:17.00606+00
1287,6,907,RAMOE SODA 330ML,RMBV-00018,,Raw Material,BEVERAGE,Inventory,true,,{},2026-08-21 18:25:32.021999+00,2026-08-21 18:36:17.00606+00
1288,6,908,RICH DOUBLE CREAM 1000ML,RMFR-00054,,Raw Material,FRESH,Inventory,true,,{},2026-08-21 18:25:32.021999+00,2026-08-21 18:36:17.00606+00
1289,6,909,RICH GOLD LABEL 907ML,RMFR-00017,,Raw Material,FRESH,Inventory,true,,{},2026-08-21 18:25:32.021999+00,2026-08-21 18:36:17.00606+00
1290,6,910,ROTI PANDAN,RMFR-00018,,Raw Material,FRESH,Inventory,true,,{},2026-08-21 18:25:32.021999+00,2026-08-21 18:36:17.00606+00
1291,6,911,ROTI TAWAR,RMFR-00019,,Raw Material,FRESH,Inventory,true,,{},2026-08-21 18:25:32.021999+00,2026-08-21 18:36:17.00606+00
1292,6,912,SABUN CUCI PIRING,GNCH-00004,,General,CHEMICAL,Inventory,true,,{},2026-08-21 18:25:32.021999+00,2026-08-21 18:36:17.00606+00
1293,6,913,SABUN CUCI TANGAN,GNCH-00001,,General,CHEMICAL,Inventory,true,,{},2026-08-21 18:25:32.021999+00,2026-08-21 18:36:17.00606+00
1294,6,1059,SABUN MPC,GNCH-00006,,General,CHEMICAL,Inventory,true,,{},2026-08-21 18:25:32.021999+00,2026-08-21 18:36:17.00606+00
1295,6,914,SABUN PEMBERSIH KACA,GNCH-00002,,General,CHEMICAL,Inventory,true,,{},2026-08-21 18:25:32.021999+00,2026-08-21 18:36:17.00606+00
1296,6,915,SABUN PEMBERSIH LANTAI,GNCH-00003,,General,CHEMICAL,Inventory,true,,{},2026-08-21 18:25:32.021999+00,2026-08-21 18:36:17.00606+00
1297,6,916,SARINGAN COLD BREW,KSUT-00018,,General,UTENSIL,Inventory,true,,{},2026-08-21 18:25:32.021999+00,2026-08-21 18:36:17.00606+00
1298,6,917,SAUCE CATCHER CHOCOLATE 2000 ML,RMSC-00008,,Raw Material,SAUCE,Inventory,true,,{},2026-08-21 18:25:32.021999+00,2026-08-21 18:36:17.00606+00
1299,6,918,SAUCE DAVINCI BUTTERSCOTCH 2000ML,RMSC-00001,,Raw Material,SAUCE,Inventory,true,,{},2026-08-21 18:25:32.021999+00,2026-08-21 18:36:17.00606+00
1300,6,919,SAUCE DAVINCI CARAMEL 2000ML,RMSC-00002,,Raw Material,SAUCE,Inventory,true,,{},2026-08-21 18:25:32.021999+00,2026-08-21 18:36:17.00606+00
1301,6,920,SAUCE GULANAS HONEY LEMON 700GR,RMSC-00003,,Raw Material,SAUCE,Inventory,true,,{},2026-08-21 18:25:32.021999+00,2026-08-21 18:36:17.00606+00
1302,6,921,SAUCE GULANAS HONEY PINEAPPLE 700GR,RMSC-00004,,Raw Material,SAUCE,Inventory,true,,{},2026-08-21 18:25:32.021999+00,2026-08-21 18:36:17.00606+00
1303,6,922,SAUCE HT CARAMEL 750ML,RMSC-00007,,Raw Material,SAUCE,Inventory,true,,{},2026-08-21 18:25:32.021999+00,2026-08-21 18:36:17.00606+00
1304,6,923,SAUCE VOYA BUTTERSCOTCH 750ML,RMSC-00005,,Raw Material,SAUCE,Inventory,true,,{},2026-08-21 18:25:32.021999+00,2026-08-21 18:36:17.00606+00
1305,6,924,SAUCE VOYA CARAMEL 750ML,RMSC-00006,,Raw Material,SAUCE,Inventory,true,,{},2026-08-21 18:25:32.021999+00,2026-08-21 18:36:17.00606+00
1306,6,1043,SCALE BESAR,TCKP-00003,,KITCHEN & SUPPLIES (NEW),UTILITIES KITCHEN,Inventory,true,,{},2026-08-21 18:25:32.021999+00,2026-08-21 18:36:17.00606+00
1307,6,1042,SCALE KECIL,TCKP-00002,,KITCHEN & SUPPLIES (NEW),UTILITIES KITCHEN,Inventory,true,,{},2026-08-21 18:25:32.021999+00,2026-08-21 18:36:17.00606+00
1308,6,925,SEDOTAN 5MM,PCPB-00009,,PACKAGING,PACKAGING BAR,Inventory,true,,{},2026-08-21 18:25:32.021999+00,2026-08-21 18:36:17.00606+00
1309,6,926,SEDOTAN 6MM,PCPB-00010,,PACKAGING,PACKAGING BAR,Inventory,true,,{},2026-08-21 18:25:32.021999+00,2026-08-21 18:36:17.00606+00
1310,6,927,SEDOTAN 8MM,PCPB-00020,,PACKAGING,PACKAGING BAR,Inventory,true,,{},2026-08-21 18:25:32.021999+00,2026-08-21 18:36:17.00606+00
1311,6,928,SKM KALENG 365GR,RMBV-00013,,Raw Material,BEVERAGE,Inventory,true,,{},2026-08-21 18:25:32.021999+00,2026-08-21 18:36:17.00606+00
1312,6,929,SKM KALENG 488GR,RMBV-00014,,Raw Material,BEVERAGE,Inventory,true,,{},2026-08-21 18:25:32.021999+00,2026-08-21 18:36:17.00606+00
1313,6,930,SKM POUCH 1000GR,RMBV-00015,,Raw Material,BEVERAGE,Inventory,true,,{},2026-08-21 18:25:32.021999+00,2026-08-21 18:36:17.00606+00
1314,6,931,SKM POUCH 2KG,RMBV-00016,,Raw Material,BEVERAGE,Inventory,true,,{},2026-08-21 18:25:32.021999+00,2026-08-21 18:36:17.00606+00
1315,6,1041,SLOKI STAINLESS,TCKP-00001,,KITCHENWARE & SUPPLIES,UTILITIES KITCHEN,Inventory,true,,{},2026-08-21 18:25:32.021999+00,2026-08-21 18:36:17.00606+00
1316,6,932,SMOOTH BANANA TIRAMISU - COTR (230ml),SMTH-00006,,Finished Good,Smooth,Inventory,true,,{},2026-08-21 18:25:32.021999+00,2026-08-21 18:36:17.00606+00
1317,6,933,SMOOTH VANILLA PECAN - COTR (230ml),SMTH-00007,,Finished Good,Smooth,Inventory,true,,{},2026-08-21 18:25:32.021999+00,2026-08-21 18:36:17.00606+00
1318,6,1061,STICKER 250 ML COTR,INSU-00029,,PACKAGING,KITCHENWARE & SUPPLIES,Inventory,true,,{},2026-08-21 18:25:32.021999+00,2026-08-21 18:36:17.00606+00
1319,6,934,STICKER BIRU CALF (ROUND),KSPS-00003,,KITCHENWARE & SUPPLIES,PRINTING & STICKER,Inventory,true,,{},2026-08-21 18:25:32.021999+00,2026-08-21 18:36:17.00606+00
1320,6,935,STICKER CUSTOM 250ML,KSPS-00011,,KITCHENWARE & SUPPLIES,PRINTING & STICKER,Inventory,true,,{},2026-08-21 18:25:32.021999+00,2026-08-21 18:36:17.00606+00
1321,6,936,STICKER CUSTOM 330ML,KSPS-00010,,KITCHENWARE & SUPPLIES,PRINTING & STICKER,Inventory,true,,{},2026-08-21 18:25:32.021999+00,2026-08-21 18:36:17.00606+00
1322,6,937,STICKER GREETING CARD - ICE,KSPS-00004,,KITCHENWARE & SUPPLIES,PRINTING & STICKER,Inventory,true,,{},2026-08-21 18:25:32.021999+00,2026-08-21 18:36:17.00606+00
1323,6,938,STICKER SEVENTEEN,KSPS-00009,,KITCHENWARE & SUPPLIES,PRINTING & STICKER,Inventory,true,,{},2026-08-21 18:25:32.021999+00,2026-08-21 18:36:17.00606+00
1324,6,939,STICKER UNIVERSAL 250ML,PCPB-00022,,PACKAGING,PACKAGING BAR,Inventory,true,,{},2026-08-21 18:25:32.021999+00,2026-08-21 18:36:17.00606+00
1325,6,940,STICKER UNIVERSAL 330ML,PCPB-00023,,PACKAGING,PACKAGING BAR,Inventory,true,,{},2026-08-21 18:25:32.021999+00,2026-08-21 18:36:17.00606+00
1326,6,941,STYROFOAM BESAR,KSUT-00032,,General,UTENSIL,Inventory,true,,{},2026-08-21 18:25:32.021999+00,2026-08-21 18:36:17.00606+00
1327,6,942,STYROFOAM KECIL,KSUT-00033,,General,UTENSIL,Inventory,true,,{},2026-08-21 18:25:32.021999+00,2026-08-21 18:36:17.00606+00
1328,6,943,SYRUP DAVINCI COOKIES 750ML,RMSY-00002,,Raw Material,SYRUP,Inventory,true,,{},2026-08-21 18:25:32.021999+00,2026-08-21 18:36:17.00606+00
1329,6,944,SYRUP DAVINCI PECAN PRALINE 750ML,RMSY-00003,,Raw Material,SYRUP,Inventory,true,,{},2026-08-21 18:25:32.021999+00,2026-08-21 18:36:17.00606+00
1330,6,945,SYRUP DENALI ROUN 750ML,RMSY-00014,,Raw Material,SYRUP,Inventory,true,,{},2026-08-21 18:25:32.021999+00,2026-08-21 18:36:17.00606+00
1331,6,946,SYRUP DRIPP APEL MALANG 760ML,RMSY-00028,,Raw Material,SYRUP,Inventory,true,,{},2026-08-21 18:25:32.021999+00,2026-08-21 18:36:17.00606+00
1332,6,947,SYRUP DRIPP BANANA 760ML,RMSY-00004,,Raw Material,SYRUP,Inventory,true,,{},2026-08-21 18:25:32.021999+00,2026-08-21 18:36:17.00606+00
1333,6,948,SYRUP DRIPP BUTTERSCOTCH 760ML,RMSY-00005,,Raw Material,SYRUP,Inventory,true,,{},2026-08-21 18:25:32.021999+00,2026-08-21 18:36:17.00606+00
1334,6,949,SYRUP DRIPP CARAMEL 760ML,RMSY-00006,,Raw Material,SYRUP,Inventory,true,,{},2026-08-21 18:25:32.021999+00,2026-08-21 18:36:17.00606+00
1335,6,950,SYRUP DRIPP CINNAMON 750ML,RMSY-00007,,Raw Material,SYRUP,Inventory,true,,{},2026-08-21 18:25:32.021999+00,2026-08-21 18:36:17.00606+00
1336,6,951,SYRUP DRIPP MANGO STICKY RICE 750ML,RMSY-00008,,Raw Material,SYRUP,Inventory,true,,{},2026-08-21 18:25:32.021999+00,2026-08-21 18:36:17.00606+00
1337,6,952,SYRUP DRIPP PISTACHIO 760ML,RMSY-00009,,Raw Material,SYRUP,Inventory,true,,{},2026-08-21 18:25:32.021999+00,2026-08-21 18:36:17.00606+00
1338,6,953,SYRUP DRIPP TIRAMISU 760ML,RMSY-00010,,Raw Material,SYRUP,Inventory,true,,{},2026-08-21 18:25:32.021999+00,2026-08-21 18:36:17.00606+00
1339,6,954,SYRUP DRIPP VANILLA 760ML,RMSY-00029,,Raw Material,SYRUP,Inventory,true,,{},2026-08-21 18:25:32.021999+00,2026-08-21 18:36:17.00606+00
1340,6,955,SYRUP ITAL LEMON JUICE 1000ML,RMSY-00011,,Raw Material,SYRUP,Inventory,true,,{},2026-08-21 18:25:32.021999+00,2026-08-21 18:36:17.00606+00
1341,6,956,SYRUP MONIN SUN DRIED ORANGE 750ML,RMSY-00012,,Raw Material,SYRUP,Inventory,true,,{},2026-08-21 18:25:32.021999+00,2026-08-21 18:36:17.00606+00
1342,6,957,SYRUP MULTIBEV SALTED CARAMEL 500ML,RMSY-00013,,Raw Material,SYRUP,Inventory,true,,{},2026-08-21 18:25:32.021999+00,2026-08-21 18:36:17.00606+00
1343,6,958,SYRUP STIR UP BLUEBERRY 800ML,RMSY-00015,,Raw Material,SYRUP,Inventory,true,,{},2026-08-21 18:25:32.021999+00,2026-08-21 18:36:17.00606+00
1344,6,959,SYRUP STIR UP CHEESE 800ML,RMSY-00016,,Raw Material,SYRUP,Inventory,true,,{},2026-08-21 18:25:32.021999+00,2026-08-21 18:36:17.00606+00
1345,6,960,SYRUP STIR UP PEACH 800ML,RMSY-00017,,Raw Material,SYRUP,Inventory,true,,{},2026-08-21 18:25:32.021999+00,2026-08-21 18:36:17.00606+00
1346,6,961,SYRUP STIR UP PINEAPPLE 800ML,RMSY-00018,,Raw Material,SYRUP,Inventory,true,,{},2026-08-21 18:25:32.021999+00,2026-08-21 18:36:17.00606+00
1347,6,962,SYRUP STIR UP PISTACHIO 800ML,RMSY-00019,,Raw Material,SYRUP,Inventory,true,,{},2026-08-21 18:25:32.021999+00,2026-08-21 18:36:17.00606+00
1348,6,963,SYRUP STIR UP STRAWBERRY 800ML,RMSY-00020,,Raw Material,SYRUP,Inventory,true,,{},2026-08-21 18:25:32.021999+00,2026-08-21 18:36:17.00606+00
1349,6,964,SYRUP TOZA ORANGE PREMIUM RTD 1000ML,RMSY-00024,,Raw Material,SYRUP,Inventory,true,,{},2026-08-21 18:25:32.021999+00,2026-08-21 18:36:17.00606+00
1350,6,965,SYRUP TOZA STRAWBERRY 770ML,RMSY-00023,,Raw Material,SYRUP,Inventory,true,,{},2026-08-21 18:25:32.021999+00,2026-08-21 18:36:17.00606+00
1351,6,966,SYRUP TOZA VANILLA 770ML,RMSY-00025,,Raw Material,SYRUP,Inventory,true,,{},2026-08-21 18:25:32.021999+00,2026-08-21 18:36:17.00606+00
1352,6,967,SYRUP VOYA VANILLA 750ML,RMSY-00026,,Raw Material,SYRUP,Inventory,true,,{},2026-08-21 18:25:32.021999+00,2026-08-21 18:36:17.00606+00
1353,6,968,SYRUPP DRIPP FRUIT PULP 760ML,RMSY-00027,,Raw Material,SYRUP,Inventory,true,,{},2026-08-21 18:25:32.021999+00,2026-08-21 18:36:17.00606+00
1354,6,969,TALI RAFIA,KSUT-00021,,General,UTENSIL,Inventory,true,,{},2026-08-21 18:25:32.021999+00,2026-08-21 18:36:17.00606+00
1355,6,1046,TISSU LIVI,TCKP-00006,,KITCHEN & SUPPLIES (NEW),KITCHENWARE & SUPPLIES,Inventory,true,,{},2026-08-21 18:25:32.021999+00,2026-08-21 18:36:17.00606+00
1356,6,970,TISSUE COCKTAIL NAPKIN,KSUT-00030,,KITCHENWARE & SUPPLIES,UTENSIL,Inventory,true,,{},2026-08-21 18:25:32.021999+00,2026-08-21 18:36:17.00606+00
1357,6,971,TISSUE DINNER NAPKIN,KSUT-00031,,KITCHENWARE & SUPPLIES,UTENSIL,Inventory,true,,{},2026-08-21 18:25:32.021999+00,2026-08-21 18:36:17.00606+00
1358,6,972,TISSUE KITCHEN TOWEL,KSUT-00028,,KITCHENWARE & SUPPLIES,UTENSIL,Inventory,true,,{},2026-08-21 18:25:32.021999+00,2026-08-21 18:36:17.00606+00
1359,6,973,TISSUE LIVI,KSUT-00019,,KITCHENWARE & SUPPLIES,UTENSIL,Inventory,true,,{},2026-08-21 18:25:32.021999+00,2026-08-21 18:36:17.00606+00
1360,6,1037,TISSUE LIVI (NEW),INSU-00017,,PACKAGING,KITCHENWARE & SUPPLIES,Inventory,true,,{},2026-08-21 18:25:32.021999+00,2026-08-21 18:36:17.00606+00
1361,6,974,TISSUE TOILET,KSUT-00029,,KITCHENWARE & SUPPLIES,UTENSIL,Inventory,true,,{},2026-08-21 18:25:32.021999+00,2026-08-21 18:36:17.00606+00
1362,6,975,TOPPING SIMBA CHOCO CRUNCH 950GR,RMDG-00005,,Raw Material,DRY GOODS,Inventory,true,,{},2026-08-21 18:25:32.021999+00,2026-08-21 18:36:17.00606+00
1363,6,976,TOPPING TULIP CHOCO CHUNKS 1000GR,RMBV-00017,,Raw Material,BEVERAGE,Inventory,true,,{},2026-08-21 18:25:32.021999+00,2026-08-21 18:36:17.00606+00
1364,6,1020,TRASH BAG 50x75CM,KSUT-00035,,PACKAGING,KITCHENWARE & SUPPLIES,Inventory,true,,{},2026-08-21 18:25:32.021999+00,2026-08-21 18:36:17.00606+00
1365,6,977,TRASH BAG 90X120CM,KSUT-00020,,KITCHENWARE & SUPPLIES,UTENSIL,Inventory,true,,{},2026-08-21 18:25:32.021999+00,2026-08-21 18:36:17.00606+00
1366,6,1038,TRASH BAG 90X120CM (NEW),INSU-00018-PACK@6PCS,,PACKAGING,KITCHENWARE & SUPPLIES,Inventory,true,,{},2026-08-21 18:25:32.021999+00,2026-08-21 18:36:17.00606+00
1367,6,978,TUMBLR SEVENTEEN,KSUT-00022,,General,UTENSIL,Inventory,true,,{},2026-08-21 18:25:32.021999+00,2026-08-21 18:36:17.00606+00
1368,6,979,TUTUP BOTOL KALE 1000ML,PCPB-00012,,PACKAGING,PACKAGING BAR,Inventory,true,,{},2026-08-21 18:25:32.021999+00,2026-08-21 18:36:17.00606+00
1369,6,980,TUTUP CUP ES,PCPB-00013,,PACKAGING,PACKAGING BAR,Inventory,true,,{},2026-08-21 18:25:32.021999+00,2026-08-21 18:36:17.00606+00
1370,6,1055,TUTUP CUP ES COTR,PPB-00001,,PACKAGING,PACKAGING BAR,Inventory,true,,{},2026-08-21 18:25:32.021999+00,2026-08-21 18:36:17.00606+00
1371,6,981,TUTUP CUP FROSTED,PCPB-00011,,PACKAGING,PACKAGING BAR,Inventory,true,,{},2026-08-21 18:25:32.021999+00,2026-08-21 18:36:17.00606+00
1372,6,982,TUTUP CUP HOT,PCPB-00014,,PACKAGING,PACKAGING BAR,Inventory,true,,{},2026-08-21 18:25:32.021999+00,2026-08-21 18:36:17.00606+00
1373,6,983,TUTUP CUP JEFFERSON & TEA (FLAT LID BESAR),PCPB-00015,,PACKAGING,PACKAGING BAR,Inventory,true,,{},2026-08-21 18:25:32.021999+00,2026-08-21 18:36:17.00606+00
1374,6,984,TUTUP CUP JEFFERSON DOME LID (FLAT LID BESAR),PCPB-00016,,PACKAGING,PACKAGING BAR,Inventory,true,,{},2026-08-21 18:25:32.021999+00,2026-08-21 18:36:17.00606+00
1375,6,985,TUTUP KALENG 250ML,PCPB-00018,,PACKAGING,PACKAGING BAR,Inventory,true,,{},2026-08-21 18:25:32.021999+00,2026-08-21 18:36:17.00606+00
1376,6,986,TUTUP KALENG 330ML,PCPB-00017,,PACKAGING,PACKAGING BAR,Inventory,true,,{},2026-08-21 18:25:32.021999+00,2026-08-21 18:36:17.00606+00
1377,6,987,UHT ALMOND BREEZE BARISTA 946ML,RMFR-00048,,Raw Material,FRESH,Inventory,true,,{},2026-08-21 18:25:32.021999+00,2026-08-21 18:36:17.00606+00
1378,6,988,UHT ALMOND BREEZE CHOCO 946ML,RMFR-00045,,Raw Material,FRESH,Inventory,true,,{},2026-08-21 18:25:32.021999+00,2026-08-21 18:36:17.00606+00
1379,6,989,UHT ALMOND BREEZE LATTE 946ML,RMFR-00047,,Raw Material,FRESH,Inventory,true,,{},2026-08-21 18:25:32.021999+00,2026-08-21 18:36:17.00606+00
1380,6,990,UHT ALMOND BREEZE ORIGINAL 946ML,RMFR-00044,,Raw Material,FRESH,Inventory,true,,{},2026-08-21 18:25:32.021999+00,2026-08-21 18:36:17.00606+00
1381,6,991,UHT ALMOND BREEZE VANILLA 946ML,RMFR-00046,,Raw Material,FRESH,Inventory,true,,{},2026-08-21 18:25:32.021999+00,2026-08-21 18:36:17.00606+00
1382,6,992,UHT ARLA ORGANIC 1000ML,RMFR-00049,,Raw Material,FRESH,Inventory,true,,{},2026-08-21 18:25:32.021999+00,2026-08-21 18:36:17.00606+00
1383,6,993,UHT ARUMMI CASHEW BARISTA 1000ML,RMFR-00040,,Raw Material,FRESH,Inventory,true,,{},2026-08-21 18:25:32.021999+00,2026-08-21 18:36:17.00606+00
1384,6,994,UHT ARUMMI CASHEW CLASSIC 1000ML,RMFR-00041,,Raw Material,FRESH,Inventory,true,,{},2026-08-21 18:25:32.021999+00,2026-08-21 18:36:17.00606+00
1385,6,995,UHT BROOKFARM ALMOND DARK CHOCO 200ML,RMFR-00037,,Raw Material,FRESH,Inventory,true,,{},2026-08-21 18:25:32.021999+00,2026-08-21 18:36:17.00606+00
1386,6,996,UHT BROOKFARM ALMOND MATCHA 200ML,RMFR-00035,,Raw Material,FRESH,Inventory,true,,{},2026-08-21 18:25:32.021999+00,2026-08-21 18:36:17.00606+00
1387,6,997,UHT BROOKFARM ALMOND ORI 200ML,RMFR-00034,,Raw Material,FRESH,Inventory,true,,{},2026-08-21 18:25:32.021999+00,2026-08-21 18:36:17.00606+00
1388,6,998,UHT BROOKFARM ALMOND SALTED CARAMEL 200ML,RMFR-00036,,Raw Material,FRESH,Inventory,true,,{},2026-08-21 18:25:32.021999+00,2026-08-21 18:36:17.00606+00
1389,6,999,UHT DIAMOND 1000ML,RMFR-00020,,Raw Material,FRESH,Inventory,true,,{},2026-08-21 18:25:32.021999+00,2026-08-21 18:36:17.00606+00
1390,6,1000,UHT DIAMOND MILK ALL PURPOSE 1000ML,RMFR-00039,,Raw Material,FRESH,Inventory,true,,{},2026-08-21 18:25:32.021999+00,2026-08-21 18:36:17.00606+00
1391,6,1001,UHT DIAMOND MILK RICH 1000ML,RMFR-00038,,Raw Material,FRESH,Inventory,true,,{},2026-08-21 18:25:32.021999+00,2026-08-21 18:36:17.00606+00
1392,6,1002,UHT INDOMILK 950ML,RMFR-00021,,Raw Material,FRESH,Inventory,true,,{},2026-08-21 18:25:32.021999+00,2026-08-21 18:36:17.00606+00
1393,6,1003,UHT MILK LIFE 1000ML,RMFR-00022,,Raw Material,FRESH,Inventory,true,,{},2026-08-21 18:25:32.021999+00,2026-08-21 18:36:17.00606+00
1394,6,1004,UHT MILKLIFE 1000ML,RMFR-00023,,Raw Material,FRESH,Inventory,true,,{},2026-08-21 18:25:32.021999+00,2026-08-21 18:36:17.00606+00
1395,6,1005,UHT OATSIDE 1000ML,RMFR-00024,,Raw Material,FRESH,Inventory,true,,{},2026-08-21 18:25:32.021999+00,2026-08-21 18:36:17.00606+00
1396,6,1006,VSOY LOW SUGAR 1000ML,RMFR-00025,,Raw Material,FRESH,Inventory,true,,{},2026-08-21 18:25:32.021999+00,2026-08-21 18:36:17.00606+00
1397,6,1007,VSOY MULTIGRAIN 1000ML,RMFR-00026,,Raw Material,FRESH,Inventory,true,,{},2026-08-21 18:25:32.021999+00,2026-08-21 18:36:17.00606+00
1398,6,1008,VSOY MULTIGRAIN 200ML,RMFR-00027,,Raw Material,FRESH,Inventory,true,,{},2026-08-21 18:25:32.021999+00,2026-08-21 18:36:17.00606+00
1399,6,1009,VSOY ORIGINAL 1000ML,RMFR-00028,,Raw Material,FRESH,Inventory,true,,{},2026-08-21 18:25:32.021999+00,2026-08-21 18:36:17.00606+00
1400,6,1010,WHIPPING CREAM BROOKFARM 1000ML,RMFR-00053,,Raw Material,FRESH,Inventory,true,,{},2026-08-21 18:25:32.021999+00,2026-08-21 18:36:17.00606+00