id,company_id,esb_id,product_esb_id,branch_esb_id,price,flag_active,price_date,supplier_name,product_name,product_code,unit_name,currency,expired_date,pricelist_num,product_detail_esb_id,uom_id,currency_id,applicable_branch,raw_data,synced_at,updated_at
1,3,2,341,ALL,55500.00,true,2025-09-01,Calf Warehouse,HAND GLOVES,KSUT-00006,BOX@100PCS,Rupiah,,PLS202509010001,842,173,1,"{""type"":""ALL"",""branches"":[]}",{},2026-08-21 18:25:34.864397+00,2026-08-21 18:36:20.113758+00
2,3,3,341,ALL,555.00,true,2025-09-01,Calf Warehouse,HAND GLOVES,KSUT-00006,PCS,Rupiah,,PLS202509010001,841,181,1,"{""type"":""ALL"",""branches"":[]}",{},2026-08-21 18:25:34.864397+00,2026-08-21 18:36:20.113758+00
3,3,4,342,ALL,756000.00,true,2025-09-01,Calf Warehouse,TISSUE LIVI,KSUT-00019,CTN@24PACK,Rupiah,,PLS202509010001,845,175,1,"{""type"":""ALL"",""branches"":[]}",{},2026-08-21 18:25:34.864397+00,2026-08-21 18:36:20.113758+00
4,3,5,342,ALL,31500.00,true,2025-09-01,Calf Warehouse,TISSUE LIVI,KSUT-00019,PACK,Rupiah,,PLS202509010001,844,180,1,"{""type"":""ALL"",""branches"":[]}",{},2026-08-21 18:25:34.864397+00,2026-08-21 18:36:20.113758+00
5,3,6,334,ALL,19600.00,true,2025-09-01,Calf Warehouse,AIR,RMBV-00019,GALON@19000GR,Rupiah,,PLS202509010001,822,176,1,"{""type"":""ALL"",""branches"":[]}",{},2026-08-21 18:25:34.864397+00,2026-08-21 18:36:20.113758+00
6,3,7,334,ALL,1.03,true,2025-09-01,Calf Warehouse,AIR,RMBV-00019,GR,Rupiah,,PLS202509010001,821,177,1,"{""type"":""ALL"",""branches"":[]}",{},2026-08-21 18:25:34.864397+00,2026-08-21 18:36:20.113758+00
7,3,1,341,ALL,555000.00,true,2025-09-01,Calf Warehouse,HAND GLOVES,KSUT-00006,CTN@10BOX,Rupiah,,PLS202509010001,843,174,1,"{""type"":""ALL"",""branches"":[]}",{},2026-08-21 18:25:34.864397+00,2026-08-21 18:36:20.113758+00
8,3,9,338,ALL,115000.00,true,2025-10-27,MULIH,BEANS REGULER,RBRR-00001,KG@1000GR,Rupiah,,PLS202510270001,833,179,1,"{""type"":""ALL"",""branches"":[]}",{},2026-08-21 18:25:34.864397+00,2026-08-21 18:36:20.113758+00
9,3,11,343,ALL,165000.00,true,2025-10-27,ECHWAN,GREEN BEANS COLD BREW,GBCB-00001,KG@1000GR,Rupiah,2027-01-01,PLS202510270003,847,179,1,"{""type"":""ALL"",""branches"":[]}",{},2026-08-21 18:25:34.864397+00,2026-08-21 18:36:20.113758+00
10,3,10,335,ALL,295000.00,true,2025-10-27,SOCIETY COFFEE HOUSE,BEANS AUTHENTIC,RBBA-00001,KG@1000GR,Rupiah,2027-01-01,PLS202510270002,824,179,1,"{""type"":""ALL"",""branches"":[]}",{},2026-08-21 18:25:34.864397+00,2026-08-21 18:36:20.113758+00
11,3,8,337,ALL,140000.00,true,2025-10-27,MULIH,BEANS PREMIUM,RBAP-00001,KG@1000GR,Rupiah,,PLS202510270001,830,179,1,"{""type"":""ALL"",""branches"":[]}",{},2026-08-21 18:25:34.864397+00,2026-08-21 18:36:20.113758+00
12,3,12,353,ALL,3.80,true,2025-11-20,Twinspack Indonesia,Packaging 1 kg,PCG-00001,PCS,Rupiah,2025-11-30,PLS202511200001,866,181,1,"{""type"":""ALL"",""branches"":[]}",{},2026-08-21 18:25:34.864397+00,2026-08-21 18:36:20.113758+00
13,3,13,354,ALL,7.50,true,2025-11-20,Twinspack Indonesia,Packaging 5 kg,PCG-00002,PCS,Rupiah,2025-11-30,PLS202511200002,867,181,1,"{""type"":""ALL"",""branches"":[]}",{},2026-08-21 18:25:34.864397+00,2026-08-21 18:36:20.113758+00
14,3,14,335,ALL,295000.00,true,2026-01-07,RAHAYU ROASTERY,BEANS AUTHENTIC,RBBA-00001,KG@1000GR,Rupiah,2027-01-07,PLS202601070001,824,179,1,"{""type"":""ALL"",""branches"":[]}",{},2026-08-21 18:25:34.864397+00,2026-08-21 18:36:20.113758+00
15,3,15,335,ALL,280000.00,true,2026-01-12,PT Biji Kopi Pilihan,BEANS AUTHENTIC,RBBA-00001,KG@1000GR,Rupiah,2027-02-01,PLS202601120001,824,179,1,"{""type"":""ALL"",""branches"":[]}",{},2026-08-21 18:25:34.864397+00,2026-08-21 18:36:20.113758+00
16,3,16,385,ALL,35000.00,true,2026-05-05,GENERAL SUPPLIER,BATREI ALKALINE AAA PACK@6PCS,TCKP-00004,PACK@6PCS,Rupiah,2026-05-05,PLS202605050001,922,194,1,"{""type"":""ALL"",""branches"":[]}",{},2026-08-21 18:25:34.864397+00,2026-08-21 18:36:20.113758+00
17,3,17,391,1,152000.00,true,2026-08-03,GGS coffee Takengon,GREEN BEANS PREMIUM GRADE 1 DP,GB-0001DP,KG,Rupiah,2027-11-06,PLS202608030001,934,196,1,"{""type"":""SPECIFIC"",""branches"":[{""branchID"":1,""branchCode"":""HOF"",""branchName"":""CENTRAL KITCHEN PUSAT"",""flagActive"":1}]}",{},2026-08-21 18:25:34.864397+00,2026-08-21 18:36:20.113758+00
18,6,202,1019,1,18000.00,true,2025-07-01,Calf Warehouse,Matcha Latte - COTR (145ml),RFRS-00002,PORSI@145GR,Rupiah,2027-08-28,PLS202507010001,2589,303,1,"{""type"":""SPECIFIC"",""branches"":[{""branchID"":1,""branchCode"":""HOF"",""branchName"":""STORAGE PALMERAH"",""flagActive"":1}]}",{},2026-08-21 18:25:34.864397+00,2026-08-21 18:36:20.113758+00
19,6,201,933,1,25000.00,true,2025-07-01,Calf Warehouse,SMOOTH VANILLA PECAN - COTR (230ml),SMTH-00007,PORSI@230GR,Rupiah,2027-08-28,PLS202507010001,2569,306,1,"{""type"":""SPECIFIC"",""branches"":[{""branchID"":1,""branchCode"":""HOF"",""branchName"":""STORAGE PALMERAH"",""flagActive"":1}]}",{},2026-08-21 18:25:34.864397+00,2026-08-21 18:36:20.113758+00
20,6,198,818,1,15000.00,true,2025-07-01,Calf Warehouse,Es Kopi Calf Premium - COTR (145ml),PREM-00030,PORSI@145GR,Rupiah,2027-08-28,PLS202507010001,2060,303,1,"{""type"":""SPECIFIC"",""branches"":[{""branchID"":1,""branchCode"":""HOF"",""branchName"":""STORAGE PALMERAH"",""flagActive"":1}]}",{},2026-08-21 18:25:34.864397+00,2026-08-21 18:36:20.113758+00
21,6,200,855,1,25000.00,true,2025-07-01,Calf Warehouse,ICED CHOCOLATE - COTR (230ml),MILK-00009,PORSI@230GR,Rupiah,2027-08-28,PLS202507010001,2159,306,1,"{""type"":""SPECIFIC"",""branches"":[{""branchID"":1,""branchCode"":""HOF"",""branchName"":""STORAGE PALMERAH"",""flagActive"":1}]}",{},2026-08-21 18:25:34.864397+00,2026-08-21 18:36:20.113758+00
22,6,199,906,1,23000.00,true,2025-07-01,Calf Warehouse,PREMIUM CAN - COTR (230ml),PREM-00003,PORSI@230GR,Rupiah,2027-08-28,PLS202507010001,2570,306,1,"{""type"":""SPECIFIC"",""branches"":[{""branchID"":1,""branchCode"":""HOF"",""branchName"":""STORAGE PALMERAH"",""flagActive"":1}]}",{},2026-08-21 18:25:34.864397+00,2026-08-21 18:36:20.113758+00
23,6,1,801,ALL,1020000.00,true,2025-09-01,Calf Warehouse,CREAMER (MAX) 500GR,RMBV-00002,CTN@24PCS,Rupiah,2026-02-28,PLS202509010001,2017,212,1,"{""type"":""ALL"",""branches"":[]}",{},2026-08-21 18:25:34.864397+00,2026-08-21 18:36:20.113758+00
24,6,2,801,ALL,42500.00,true,2025-09-01,Calf Warehouse,CREAMER (MAX) 500GR,RMBV-00002,PCS@500GR,Rupiah,2026-02-28,PLS202509010001,2016,292,1,"{""type"":""ALL"",""branches"":[]}",{},2026-08-21 18:25:34.864397+00,2026-08-21 18:36:20.113758+00
25,6,3,801,ALL,85.00,true,2025-09-01,Calf Warehouse,CREAMER (MAX) 500GR,RMBV-00002,GR,Rupiah,2026-02-28,PLS202509010001,2015,231,1,"{""type"":""ALL"",""branches"":[]}",{},2026-08-21 18:25:34.864397+00,2026-08-21 18:36:20.113758+00
26,6,4,804,ALL,1050000.00,true,2025-09-01,Calf Warehouse,CUP 10 0Z (BAJAJ),PCPB-00002,CTN@40BALL,Rupiah,2026-04-14,PLS202509010001,2026,317,1,"{""type"":""ALL"",""branches"":[]}",{},2026-08-21 18:25:34.864397+00,2026-08-21 18:36:20.113758+00
27,6,5,804,ALL,26250.00,true,2025-09-01,Calf Warehouse,CUP 10 0Z (BAJAJ),PCPB-00002,BALL@50PCS,Rupiah,2026-04-14,PLS202509010001,2025,177,1,"{""type"":""ALL"",""branches"":[]}",{},2026-08-21 18:25:34.864397+00,2026-08-21 18:36:20.113758+00
28,6,6,804,ALL,525.00,true,2025-09-01,Calf Warehouse,CUP 10 0Z (BAJAJ),PCPB-00002,PCS,Rupiah,2026-04-14,PLS202509010001,2024,281,1,"{""type"":""ALL"",""branches"":[]}",{},2026-08-21 18:25:34.864397+00,2026-08-21 18:36:20.113758+00
29,6,7,806,ALL,400000.00,true,2025-09-01,Calf Warehouse,CUP ES,PCPB-00003,CTN@20BALL,Rupiah,2026-04-14,PLS202509010001,2030,206,1,"{""type"":""ALL"",""branches"":[]}",{},2026-08-21 18:25:34.864397+00,2026-08-21 18:36:20.113758+00
30,6,8,806,ALL,16000.00,true,2025-09-01,Calf Warehouse,CUP ES,PCPB-00003,BALL@50PCS,Rupiah,2026-04-14,PLS202509010001,2029,177,1,"{""type"":""ALL"",""branches"":[]}",{},2026-08-21 18:25:34.864397+00,2026-08-21 18:36:20.113758+00
31,6,9,806,ALL,320.00,true,2025-09-01,Calf Warehouse,CUP ES,PCPB-00003,PCS,Rupiah,2026-04-14,PLS202509010001,2028,281,1,"{""type"":""ALL"",""branches"":[]}",{},2026-08-21 18:25:34.864397+00,2026-08-21 18:36:20.113758+00
32,6,10,812,ALL,330000.00,true,2025-09-01,Calf Warehouse,CUP SEALER,KSUT-00004,CTN@12ROLL,Rupiah,2026-04-14,PLS202509010001,2048,201,1,"{""type"":""ALL"",""branches"":[]}",{},2026-08-21 18:25:34.864397+00,2026-08-21 18:36:20.113758+00
33,6,11,812,ALL,27500.00,true,2025-09-01,Calf Warehouse,CUP SEALER,KSUT-00004,ROLL@1000PCS,Rupiah,2026-04-14,PLS202509010001,2047,299,1,"{""type"":""ALL"",""branches"":[]}",{},2026-08-21 18:25:34.864397+00,2026-08-21 18:36:20.113758+00
34,6,12,812,ALL,27.50,true,2025-09-01,Calf Warehouse,CUP SEALER,KSUT-00004,PCS,Rupiah,2026-04-14,PLS202509010001,2046,281,1,"{""type"":""ALL"",""branches"":[]}",{},2026-08-21 18:25:34.864397+00,2026-08-21 18:36:20.113758+00
35,6,13,822,ALL,864000.00,true,2025-09-01,Calf Warehouse,EVAPORATED MILK FN 380GR,RMBV-00004,CTN@48PCS,Rupiah,,PLS202509010001,2071,218,1,"{""type"":""ALL"",""branches"":[]}",{},2026-08-21 18:25:34.864397+00,2026-08-21 18:36:20.113758+00
36,6,14,822,ALL,18000.00,true,2025-09-01,Calf Warehouse,EVAPORATED MILK FN 380GR,RMBV-00004,PCS@380GR,Rupiah,,PLS202509010001,2070,290,1,"{""type"":""ALL"",""branches"":[]}",{},2026-08-21 18:25:34.864397+00,2026-08-21 18:36:20.113758+00
37,6,15,822,ALL,47.37,true,2025-09-01,Calf Warehouse,EVAPORATED MILK FN 380GR,RMBV-00004,GR,Rupiah,,PLS202509010001,2069,231,1,"{""type"":""ALL"",""branches"":[]}",{},2026-08-21 18:25:34.864397+00,2026-08-21 18:36:20.113758+00
38,6,16,831,ALL,210000.00,true,2025-09-01,Calf Warehouse,FRESH MILK DIAMOND 946ML,RMFR-00008,CTN@12PCS,Rupiah,2026-02-28,PLS202509010001,2097,200,1,"{""type"":""ALL"",""branches"":[]}",{},2026-08-21 18:25:34.864397+00,2026-08-21 18:36:20.113758+00
39,6,17,831,ALL,17500.00,true,2025-09-01,Calf Warehouse,FRESH MILK DIAMOND 946ML,RMFR-00008,PCS@950GR,Rupiah,2026-02-28,PLS202509010001,2096,297,1,"{""type"":""ALL"",""branches"":[]}",{},2026-08-21 18:25:34.864397+00,2026-08-21 18:36:20.113758+00
40,6,18,831,ALL,18.42,true,2025-09-01,Calf Warehouse,FRESH MILK DIAMOND 946ML,RMFR-00008,GR,Rupiah,2026-02-28,PLS202509010001,2095,231,1,"{""type"":""ALL"",""branches"":[]}",{},2026-08-21 18:25:34.864397+00,2026-08-21 18:36:20.113758+00
41,6,19,849,ALL,721224.00,true,2025-09-01,Calf Warehouse,GULARE AREN 1300GR,RMBV-00011,CTN@12BTL,Rupiah,,PLS202509010001,2144,198,1,"{""type"":""ALL"",""branches"":[]}",{},2026-08-21 18:25:34.864397+00,2026-08-21 18:36:20.113758+00
42,6,20,849,ALL,60102.00,true,2025-09-01,Calf Warehouse,GULARE AREN 1300GR,RMBV-00011,BTL@1300GR,Rupiah,,PLS202509010001,2143,183,1,"{""type"":""ALL"",""branches"":[]}",{},2026-08-21 18:25:34.864397+00,2026-08-21 18:36:20.113758+00
43,6,21,849,ALL,46.23,true,2025-09-01,Calf Warehouse,GULARE AREN 1300GR,RMBV-00011,GR,Rupiah,,PLS202509010001,2142,231,1,"{""type"":""ALL"",""branches"":[]}",{},2026-08-21 18:25:34.864397+00,2026-08-21 18:36:20.113758+00
44,6,22,851,ALL,520000.00,true,2025-09-01,Calf Warehouse,HAND GLOVES,KSUT-00006,CTN@10BOX,Rupiah,,PLS202509010001,2149,195,1,"{""type"":""ALL"",""branches"":[]}",{},2026-08-21 18:25:34.864397+00,2026-08-21 18:36:20.113758+00
45,6,23,851,ALL,52000.00,true,2025-09-01,Calf Warehouse,HAND GLOVES,KSUT-00006,BOX@100PCS,Rupiah,,PLS202509010001,2148,178,1,"{""type"":""ALL"",""branches"":[]}",{},2026-08-21 18:25:34.864397+00,2026-08-21 18:36:20.113758+00
46,6,24,851,ALL,520.00,true,2025-09-01,Calf Warehouse,HAND GLOVES,KSUT-00006,PCS,Rupiah,,PLS202509010001,2147,281,1,"{""type"":""ALL"",""branches"":[]}",{},2026-08-21 18:25:34.864397+00,2026-08-21 18:36:20.113758+00
47,6,25,864,ALL,1349160.00,true,2025-09-01,Calf Warehouse,JURUS 1000GR,RMDG-00004,CTN@12PCS,Rupiah,,PLS202509010001,2186,200,1,"{""type"":""ALL"",""branches"":[]}",{},2026-08-21 18:25:34.864397+00,2026-08-21 18:36:20.113758+00
48,6,26,864,ALL,112430.00,true,2025-09-01,Calf Warehouse,JURUS 1000GR,RMDG-00004,PCS@1000GR,Rupiah,,PLS202509010001,2185,282,1,"{""type"":""ALL"",""branches"":[]}",{},2026-08-21 18:25:34.864397+00,2026-08-21 18:36:20.113758+00
49,6,27,864,ALL,112.43,true,2025-09-01,Calf Warehouse,JURUS 1000GR,RMDG-00004,GR,Rupiah,,PLS202509010001,2184,231,1,"{""type"":""ALL"",""branches"":[]}",{},2026-08-21 18:25:34.864397+00,2026-08-21 18:36:20.113758+00
50,6,28,865,ALL,22328600.00,true,2025-09-01,Calf Warehouse,KALENG 250ML,PCPB-00007,PALLET SINGLE@9725PCS,Rupiah,,PLS202509010001,2190,280,1,"{""type"":""ALL"",""branches"":[]}",{},2026-08-21 18:25:34.864397+00,2026-08-21 18:36:20.113758+00
51,6,29,865,ALL,631400.00,true,2025-09-01,Calf Warehouse,KALENG 250ML,PCPB-00007,PACK@275PCS,Rupiah,,PLS202509010001,2189,262,1,"{""type"":""ALL"",""branches"":[]}",{},2026-08-21 18:25:34.864397+00,2026-08-21 18:36:20.113758+00
52,6,30,865,ALL,91840.00,true,2025-09-01,Calf Warehouse,KALENG 250ML,PCPB-00007,PACK@40PCS,Rupiah,,PLS202509010001,2188,264,1,"{""type"":""ALL"",""branches"":[]}",{},2026-08-21 18:25:34.864397+00,2026-08-21 18:36:20.113758+00
53,6,31,865,ALL,2296.00,true,2025-09-01,Calf Warehouse,KALENG 250ML,PCPB-00007,PCS,Rupiah,,PLS202509010001,2187,281,1,"{""type"":""ALL"",""branches"":[]}",{},2026-08-21 18:25:34.864397+00,2026-08-21 18:36:20.113758+00
54,6,32,878,ALL,26000.00,true,2025-09-01,Calf Warehouse,KERTAS STRUK THERMAL PAPER 20x30,KSPS-00007,ROLL,Rupiah,,PLS202509010001,2215,298,1,"{""type"":""ALL"",""branches"":[]}",{},2026-08-21 18:25:34.864397+00,2026-08-21 18:36:20.113758+00
55,6,33,887,ALL,1537500.00,true,2025-09-01,Calf Warehouse,PLASTIK KLIP 20X12CM,KSUT-00012,KARUNG@125PACK,Rupiah,2026-02-28,PLS202509010001,2232,240,1,"{""type"":""ALL"",""branches"":[]}",{},2026-08-21 18:25:34.864397+00,2026-08-21 18:36:20.113758+00
56,6,34,887,ALL,12300.00,true,2025-09-01,Calf Warehouse,PLASTIK KLIP 20X12CM,KSUT-00012,PACK@100PCS,Rupiah,2026-02-28,PLS202509010001,2231,250,1,"{""type"":""ALL"",""branches"":[]}",{},2026-08-21 18:25:34.864397+00,2026-08-21 18:36:20.113758+00
57,6,35,887,ALL,123.00,true,2025-09-01,Calf Warehouse,PLASTIK KLIP 20X12CM,KSUT-00012,PCS,Rupiah,2026-02-28,PLS202509010001,2230,281,1,"{""type"":""ALL"",""branches"":[]}",{},2026-08-21 18:25:34.864397+00,2026-08-21 18:36:20.113758+00
58,6,36,888,ALL,878450.00,true,2025-09-01,Calf Warehouse,PLASTIK TAKE AWAY 17,KSUT-00013,KARUNG@50PACK,Rupiah,,PLS202509010001,2235,242,1,"{""type"":""ALL"",""branches"":[]}",{},2026-08-21 18:25:34.864397+00,2026-08-21 18:36:20.113758+00
59,6,37,888,ALL,17569.00,true,2025-09-01,Calf Warehouse,PLASTIK TAKE AWAY 17,KSUT-00013,PACK@92PCS,Rupiah,,PLS202509010001,2234,275,1,"{""type"":""ALL"",""branches"":[]}",{},2026-08-21 18:25:34.864397+00,2026-08-21 18:36:20.113758+00
60,6,38,888,ALL,35.14,true,2025-09-01,Calf Warehouse,PLASTIK TAKE AWAY 17,KSUT-00013,PCS,Rupiah,,PLS202509010001,2233,281,1,"{""type"":""ALL"",""branches"":[]}",{},2026-08-21 18:25:34.864397+00,2026-08-21 18:36:20.113758+00
61,6,39,889,ALL,878450.00,true,2025-09-01,Calf Warehouse,PLASTIK TAKE AWAY 24,KSUT-00014,KARUNG@50PACK,Rupiah,,PLS202509010001,2238,242,1,"{""type"":""ALL"",""branches"":[]}",{},2026-08-21 18:25:34.864397+00,2026-08-21 18:36:20.113758+00
62,6,40,889,ALL,17569.00,true,2025-09-01,Calf Warehouse,PLASTIK TAKE AWAY 24,KSUT-00014,PACK@52PCS,Rupiah,,PLS202509010001,2237,269,1,"{""type"":""ALL"",""branches"":[]}",{},2026-08-21 18:25:34.864397+00,2026-08-21 18:36:20.113758+00
63,6,41,889,ALL,35.14,true,2025-09-01,Calf Warehouse,PLASTIK TAKE AWAY 24,KSUT-00014,PCS,Rupiah,,PLS202509010001,2236,281,1,"{""type"":""ALL"",""branches"":[]}",{},2026-08-21 18:25:34.864397+00,2026-08-21 18:36:20.113758+00
64,6,42,890,ALL,878450.00,true,2025-09-01,Calf Warehouse,PLASTIK TAKE AWAY 28,KSUT-00015,KARUNG@50PACK,Rupiah,,PLS202509010001,2241,242,1,"{""type"":""ALL"",""branches"":[]}",{},2026-08-21 18:25:34.864397+00,2026-08-21 18:36:20.113758+00
65,6,43,890,ALL,17569.00,true,2025-09-01,Calf Warehouse,PLASTIK TAKE AWAY 28,KSUT-00015,PACK@36PCS,Rupiah,,PLS202509010001,2240,263,1,"{""type"":""ALL"",""branches"":[]}",{},2026-08-21 18:25:34.864397+00,2026-08-21 18:36:20.113758+00
66,6,44,890,ALL,35.14,true,2025-09-01,Calf Warehouse,PLASTIK TAKE AWAY 28,KSUT-00015,PCS,Rupiah,,PLS202509010001,2239,281,1,"{""type"":""ALL"",""branches"":[]}",{},2026-08-21 18:25:34.864397+00,2026-08-21 18:36:20.113758+00
67,6,45,891,ALL,878450.00,true,2025-09-01,Calf Warehouse,PLASTIK TAKE AWAY 35,KSUT-00016,KARUNG@50PACK,Rupiah,,PLS202509010001,2244,242,1,"{""type"":""ALL"",""branches"":[]}",{},2026-08-21 18:25:34.864397+00,2026-08-21 18:36:20.113758+00
68,6,46,891,ALL,17569.00,true,2025-09-01,Calf Warehouse,PLASTIK TAKE AWAY 35,KSUT-00016,PACK@23PCS,Rupiah,,PLS202509010001,2243,259,1,"{""type"":""ALL"",""branches"":[]}",{},2026-08-21 18:25:34.864397+00,2026-08-21 18:36:20.113758+00
69,6,47,891,ALL,35.14,true,2025-09-01,Calf Warehouse,PLASTIK TAKE AWAY 35,KSUT-00016,PCS,Rupiah,,PLS202509010001,2242,281,1,"{""type"":""ALL"",""branches"":[]}",{},2026-08-21 18:25:34.864397+00,2026-08-21 18:36:20.113758+00
70,6,48,894,ALL,3130200.00,true,2025-09-01,Calf Warehouse,POWDER COKLAT TR 1000GR,RMPD-00002,CTN@15PACK,Rupiah,,PLS202509010001,2252,203,1,"{""type"":""ALL"",""branches"":[]}",{},2026-08-21 18:25:34.864397+00,2026-08-21 18:36:20.113758+00
71,6,49,894,ALL,208680.00,true,2025-09-01,Calf Warehouse,POWDER COKLAT TR 1000GR,RMPD-00002,PACK@1000GR,Rupiah,,PLS202509010001,2251,249,1,"{""type"":""ALL"",""branches"":[]}",{},2026-08-21 18:25:34.864397+00,2026-08-21 18:36:20.113758+00
72,6,50,894,ALL,208.68,true,2025-09-01,Calf Warehouse,POWDER COKLAT TR 1000GR,RMPD-00002,GR,Rupiah,,PLS202509010001,2250,231,1,"{""type"":""ALL"",""branches"":[]}",{},2026-08-21 18:25:34.864397+00,2026-08-21 18:36:20.113758+00
73,6,51,925,ALL,22200.00,true,2025-09-01,Calf Warehouse,SEDOTAN 5MM,PCPB-00009,PACK@500PCS,Rupiah,2026-04-14,PLS202509010001,2331,267,1,"{""type"":""ALL"",""branches"":[]}",{},2026-08-21 18:25:34.864397+00,2026-08-21 18:36:20.113758+00
74,6,52,925,ALL,44.40,true,2025-09-01,Calf Warehouse,SEDOTAN 5MM,PCPB-00009,PCS,Rupiah,2026-04-14,PLS202509010001,2330,281,1,"{""type"":""ALL"",""branches"":[]}",{},2026-08-21 18:25:34.864397+00,2026-08-21 18:36:20.113758+00
75,6,53,928,ALL,534864.00,true,2025-09-01,Calf Warehouse,SKM KALENG 365GR,RMBV-00013,CTN@48PCS,Rupiah,,PLS202509010001,2339,218,1,"{""type"":""ALL"",""branches"":[]}",{},2026-08-21 18:25:34.864397+00,2026-08-21 18:36:20.113758+00
76,6,54,928,ALL,11143.00,true,2025-09-01,Calf Warehouse,SKM KALENG 365GR,RMBV-00013,PCS@365GR,Rupiah,,PLS202509010001,2338,289,1,"{""type"":""ALL"",""branches"":[]}",{},2026-08-21 18:25:34.864397+00,2026-08-21 18:36:20.113758+00
77,6,55,928,ALL,30.53,true,2025-09-01,Calf Warehouse,SKM KALENG 365GR,RMBV-00013,GR,Rupiah,,PLS202509010001,2337,231,1,"{""type"":""ALL"",""branches"":[]}",{},2026-08-21 18:25:34.864397+00,2026-08-21 18:36:20.113758+00
78,6,56,929,ALL,715105.84,true,2025-09-01,Calf Warehouse,SKM KALENG 488GR,RMBV-00014,CTN@48PCS,Rupiah,,PLS202509010001,2342,218,1,"{""type"":""ALL"",""branches"":[]}",{},2026-08-21 18:25:34.864397+00,2026-08-21 18:36:20.113758+00
79,6,57,929,ALL,14898.04,true,2025-09-01,Calf Warehouse,SKM KALENG 488GR,RMBV-00014,PCS@488GR,Rupiah,,PLS202509010001,2341,291,1,"{""type"":""ALL"",""branches"":[]}",{},2026-08-21 18:25:34.864397+00,2026-08-21 18:36:20.113758+00
80,6,58,929,ALL,30.53,true,2025-09-01,Calf Warehouse,SKM KALENG 488GR,RMBV-00014,GR,Rupiah,,PLS202509010001,2340,231,1,"{""type"":""ALL"",""branches"":[]}",{},2026-08-21 18:25:34.864397+00,2026-08-21 18:36:20.113758+00
81,6,59,930,ALL,427200.00,true,2025-09-01,Calf Warehouse,SKM POUCH 1000GR,RMBV-00015,CTN@16PCS,Rupiah,,PLS202509010001,2345,205,1,"{""type"":""ALL"",""branches"":[]}",{},2026-08-21 18:25:34.864397+00,2026-08-21 18:36:20.113758+00
82,6,60,930,ALL,26700.00,true,2025-09-01,Calf Warehouse,SKM POUCH 1000GR,RMBV-00015,PCS@1000GR,Rupiah,,PLS202509010001,2344,282,1,"{""type"":""ALL"",""branches"":[]}",{},2026-08-21 18:25:34.864397+00,2026-08-21 18:36:20.113758+00
83,6,61,930,ALL,26.70,true,2025-09-01,Calf Warehouse,SKM POUCH 1000GR,RMBV-00015,GR,Rupiah,,PLS202509010001,2343,231,1,"{""type"":""ALL"",""branches"":[]}",{},2026-08-21 18:25:34.864397+00,2026-08-21 18:36:20.113758+00
84,6,62,931,ALL,427200.00,true,2025-09-01,Calf Warehouse,SKM POUCH 2KG,RMBV-00016,CTN@8PACK,Rupiah,,PLS202509010001,2348,228,1,"{""type"":""ALL"",""branches"":[]}",{},2026-08-21 18:25:34.864397+00,2026-08-21 18:36:20.113758+00
85,6,63,931,ALL,53400.00,true,2025-09-01,Calf Warehouse,SKM POUCH 2KG,RMBV-00016,PACK@2000GR,Rupiah,,PLS202509010001,2347,256,1,"{""type"":""ALL"",""branches"":[]}",{},2026-08-21 18:25:34.864397+00,2026-08-21 18:36:20.113758+00
86,6,64,931,ALL,26.70,true,2025-09-01,Calf Warehouse,SKM POUCH 2KG,RMBV-00016,GR,Rupiah,,PLS202509010001,2346,231,1,"{""type"":""ALL"",""branches"":[]}",{},2026-08-21 18:25:34.864397+00,2026-08-21 18:36:20.113758+00
87,6,65,935,ALL,1000.00,true,2025-09-01,Calf Warehouse,STICKER CUSTOM 250ML,KSPS-00011,PCS,Rupiah,,PLS202509010001,2354,281,1,"{""type"":""ALL"",""branches"":[]}",{},2026-08-21 18:25:34.864397+00,2026-08-21 18:36:20.113758+00
88,6,66,936,ALL,1100.00,true,2025-09-01,Calf Warehouse,STICKER CUSTOM 330ML,KSPS-00010,PCS,Rupiah,,PLS202509010001,2355,281,1,"{""type"":""ALL"",""branches"":[]}",{},2026-08-21 18:25:34.864397+00,2026-08-21 18:36:20.113758+00
89,6,67,939,ALL,6760000.00,true,2025-09-01,Calf Warehouse,STICKER UNIVERSAL 250ML,PCPB-00022,CTN@104PACK,Rupiah,,PLS202509010001,2361,194,1,"{""type"":""ALL"",""branches"":[]}",{},2026-08-21 18:25:34.864397+00,2026-08-21 18:36:20.113758+00
90,6,68,939,ALL,65000.00,true,2025-09-01,Calf Warehouse,STICKER UNIVERSAL 250ML,PCPB-00022,PACK@100PCS,Rupiah,,PLS202509010001,2360,250,1,"{""type"":""ALL"",""branches"":[]}",{},2026-08-21 18:25:34.864397+00,2026-08-21 18:36:20.113758+00
91,6,69,939,ALL,650.00,true,2025-09-01,Calf Warehouse,STICKER UNIVERSAL 250ML,PCPB-00022,PCS,Rupiah,,PLS202509010001,2359,281,1,"{""type"":""ALL"",""branches"":[]}",{},2026-08-21 18:25:34.864397+00,2026-08-21 18:36:20.113758+00
92,6,70,944,ALL,1860000.00,true,2025-09-01,Calf Warehouse,SYRUP DAVINCI PECAN PRALINE 750ML,RMSY-00003,CTN@12BTL,Rupiah,,PLS202509010001,2372,198,1,"{""type"":""ALL"",""branches"":[]}",{},2026-08-21 18:25:34.864397+00,2026-08-21 18:36:20.113758+00
93,6,71,944,ALL,155000.00,true,2025-09-01,Calf Warehouse,SYRUP DAVINCI PECAN PRALINE 750ML,RMSY-00003,BTL@930GR,Rupiah,,PLS202509010001,2371,191,1,"{""type"":""ALL"",""branches"":[]}",{},2026-08-21 18:25:34.864397+00,2026-08-21 18:36:20.113758+00
94,6,72,944,ALL,166.67,true,2025-09-01,Calf Warehouse,SYRUP DAVINCI PECAN PRALINE 750ML,RMSY-00003,GR,Rupiah,,PLS202509010001,2370,231,1,"{""type"":""ALL"",""branches"":[]}",{},2026-08-21 18:25:34.864397+00,2026-08-21 18:36:20.113758+00
95,6,73,947,ALL,546000.00,true,2025-09-01,Calf Warehouse,SYRUP DRIPP BANANA 760ML,RMSY-00004,CTN@6BTL,Rupiah,2026-02-28,PLS202509010001,2381,222,1,"{""type"":""ALL"",""branches"":[]}",{},2026-08-21 18:25:34.864397+00,2026-08-21 18:36:20.113758+00
96,6,74,954,ALL,91000.00,true,2025-09-01,Calf Warehouse,SYRUP DRIPP VANILLA 760ML,RMSY-00029,BTL@760GR,Rupiah,2026-02-28,PLS202509010001,2574,312,1,"{""type"":""ALL"",""branches"":[]}",{},2026-08-21 18:25:34.864397+00,2026-08-21 18:36:20.113758+00
97,6,75,947,ALL,119.73,true,2025-09-01,Calf Warehouse,SYRUP DRIPP BANANA 760ML,RMSY-00004,GR,Rupiah,2026-02-28,PLS202509010001,2379,231,1,"{""type"":""ALL"",""branches"":[]}",{},2026-08-21 18:25:34.864397+00,2026-08-21 18:36:20.113758+00
98,6,76,953,ALL,546000.00,true,2025-09-01,Calf Warehouse,SYRUP DRIPP TIRAMISU 760ML,RMSY-00010,CTN@6BTL,Rupiah,2026-02-28,PLS202509010001,2399,222,1,"{""type"":""ALL"",""branches"":[]}",{},2026-08-21 18:25:34.864397+00,2026-08-21 18:36:20.113758+00
99,6,77,953,ALL,91000.00,true,2025-09-01,Calf Warehouse,SYRUP DRIPP TIRAMISU 760ML,RMSY-00010,BTL@760GR,Rupiah,2026-02-28,PLS202509010001,2573,312,1,"{""type"":""ALL"",""branches"":[]}",{},2026-08-21 18:25:34.864397+00,2026-08-21 18:36:20.113758+00
100,6,78,953,ALL,119.73,true,2025-09-01,Calf Warehouse,SYRUP DRIPP TIRAMISU 760ML,RMSY-00010,GR,Rupiah,2026-02-28,PLS202509010001,2397,231,1,"{""type"":""ALL"",""branches"":[]}",{},2026-08-21 18:25:34.864397+00,2026-08-21 18:36:20.113758+00
101,6,79,967,ALL,528000.00,true,2025-09-01,Calf Warehouse,SYRUP VOYA VANILLA 750ML,RMSY-00026,CTN@6BTL,Rupiah,,PLS202509010001,2441,222,1,"{""type"":""ALL"",""branches"":[]}",{},2026-08-21 18:25:34.864397+00,2026-08-21 18:36:20.113758+00
102,6,80,967,ALL,88000.00,true,2025-09-01,Calf Warehouse,SYRUP VOYA VANILLA 750ML,RMSY-00026,BTL@930GR,Rupiah,,PLS202509010001,2440,191,1,"{""type"":""ALL"",""branches"":[]}",{},2026-08-21 18:25:34.864397+00,2026-08-21 18:36:20.113758+00
103,6,81,967,ALL,94.62,true,2025-09-01,Calf Warehouse,SYRUP VOYA VANILLA 750ML,RMSY-00026,GR,Rupiah,,PLS202509010001,2439,231,1,"{""type"":""ALL"",""branches"":[]}",{},2026-08-21 18:25:34.864397+00,2026-08-21 18:36:20.113758+00
104,6,82,973,ALL,684000.00,true,2025-09-01,Calf Warehouse,TISSUE LIVI,KSUT-00019,CTN@24PACK,Rupiah,,PLS202509010001,2450,211,1,"{""type"":""ALL"",""branches"":[]}",{},2026-08-21 18:25:34.864397+00,2026-08-21 18:36:20.113758+00
105,6,83,973,ALL,28500.00,true,2025-09-01,Calf Warehouse,TISSUE LIVI,KSUT-00019,PACK,Rupiah,,PLS202509010001,2449,248,1,"{""type"":""ALL"",""branches"":[]}",{},2026-08-21 18:25:34.864397+00,2026-08-21 18:36:20.113758+00
106,6,84,977,ALL,495000.00,true,2025-09-01,Calf Warehouse,TRASH BAG 90X120CM,KSUT-00020,KARUNG@50PACK,Rupiah,,PLS202509010001,2460,242,1,"{""type"":""ALL"",""branches"":[]}",{},2026-08-21 18:25:34.864397+00,2026-08-21 18:36:20.113758+00
107,6,85,977,ALL,990000.00,true,2025-09-01,Calf Warehouse,TRASH BAG 90X120CM,KSUT-00020,KARUNG@100PACK,Rupiah,,PLS202509010001,2461,239,1,"{""type"":""ALL"",""branches"":[]}",{},2026-08-21 18:25:34.864397+00,2026-08-21 18:36:20.113758+00
108,6,86,977,ALL,9900.00,true,2025-09-01,Calf Warehouse,TRASH BAG 90X120CM,KSUT-00020,PACK@6PCS,Rupiah,,PLS202509010001,2459,272,1,"{""type"":""ALL"",""branches"":[]}",{},2026-08-21 18:25:34.864397+00,2026-08-21 18:36:20.113758+00
109,6,87,980,ALL,180000.00,true,2025-09-01,Calf Warehouse,TUTUP CUP ES,PCPB-00013,CTN@20BALL,Rupiah,2026-04-14,PLS202509010001,2467,206,1,"{""type"":""ALL"",""branches"":[]}",{},2026-08-21 18:25:34.864397+00,2026-08-21 18:36:20.113758+00
110,6,88,980,ALL,9000.00,true,2025-09-01,Calf Warehouse,TUTUP CUP ES,PCPB-00013,BALL@50PCS,Rupiah,2026-04-14,PLS202509010001,2466,177,1,"{""type"":""ALL"",""branches"":[]}",{},2026-08-21 18:25:34.864397+00,2026-08-21 18:36:20.113758+00
111,6,89,980,ALL,180.00,true,2025-09-01,Calf Warehouse,TUTUP CUP ES,PCPB-00013,PCS,Rupiah,2026-04-14,PLS202509010001,2465,281,1,"{""type"":""ALL"",""branches"":[]}",{},2026-08-21 18:25:34.864397+00,2026-08-21 18:36:20.113758+00
112,6,90,985,ALL,1.00,true,2025-09-01,Calf Warehouse,TUTUP KALENG 250ML,PCPB-00018,PCS,Rupiah,,PLS202509010001,2480,281,1,"{""type"":""ALL"",""branches"":[]}",{},2026-08-21 18:25:34.864397+00,2026-08-21 18:36:20.113758+00
113,6,91,986,ALL,1.00,true,2025-09-01,Calf Warehouse,TUTUP KALENG 330ML,PCPB-00017,PCS,Rupiah,,PLS202509010001,2481,281,1,"{""type"":""ALL"",""branches"":[]}",{},2026-08-21 18:25:34.864397+00,2026-08-21 18:36:20.113758+00
114,6,95,787,ALL,2950000.00,true,2025-09-01,Calf Central Kitchen,BEANS REGULER,RBRR-00001,KARUNG@25KG,Rupiah,,PLS202509010001,1982,301,1,"{""type"":""ALL"",""branches"":[]}",{},2026-08-21 18:25:34.864397+00,2026-08-21 18:36:20.113758+00
115,6,94,786,ALL,155.00,true,2025-09-01,Calf Central Kitchen,BEANS PREMIUM,RBAP-00001,GR,Rupiah,,PLS202509010001,1977,231,1,"{""type"":""ALL"",""branches"":[]}",{},2026-08-21 18:25:34.864397+00,2026-08-21 18:36:20.113758+00
116,6,93,786,ALL,155000.00,true,2025-09-01,Calf Central Kitchen,BEANS PREMIUM,RBAP-00001,KG@1000GR,Rupiah,2026-12-01,PLS202509010001,1978,244,1,"{""type"":""ALL"",""branches"":[]}",{},2026-08-21 18:25:34.864397+00,2026-08-21 18:36:20.113758+00
117,6,92,786,ALL,3875000.00,true,2025-09-01,Calf Central Kitchen,BEANS PREMIUM,RBAP-00001,KARUNG@25KG,Rupiah,,PLS202509010001,1979,301,1,"{""type"":""ALL"",""branches"":[]}",{},2026-08-21 18:25:34.864397+00,2026-08-21 18:36:20.113758+00
118,6,96,787,ALL,118000.00,true,2025-09-01,Calf Central Kitchen,BEANS REGULER,RBRR-00001,KG@1000GR,Rupiah,,PLS202509010001,1981,244,1,"{""type"":""ALL"",""branches"":[]}",{},2026-08-21 18:25:34.864397+00,2026-08-21 18:36:20.113758+00
119,6,97,787,ALL,118.00,true,2025-09-01,Calf Central Kitchen,BEANS REGULER,RBRR-00001,GR,Rupiah,,PLS202509010001,1980,231,1,"{""type"":""ALL"",""branches"":[]}",{},2026-08-21 18:25:34.864397+00,2026-08-21 18:36:20.113758+00
120,6,98,784,ALL,7000000.00,true,2025-09-01,Calf Central Kitchen,BEANS AUTHENTIC,RBBA-00001,KARUNG@25KG,Rupiah,,PLS202509010001,1973,301,1,"{""type"":""ALL"",""branches"":[]}",{},2026-08-21 18:25:34.864397+00,2026-08-21 18:36:20.113758+00
121,6,99,784,ALL,280000.00,true,2025-09-01,Calf Central Kitchen,BEANS AUTHENTIC,RBBA-00001,KG@1000GR,Rupiah,,PLS202509010001,1972,244,1,"{""type"":""ALL"",""branches"":[]}",{},2026-08-21 18:25:34.864397+00,2026-08-21 18:36:20.113758+00
122,6,100,784,ALL,280.00,true,2025-09-01,Calf Central Kitchen,BEANS AUTHENTIC,RBBA-00001,GR,Rupiah,,PLS202509010001,1971,231,1,"{""type"":""ALL"",""branches"":[]}",{},2026-08-21 18:25:34.864397+00,2026-08-21 18:36:20.113758+00
123,6,101,785,ALL,4375000.00,true,2025-09-01,Calf Central Kitchen,BEANS COLD BREW,RBCB-00001,KARUNG@25KG,Rupiah,,PLS202509010001,1976,301,1,"{""type"":""ALL"",""branches"":[]}",{},2026-08-21 18:25:34.864397+00,2026-08-21 18:36:20.113758+00
124,6,102,785,ALL,175000.00,true,2025-09-01,Calf Central Kitchen,BEANS COLD BREW,RBCB-00001,KG@1000GR,Rupiah,,PLS202509010001,1975,244,1,"{""type"":""ALL"",""branches"":[]}",{},2026-08-21 18:25:34.864397+00,2026-08-21 18:36:20.113758+00
125,6,103,785,ALL,175.00,true,2025-09-01,Calf Central Kitchen,BEANS COLD BREW,RBCB-00001,GR,Rupiah,,PLS202509010001,1974,231,1,"{""type"":""ALL"",""branches"":[]}",{},2026-08-21 18:25:34.864397+00,2026-08-21 18:36:20.113758+00
126,6,104,820,ALL,90000.00,true,2025-09-01,Calf Central Kitchen,ESPRESSO PREMIUM,ESPR-00001,KG@1000GR,Rupiah,,PLS202509010001,2064,244,1,"{""type"":""ALL"",""branches"":[]}",{},2026-08-21 18:25:34.864397+00,2026-08-21 18:36:20.113758+00
127,6,105,820,ALL,90.00,true,2025-09-01,Calf Central Kitchen,ESPRESSO PREMIUM,ESPR-00001,GR,Rupiah,,PLS202509010001,2063,231,1,"{""type"":""ALL"",""branches"":[]}",{},2026-08-21 18:25:34.864397+00,2026-08-21 18:36:20.113758+00
128,6,106,821,ALL,60000.00,true,2025-09-01,Calf Central Kitchen,ESPRESSO REGULER,ESPR-00002,KG@1000GR,Rupiah,,PLS202509010001,2067,244,1,"{""type"":""ALL"",""branches"":[]}",{},2026-08-21 18:25:34.864397+00,2026-08-21 18:36:20.113758+00
129,6,107,821,ALL,60.00,true,2025-09-01,Calf Central Kitchen,ESPRESSO REGULER,ESPR-00002,GR,Rupiah,,PLS202509010001,2066,231,1,"{""type"":""ALL"",""branches"":[]}",{},2026-08-21 18:25:34.864397+00,2026-08-21 18:36:20.113758+00
130,6,108,1015,ALL,37275.00,true,2025-10-01,Calf Warehouse,GULA AREN PALMARIE 1300GR,RMBV-00025,BTL@1300GR,Rupiah,2026-04-14,PLS202510010001,2578,183,1,"{""type"":""ALL"",""branches"":[]}",{},2026-08-21 18:25:34.864397+00,2026-08-21 18:36:20.113758+00
131,6,109,1015,ALL,28.67,true,2025-10-01,Calf Warehouse,GULA AREN PALMARIE 1300GR,RMBV-00025,GR,Rupiah,2026-04-14,PLS202510010001,2577,231,1,"{""type"":""ALL"",""branches"":[]}",{},2026-08-21 18:25:34.864397+00,2026-08-21 18:36:20.113758+00
132,6,110,1015,ALL,745500.00,true,2025-10-01,Calf Warehouse,GULA AREN PALMARIE 1300GR,RMBV-00025,CTN@20BTL,Rupiah,2026-04-14,PLS202510010001,2579,316,1,"{""type"":""ALL"",""branches"":[]}",{},2026-08-21 18:25:34.864397+00,2026-08-21 18:36:20.113758+00
133,6,111,1015,ALL,372750.00,true,2025-10-01,Calf Warehouse,GULA AREN PALMARIE 1300GR,RMBV-00025,CTN@10BTL,Rupiah,2026-04-14,PLS202510010001,2580,315,1,"{""type"":""ALL"",""branches"":[]}",{},2026-08-21 18:25:34.864397+00,2026-08-21 18:36:20.113758+00
134,6,112,947,ALL,91000.00,true,2025-11-03,Calf Warehouse,SYRUP DRIPP BANANA 760ML,RMSY-00004,BTL@760GR,Rupiah,2026-02-28,PLS202511030001,2572,312,1,"{""type"":""ALL"",""branches"":[]}",{},2026-08-21 18:25:34.864397+00,2026-08-21 18:36:20.113758+00
135,6,113,954,ALL,119.73,true,2025-11-03,Calf Warehouse,SYRUP DRIPP VANILLA 760ML,RMSY-00029,GR,Rupiah,2026-02-28,PLS202511030002,2400,231,1,"{""type"":""ALL"",""branches"":[]}",{},2026-08-21 18:25:34.864397+00,2026-08-21 18:36:20.113758+00
136,6,114,954,ALL,546000.00,true,2025-11-03,Calf Warehouse,SYRUP DRIPP VANILLA 760ML,RMSY-00029,CTN@6BTL,Rupiah,2026-02-28,PLS202511030003,2402,222,1,"{""type"":""ALL"",""branches"":[]}",{},2026-08-21 18:25:34.864397+00,2026-08-21 18:36:20.113758+00
137,6,115,855,ALL,25000.00,true,2025-12-26,Calf Central Kitchen,ICED CHOCOLATE - COTR (230ml),MILK-00009,PORSI@230GR,Rupiah,2030-12-31,PLS202512260001,2159,306,1,"{""type"":""ALL"",""branches"":[]}",{},2026-08-21 18:25:34.864397+00,2026-08-21 18:36:20.113758+00
138,6,116,818,ALL,15000.00,true,2025-12-26,Calf Central Kitchen,Es Kopi Calf Premium - COTR (145ml),PREM-00030,PORSI@145GR,Rupiah,2030-12-31,PLS202512260001,2060,303,1,"{""type"":""ALL"",""branches"":[]}",{},2026-08-21 18:25:34.864397+00,2026-08-21 18:36:20.113758+00
139,6,117,906,ALL,23000.00,true,2025-12-26,Calf Central Kitchen,PREMIUM CAN - COTR (230ml),PREM-00003,PORSI@230GR,Rupiah,2030-12-31,PLS202512260001,2570,306,1,"{""type"":""ALL"",""branches"":[]}",{},2026-08-21 18:25:34.864397+00,2026-08-21 18:36:20.113758+00
140,6,118,932,ALL,25000.00,true,2025-12-26,Calf Central Kitchen,SMOOTH BANANA TIRAMISU - COTR (230ml),SMTH-00006,PORSI@230GR,Rupiah,2030-12-31,PLS202512260001,2567,306,1,"{""type"":""ALL"",""branches"":[]}",{},2026-08-21 18:25:34.864397+00,2026-08-21 18:36:20.113758+00
141,6,119,933,ALL,25000.00,true,2025-12-26,Calf Central Kitchen,SMOOTH VANILLA PECAN - COTR (230ml),SMTH-00007,PORSI@230GR,Rupiah,2030-12-31,PLS202512260001,2569,306,1,"{""type"":""ALL"",""branches"":[]}",{},2026-08-21 18:25:34.864397+00,2026-08-21 18:36:20.113758+00
142,6,121,896,ALL,1458000.00,true,2026-02-01,Calf Warehouse,POWDER DRIPP MATCHA 760GR,RMPD-00013,CTN@6PACK,Rupiah,2026-02-28,PLS202602010001,2258,224,1,"{""type"":""ALL"",""branches"":[]}",{},2026-08-21 18:25:34.864397+00,2026-08-21 18:36:20.113758+00
143,6,122,896,ALL,319.73,true,2026-02-01,Calf Warehouse,POWDER DRIPP MATCHA 760GR,RMPD-00013,GR,Rupiah,2026-02-28,PLS202602010002,2256,231,1,"{""type"":""ALL"",""branches"":[]}",{},2026-08-21 18:25:34.864397+00,2026-08-21 18:36:20.113758+00
144,6,120,896,ALL,243000.00,true,2026-02-02,Calf Warehouse,POWDER DRIPP MATCHA 760GR,RMPD-00013,PACK@760GR,Rupiah,2026-02-28,PLS202602020001,2257,273,1,"{""type"":""ALL"",""branches"":[]}",{},2026-08-21 18:25:34.864397+00,2026-08-21 18:36:20.113758+00
145,6,123,801,ALL,1072800.00,true,2026-03-01,Calf Warehouse,CREAMER (MAX) 500GR,RMBV-00002,CTN@24PCS,Rupiah,2026-05-31,PLS202603010001,2017,212,1,"{""type"":""ALL"",""branches"":[]}",{},2026-08-21 18:25:34.864397+00,2026-08-21 18:36:20.113758+00
146,6,124,801,ALL,44700.00,true,2026-03-01,Calf Warehouse,CREAMER (MAX) 500GR,RMBV-00002,PCS@500GR,Rupiah,2026-05-31,PLS202603010001,2016,292,1,"{""type"":""ALL"",""branches"":[]}",{},2026-08-21 18:25:34.864397+00,2026-08-21 18:36:20.113758+00
147,6,125,801,ALL,89.40,true,2026-03-01,Calf Warehouse,CREAMER (MAX) 500GR,RMBV-00002,GR,Rupiah,2026-05-31,PLS202603010001,2015,231,1,"{""type"":""ALL"",""branches"":[]}",{},2026-08-21 18:25:34.864397+00,2026-08-21 18:36:20.113758+00
148,6,126,887,ALL,1625000.00,true,2026-03-01,Calf Warehouse,PLASTIK KLIP 20X12CM,KSUT-00012,KARUNG@125PACK,Rupiah,2026-04-14,PLS202603010001,2232,240,1,"{""type"":""ALL"",""branches"":[]}",{},2026-08-21 18:25:34.864397+00,2026-08-21 18:36:20.113758+00
149,6,127,887,ALL,13000.00,true,2026-03-01,Calf Warehouse,PLASTIK KLIP 20X12CM,KSUT-00012,PACK@100PCS,Rupiah,2026-04-14,PLS202603010001,2231,250,1,"{""type"":""ALL"",""branches"":[]}",{},2026-08-21 18:25:34.864397+00,2026-08-21 18:36:20.113758+00
150,6,128,887,ALL,130.00,true,2026-03-01,Calf Warehouse,PLASTIK KLIP 20X12CM,KSUT-00012,PCS,Rupiah,2026-04-14,PLS202603010001,2230,281,1,"{""type"":""ALL"",""branches"":[]}",{},2026-08-21 18:25:34.864397+00,2026-08-21 18:36:20.113758+00
151,6,129,896,ALL,227850.00,true,2026-03-01,Calf Warehouse,POWDER DRIPP MATCHA 760GR,RMPD-00013,PACK@760GR,Rupiah,2026-12-31,PLS202603010001,2257,273,1,"{""type"":""ALL"",""branches"":[]}",{},2026-08-21 18:25:34.864397+00,2026-08-21 18:36:20.113758+00
152,6,130,896,ALL,1367100.00,true,2026-03-01,Calf Warehouse,POWDER DRIPP MATCHA 760GR,RMPD-00013,CTN@6PACK,Rupiah,2026-12-31,PLS202603010001,2258,224,1,"{""type"":""ALL"",""branches"":[]}",{},2026-08-21 18:25:34.864397+00,2026-08-21 18:36:20.113758+00
153,6,131,896,ALL,299.80,true,2026-03-01,Calf Warehouse,POWDER DRIPP MATCHA 760GR,RMPD-00013,GR,Rupiah,2026-12-31,PLS202603010001,2256,231,1,"{""type"":""ALL"",""branches"":[]}",{},2026-08-21 18:25:34.864397+00,2026-08-21 18:36:20.113758+00
154,6,132,947,ALL,582000.00,true,2026-03-01,Calf Warehouse,SYRUP DRIPP BANANA 760ML,RMSY-00004,CTN@6BTL,Rupiah,2026-12-31,PLS202603010001,2381,222,1,"{""type"":""ALL"",""branches"":[]}",{},2026-08-21 18:25:34.864397+00,2026-08-21 18:36:20.113758+00
155,6,133,947,ALL,97000.00,true,2026-03-01,Calf Warehouse,SYRUP DRIPP BANANA 760ML,RMSY-00004,BTL@930GR,Rupiah,2026-12-31,PLS202603010001,2380,191,1,"{""type"":""ALL"",""branches"":[]}",{},2026-08-21 18:25:34.864397+00,2026-08-21 18:36:20.113758+00
156,6,134,947,ALL,104.30,true,2026-03-01,Calf Warehouse,SYRUP DRIPP BANANA 760ML,RMSY-00004,GR,Rupiah,2026-12-31,PLS202603010001,2379,231,1,"{""type"":""ALL"",""branches"":[]}",{},2026-08-21 18:25:34.864397+00,2026-08-21 18:36:20.113758+00
157,6,135,953,ALL,582000.00,true,2026-03-01,Calf Warehouse,SYRUP DRIPP TIRAMISU 760ML,RMSY-00010,CTN@6BTL,Rupiah,2026-12-31,PLS202603010001,2399,222,1,"{""type"":""ALL"",""branches"":[]}",{},2026-08-21 18:25:34.864397+00,2026-08-21 18:36:20.113758+00
158,6,136,953,ALL,97000.00,true,2026-03-01,Calf Warehouse,SYRUP DRIPP TIRAMISU 760ML,RMSY-00010,BTL@930GR,Rupiah,2026-12-31,PLS202603010001,2398,191,1,"{""type"":""ALL"",""branches"":[]}",{},2026-08-21 18:25:34.864397+00,2026-08-21 18:36:20.113758+00
159,6,137,953,ALL,104.30,true,2026-03-01,Calf Warehouse,SYRUP DRIPP TIRAMISU 760ML,RMSY-00010,GR,Rupiah,2026-12-31,PLS202603010001,2397,231,1,"{""type"":""ALL"",""branches"":[]}",{},2026-08-21 18:25:34.864397+00,2026-08-21 18:36:20.113758+00
160,6,138,954,ALL,582000.00,true,2026-03-01,Calf Warehouse,SYRUP DRIPP VANILLA 760ML,RMSY-00029,CTN@6BTL,Rupiah,2026-12-31,PLS202603010001,2402,222,1,"{""type"":""ALL"",""branches"":[]}",{},2026-08-21 18:25:34.864397+00,2026-08-21 18:36:20.113758+00
161,6,139,954,ALL,97000.00,true,2026-03-01,Calf Warehouse,SYRUP DRIPP VANILLA 760ML,RMSY-00029,BTL@930GR,Rupiah,2026-12-31,PLS202603010001,2401,191,1,"{""type"":""ALL"",""branches"":[]}",{},2026-08-21 18:25:34.864397+00,2026-08-21 18:36:20.113758+00
162,6,140,954,ALL,104.30,true,2026-03-01,Calf Warehouse,SYRUP DRIPP VANILLA 760ML,RMSY-00029,GR,Rupiah,2026-12-31,PLS202603010001,2400,231,1,"{""type"":""ALL"",""branches"":[]}",{},2026-08-21 18:25:34.864397+00,2026-08-21 18:36:20.113758+00
163,6,141,831,ALL,216000.00,true,2026-03-01,Calf Warehouse,FRESH MILK DIAMOND 946ML,RMFR-00008,CTN@12PCS,Rupiah,2026-04-14,PLS202603010001,2097,200,1,"{""type"":""ALL"",""branches"":[]}",{},2026-08-21 18:25:34.864397+00,2026-08-21 18:36:20.113758+00
164,6,142,831,ALL,18000.00,true,2026-03-01,Calf Warehouse,FRESH MILK DIAMOND 946ML,RMFR-00008,PCS@950GR,Rupiah,2026-04-14,PLS202603010001,2096,297,1,"{""type"":""ALL"",""branches"":[]}",{},2026-08-21 18:25:34.864397+00,2026-08-21 18:36:20.113758+00
165,6,143,831,ALL,18.95,true,2026-03-01,Calf Warehouse,FRESH MILK DIAMOND 946ML,RMFR-00008,GR,Rupiah,2026-04-14,PLS202603010001,2095,231,1,"{""type"":""ALL"",""branches"":[]}",{},2026-08-21 18:25:34.864397+00,2026-08-21 18:36:20.113758+00
166,6,191,1054,ALL,24308.00,true,2026-03-01,Calf Warehouse,CUP ES COTR,PPB-00002,BALL@50PCS,Rupiah,2027-05-22,PLS202603010002,2651,177,1,"{""type"":""ALL"",""branches"":[]}",{},2026-08-21 18:25:34.864397+00,2026-08-21 18:36:20.113758+00
167,6,149,1019,ALL,18000.00,true,2026-03-09,GENERAL SUPPLIER,Matcha Latte - COTR (145ml),RFRS-00002,PORSI@145GR,Rupiah,2038-05-08,PLS202603090001,2589,303,1,"{""type"":""ALL"",""branches"":[]}",{},2026-08-21 18:25:34.864397+00,2026-08-21 18:36:20.113758+00
168,6,145,818,ALL,15000.00,true,2026-03-09,GENERAL SUPPLIER,Es Kopi Calf Premium - COTR (145ml),PREM-00030,PORSI@145GR,Rupiah,2038-05-08,PLS202603090001,2060,303,1,"{""type"":""ALL"",""branches"":[]}",{},2026-08-21 18:25:34.864397+00,2026-08-21 18:36:20.113758+00
169,6,146,906,ALL,23000.00,true,2026-03-09,GENERAL SUPPLIER,PREMIUM CAN - COTR (230ml),PREM-00003,PORSI@230GR,Rupiah,2038-05-08,PLS202603090001,2570,306,1,"{""type"":""ALL"",""branches"":[]}",{},2026-08-21 18:25:34.864397+00,2026-08-21 18:36:20.113758+00
170,6,147,855,ALL,25000.00,true,2026-03-09,GENERAL SUPPLIER,ICED CHOCOLATE - COTR (230ml),MILK-00009,PORSI@230GR,Rupiah,2038-05-08,PLS202603090001,2159,306,1,"{""type"":""ALL"",""branches"":[]}",{},2026-08-21 18:25:34.864397+00,2026-08-21 18:36:20.113758+00
171,6,148,933,ALL,25000.00,true,2026-03-09,GENERAL SUPPLIER,SMOOTH VANILLA PECAN - COTR (230ml),SMTH-00007,PORSI@230GR,Rupiah,2038-05-08,PLS202603090001,2569,306,1,"{""type"":""ALL"",""branches"":[]}",{},2026-08-21 18:25:34.864397+00,2026-08-21 18:36:20.113758+00
172,6,144,1020,ALL,17900.00,true,2026-03-13,Calf Warehouse,TRASH BAG 50x75CM,KSUT-00035,PACK,Rupiah,2026-04-14,PLS202603130001,2590,248,1,"{""type"":""ALL"",""branches"":[]}",{},2026-08-21 18:25:34.864397+00,2026-08-21 18:36:20.113758+00
173,6,150,1035,ALL,27500.00,true,2026-03-23,Calf Warehouse,CUP SEALER (NEW),INSU-00008,ROLL@1000PCS,Rupiah,2026-04-14,PLS202603230001,2625,299,1,"{""type"":""ALL"",""branches"":[]}",{},2026-08-21 18:25:34.864397+00,2026-08-21 18:36:20.113758+00
174,6,151,1036,ALL,52000.00,true,2026-03-23,Calf Warehouse,HAND GLOVES (NEW),INSU-00010,BOX@100PCS,Rupiah,2067-03-24,PLS202603230001,2627,178,1,"{""type"":""ALL"",""branches"":[]}",{},2026-08-21 18:25:34.864397+00,2026-08-21 18:36:20.113758+00
175,6,152,1030,ALL,17569.00,true,2026-03-23,Calf Warehouse,PLASTIK TAKE AWAY 17 (NEW),INSU-00012,PACK@1KG,Rupiah,2026-04-14,PLS202603230001,2611,322,1,"{""type"":""ALL"",""branches"":[]}",{},2026-08-21 18:25:34.864397+00,2026-08-21 18:36:20.113758+00
176,6,153,1031,ALL,17569.00,true,2026-03-23,Calf Warehouse,PLASTIK TAKE AWAY 24 (NEW),INSU-00013,PACK@500GR,Rupiah,2026-04-14,PLS202603230001,2615,266,1,"{""type"":""ALL"",""branches"":[]}",{},2026-08-21 18:25:34.864397+00,2026-08-21 18:36:20.113758+00
177,6,154,1032,ALL,17569.00,true,2026-03-23,Calf Warehouse,PLASTIK TAKE AWAY 28 (NEW),INSU-00014,PACK@1KG,Rupiah,2026-04-14,PLS202603230001,2617,322,1,"{""type"":""ALL"",""branches"":[]}",{},2026-08-21 18:25:34.864397+00,2026-08-21 18:36:20.113758+00
178,6,155,1033,ALL,17569.00,true,2026-03-23,Calf Warehouse,PLASTIK TAKE AWAY 35 (NEW),INSU-00015,PACK@1KG,Rupiah,2026-04-14,PLS202603230001,2620,322,1,"{""type"":""ALL"",""branches"":[]}",{},2026-08-21 18:25:34.864397+00,2026-08-21 18:36:20.113758+00
179,6,156,1037,ALL,28500.00,true,2026-03-23,Calf Warehouse,TISSUE LIVI (NEW),INSU-00017,PACK,Rupiah,2067-03-24,PLS202603230001,2629,248,1,"{""type"":""ALL"",""branches"":[]}",{},2026-08-21 18:25:34.864397+00,2026-08-21 18:36:20.113758+00
180,6,157,1038,ALL,9819.00,true,2026-03-23,Calf Warehouse,TRASH BAG 90X120CM (NEW),INSU-00018-PACK@6PCS,PACK@6PCS,Rupiah,2026-04-14,PLS202603230001,2631,272,1,"{""type"":""ALL"",""branches"":[]}",{},2026-08-21 18:25:34.864397+00,2026-08-21 18:36:20.113758+00
181,6,158,806,ALL,486.00,true,2026-04-14,Calf Warehouse,CUP ES,PCPB-00003,PCS,Rupiah,2026-12-31,PLS202604140001,2028,281,1,"{""type"":""ALL"",""branches"":[]}",{},2026-08-21 18:25:34.864397+00,2026-08-21 18:36:20.113758+00
182,6,159,806,ALL,24307.50,true,2026-04-14,Calf Warehouse,CUP ES,PCPB-00003,BALL@50PCS,Rupiah,2026-12-31,PLS202604140001,2029,177,1,"{""type"":""ALL"",""branches"":[]}",{},2026-08-21 18:25:34.864397+00,2026-08-21 18:36:20.113758+00
183,6,160,806,ALL,486150.00,true,2026-04-14,Calf Warehouse,CUP ES,PCPB-00003,CTN@20BALL,Rupiah,2026-12-31,PLS202604140001,2030,206,1,"{""type"":""ALL"",""branches"":[]}",{},2026-08-21 18:25:34.864397+00,2026-08-21 18:36:20.113758+00
184,6,161,980,ALL,206.00,true,2026-04-14,Calf Warehouse,TUTUP CUP ES,PCPB-00013,PCS,Rupiah,2026-12-31,PLS202604140002,2465,281,1,"{""type"":""ALL"",""branches"":[]}",{},2026-08-21 18:25:34.864397+00,2026-08-21 18:36:20.113758+00
185,6,162,980,ALL,10290.00,true,2026-04-14,Calf Warehouse,TUTUP CUP ES,PCPB-00013,BALL@50PCS,Rupiah,2026-12-31,PLS202604140002,2466,177,1,"{""type"":""ALL"",""branches"":[]}",{},2026-08-21 18:25:34.864397+00,2026-08-21 18:36:20.113758+00
186,6,163,980,ALL,205800.00,true,2026-04-14,Calf Warehouse,TUTUP CUP ES,PCPB-00013,CTN@20BALL,Rupiah,2026-12-31,PLS202604140002,2467,206,1,"{""type"":""ALL"",""branches"":[]}",{},2026-08-21 18:25:34.864397+00,2026-08-21 18:36:20.113758+00
187,6,164,804,ALL,580.00,true,2026-04-14,Calf Warehouse,CUP 10 0Z (BAJAJ),PCPB-00002,PCS,Rupiah,2026-12-31,PLS202604140003,2024,281,1,"{""type"":""ALL"",""branches"":[]}",{},2026-08-21 18:25:34.864397+00,2026-08-21 18:36:20.113758+00
188,6,165,804,ALL,29000.00,true,2026-04-14,Calf Warehouse,CUP 10 0Z (BAJAJ),PCPB-00002,BALL@50PCS,Rupiah,2026-12-31,PLS202604140003,2025,177,1,"{""type"":""ALL"",""branches"":[]}",{},2026-08-21 18:25:34.864397+00,2026-08-21 18:36:20.113758+00
189,6,166,1035,ALL,64050.00,true,2026-04-14,Calf Warehouse,CUP SEALER (NEW),INSU-00008,ROLL@1000PCS,Rupiah,2026-12-31,PLS202604140004,2625,299,1,"{""type"":""ALL"",""branches"":[]}",{},2026-08-21 18:25:34.864397+00,2026-08-21 18:36:20.113758+00
190,6,167,887,ALL,21578.00,true,2026-04-14,Calf Warehouse,PLASTIK KLIP 20X12CM,KSUT-00012,PACK@100PCS,Rupiah,2026-12-31,PLS202604140005,2231,250,1,"{""type"":""ALL"",""branches"":[]}",{},2026-08-21 18:25:34.864397+00,2026-08-21 18:36:20.113758+00
191,6,168,1038,ALL,11360.00,true,2026-04-14,Calf Warehouse,TRASH BAG 90X120CM (NEW),INSU-00018-PACK@6PCS,PACK@5PCS,Rupiah,2026-12-31,PLS202604140006,2630,270,1,"{""type"":""ALL"",""branches"":[]}",{},2026-08-21 18:25:34.864397+00,2026-08-21 18:36:20.113758+00
192,6,169,925,ALL,42000.00,true,2026-04-14,Calf Warehouse,SEDOTAN 5MM,PCPB-00009,PACK@500PCS,Rupiah,2026-12-31,PLS202604140007,2331,267,1,"{""type"":""ALL"",""branches"":[]}",{},2026-08-21 18:25:34.864397+00,2026-08-21 18:36:20.113758+00
193,6,170,925,ALL,840000.00,true,2026-04-14,Calf Warehouse,SEDOTAN 5MM,PCPB-00009,CTN@20PACK,Rupiah,2026-12-31,PLS202604140007,2332,207,1,"{""type"":""ALL"",""branches"":[]}",{},2026-08-21 18:25:34.864397+00,2026-08-21 18:36:20.113758+00
194,6,171,1015,ALL,39900.00,true,2026-04-14,Calf Warehouse,GULA AREN PALMARIE 1300GR,RMBV-00025,BTL@1300GR,Rupiah,2026-12-31,PLS202604140008,2578,183,1,"{""type"":""ALL"",""branches"":[]}",{},2026-08-21 18:25:34.864397+00,2026-08-21 18:36:20.113758+00
195,6,172,1015,ALL,399000.00,true,2026-04-14,Calf Warehouse,GULA AREN PALMARIE 1300GR,RMBV-00025,CTN@10BTL,Rupiah,2026-12-31,PLS202604140008,2580,315,1,"{""type"":""ALL"",""branches"":[]}",{},2026-08-21 18:25:34.864397+00,2026-08-21 18:36:20.113758+00
196,6,173,831,ALL,19500.00,true,2026-04-14,Calf Warehouse,FRESH MILK DIAMOND 946ML,RMFR-00008,PCS@950GR,Rupiah,2026-12-31,PLS202604140009,2096,297,1,"{""type"":""ALL"",""branches"":[]}",{},2026-08-21 18:25:34.864397+00,2026-08-21 18:36:20.113758+00
197,6,174,831,ALL,234000.00,true,2026-04-14,Calf Warehouse,FRESH MILK DIAMOND 946ML,RMFR-00008,CTN@12PCS,Rupiah,2026-12-31,PLS202604140009,2097,200,1,"{""type"":""ALL"",""branches"":[]}",{},2026-08-21 18:25:34.864397+00,2026-08-21 18:36:20.113758+00
198,1,309,1371,ALL,209475.50,true,2025-09-01,Calf Warehouse,SAUCE TOMAT 1000GR,RMKC-00034,KG,Rupiah,,PLS202509010002,3405,364,1,"{""type"":""ALL"",""branches"":[]}","{""ID"":309,""unit"":""KG"",""price"":209475.5,""uomID"":364,""priceDate"":""2025-09-01"",""productID"":1371,""currencyID"":1,""expireDate"":null,""supplierID"":5,""productCode"":""RMKC-00034"",""productName"":""SAUCE TOMAT 1000GR"",""currencyName"":""Rupiah"",""pricelistNum"":""PLS202509010002"",""supplierName"":""Calf Warehouse"",""productDetailID"":3405,""applicableBranch"":{""type"":""ALL"",""branches"":[]}}",2026-08-21 18:25:34.864397+00,2026-08-28 06:30:26.485137+00
199,6,175,1030,ALL,53025.00,true,2026-04-14,Calf Warehouse,PLASTIK TAKE AWAY 17 (NEW),INSU-00012,PACK@1KG,Rupiah,2026-12-31,PLS202604140010,2611,322,1,"{""type"":""ALL"",""branches"":[]}",{},2026-08-21 18:25:34.864397+00,2026-08-21 18:36:20.113758+00
200,6,176,1031,ALL,53025.00,true,2026-04-14,Calf Warehouse,PLASTIK TAKE AWAY 24 (NEW),INSU-00013,PACK@1KG,Rupiah,2026-12-31,PLS202604140010,2614,322,1,"{""type"":""ALL"",""branches"":[]}",{},2026-08-21 18:25:34.864397+00,2026-08-21 18:36:20.113758+00
201,6,177,1032,ALL,53025.00,true,2026-04-14,Calf Warehouse,PLASTIK TAKE AWAY 28 (NEW),INSU-00014,PACK@1KG,Rupiah,2026-12-31,PLS202604140010,2617,322,1,"{""type"":""ALL"",""branches"":[]}",{},2026-08-21 18:25:34.864397+00,2026-08-21 18:36:20.113758+00
202,6,178,1033,ALL,53025.00,true,2026-04-14,Calf Warehouse,PLASTIK TAKE AWAY 35 (NEW),INSU-00015,PACK@1KG,Rupiah,2026-12-31,PLS202604140010,2620,322,1,"{""type"":""ALL"",""branches"":[]}",{},2026-08-21 18:25:34.864397+00,2026-08-21 18:36:20.113758+00
203,6,179,1039,ALL,15750.00,true,2026-04-14,Calf Warehouse,PLASTIK TAKEAWAY BW UK 20,PABW-0002,PCS@250GR,Rupiah,2026-12-31,PLS202604140011,2632,288,1,"{""type"":""ALL"",""branches"":[]}",{},2026-08-21 18:25:34.864397+00,2026-08-21 18:36:20.113758+00
204,6,180,1040,ALL,15750.00,true,2026-04-14,Calf Warehouse,PLASTIK TAKEAWAY BW UK 25,PABW-0003,PCS@250GR,Rupiah,2026-12-31,PLS202604140011,2633,288,1,"{""type"":""ALL"",""branches"":[]}",{},2026-08-21 18:25:34.864397+00,2026-08-21 18:36:20.113758+00
205,6,181,1041,ALL,38850.00,true,2026-04-29,Calf Central Kitchen,SLOKI STAINLESS,TCKP-00001,PCS,Rupiah,2026-04-29,PLS202604290001,2634,281,1,"{""type"":""ALL"",""branches"":[]}",{},2026-08-21 18:25:34.864397+00,2026-08-21 18:36:20.113758+00
206,6,182,1042,ALL,94395.00,true,2026-04-29,Calf Central Kitchen,SCALE KECIL,TCKP-00002,PCS,Rupiah,2026-04-29,PLS202604290002,2635,281,1,"{""type"":""ALL"",""branches"":[]}",{},2026-08-21 18:25:34.864397+00,2026-08-21 18:36:20.113758+00
207,6,183,1043,ALL,407652.00,true,2026-04-29,Calf Central Kitchen,SCALE BESAR,TCKP-00003,PCS,Rupiah,2026-04-29,PLS202604290003,2636,281,1,"{""type"":""ALL"",""branches"":[]}",{},2026-08-21 18:25:34.864397+00,2026-08-21 18:36:20.113758+00
208,6,184,1044,ALL,47250.00,true,2026-04-29,Calf Central Kitchen,BATREI ALKALINE AAA PACK@6PCS,TCKP-00004,PACK@6PCS,Rupiah,2026-04-29,PLS202604290004,2637,272,1,"{""type"":""ALL"",""branches"":[]}",{},2026-08-21 18:25:34.864397+00,2026-08-21 18:36:20.113758+00
209,6,185,1045,ALL,107100.00,true,2026-04-29,Calf Central Kitchen,CHARGER BATREI,TCKP-00005,PCS,Rupiah,2026-04-29,PLS202604290005,2638,281,1,"{""type"":""ALL"",""branches"":[]}",{},2026-08-21 18:25:34.864397+00,2026-08-21 18:36:20.113758+00
210,6,186,1046,ALL,33075.00,true,2026-04-29,Calf Central Kitchen,TISSU LIVI,TCKP-00006,PACK,Rupiah,2026-04-29,PLS202604290006,2639,248,1,"{""type"":""ALL"",""branches"":[]}",{},2026-08-21 18:25:34.864397+00,2026-08-21 18:36:20.113758+00
211,6,187,838,ALL,18765.00,true,2026-04-29,Calf Central Kitchen,GALON 5L,PCPB-00021,PCS,Rupiah,2026-04-29,PLS202604290007,2116,281,1,"{""type"":""ALL"",""branches"":[]}",{},2026-08-21 18:25:34.864397+00,2026-08-21 18:36:20.113758+00
212,6,188,1047,ALL,609000.00,true,2026-04-29,Calf Central Kitchen,BUR,TCKP-00008,PCS,Rupiah,2026-04-29,PLS202604290008,2640,281,1,"{""type"":""ALL"",""branches"":[]}",{},2026-08-21 18:25:34.864397+00,2026-08-21 18:36:20.113758+00
213,6,189,1048,ALL,36750.00,true,2026-04-29,Calf Central Kitchen,EMBER PLASTIK  20L,TCKP-00009,PCS,Rupiah,2026-04-29,PLS202604290009,2641,281,1,"{""type"":""ALL"",""branches"":[]}",{},2026-08-21 18:25:34.864397+00,2026-08-21 18:36:20.113758+00
214,6,190,1049,ALL,135450.00,true,2026-04-29,Calf Central Kitchen,EMBER STAINLESS 20L,TCKP-00010,PCS,Rupiah,2026-04-29,PLS202604290010,2642,281,1,"{""type"":""ALL"",""branches"":[]}",{},2026-08-21 18:25:34.864397+00,2026-08-21 18:36:20.113758+00
215,6,192,866,ALL,2430.00,true,2026-06-01,Calf Warehouse,KALENG 330ML,PCPB-00008,PCS,Rupiah,2026-12-31,PLS202606010001,2191,281,1,"{""type"":""ALL"",""branches"":[]}",{},2026-08-21 18:25:34.864397+00,2026-08-21 18:36:20.113758+00
216,6,193,801,ALL,91.60,true,2026-06-01,Calf Warehouse,CREAMER (MAX) 500GR,RMBV-00002,GR,Rupiah,2026-12-31,PLS202606010002,2015,231,1,"{""type"":""ALL"",""branches"":[]}",{},2026-08-21 18:25:34.864397+00,2026-08-21 18:36:20.113758+00
217,6,194,801,ALL,45800.00,true,2026-06-01,Calf Warehouse,CREAMER (MAX) 500GR,RMBV-00002,PCS@500GR,Rupiah,2026-12-31,PLS202606010002,2016,292,1,"{""type"":""ALL"",""branches"":[]}",{},2026-08-21 18:25:34.864397+00,2026-08-21 18:36:20.113758+00
218,6,195,801,ALL,1099200.00,true,2026-06-01,Calf Warehouse,CREAMER (MAX) 500GR,RMBV-00002,CTN@24PCS,Rupiah,2026-12-31,PLS202606010002,2017,212,1,"{""type"":""ALL"",""branches"":[]}",{},2026-08-21 18:25:34.864397+00,2026-08-21 18:36:20.113758+00
219,6,197,1055,1,11450.00,true,2026-07-01,Calf Warehouse,TUTUP CUP ES COTR,PPB-00001,BALL@50PCS,Rupiah,2027-07-31,PLS202607010001,2654,177,1,"{""type"":""SPECIFIC"",""branches"":[{""branchID"":1,""branchCode"":""HOF"",""branchName"":""STORAGE PALMERAH"",""flagActive"":1}]}",{},2026-08-21 18:25:34.864397+00,2026-08-21 18:36:20.113758+00
220,6,196,1060,1,29000.00,true,2026-07-16,Calf Warehouse,CUP SEALER KECIL,INSU-00011,ROLL@800PCS,Rupiah,2030-08-08,PLS202607160001,2662,324,1,"{""type"":""SPECIFIC"",""branches"":[{""branchID"":1,""branchCode"":""HOF"",""branchName"":""STORAGE PALMERAH"",""flagActive"":1}]}",{},2026-08-21 18:25:34.864397+00,2026-08-21 18:36:20.113758+00
221,1,471,1452,ALL,105.00,true,2025-09-01,Calf Warehouse,TUTUP BOTOL KALE 1000ML,PCPB-00012,PCS,Rupiah,,PLS202509010002,3605,402,1,"{""type"":""ALL"",""branches"":[]}","{""ID"":471,""unit"":""PCS"",""price"":105,""uomID"":402,""priceDate"":""2025-09-01"",""productID"":1452,""currencyID"":1,""expireDate"":null,""supplierID"":5,""productCode"":""PCPB-00012"",""productName"":""TUTUP BOTOL KALE 1000ML"",""currencyName"":""Rupiah"",""pricelistNum"":""PLS202509010002"",""supplierName"":""Calf Warehouse"",""productDetailID"":3605,""applicableBranch"":{""type"":""ALL"",""branches"":[]}}",2026-08-21 18:25:34.864397+00,2026-08-28 06:30:26.485137+00
222,1,526,1391,ALL,3638.25,true,2025-09-01,Calf Warehouse,SPAGHETTI CARBONARA,RMKC-00035,PCS,Rupiah,,PLS202509010002,3456,402,1,"{""type"":""ALL"",""branches"":[]}","{""ID"":526,""unit"":""PCS"",""price"":3638.25,""uomID"":402,""priceDate"":""2025-09-01"",""productID"":1391,""currencyID"":1,""expireDate"":null,""supplierID"":5,""productCode"":""RMKC-00035"",""productName"":""SPAGHETTI CARBONARA"",""currencyName"":""Rupiah"",""pricelistNum"":""PLS202509010002"",""supplierName"":""Calf Warehouse"",""productDetailID"":3456,""applicableBranch"":{""type"":""ALL"",""branches"":[]}}",2026-08-21 18:25:34.864397+00,2026-08-28 06:30:26.485137+00
223,1,502,1259,ALL,119000.00,true,2025-09-01,Calf Warehouse,GAS 5KG,EGGS-00003,TABUNG,Rupiah,,PLS202509010002,3134,439,1,"{""type"":""ALL"",""branches"":[]}","{""ID"":502,""unit"":""TABUNG"",""price"":119000,""uomID"":439,""priceDate"":""2025-09-01"",""productID"":1259,""currencyID"":1,""expireDate"":null,""supplierID"":5,""productCode"":""EGGS-00003"",""productName"":""GAS 5KG"",""currencyName"":""Rupiah"",""pricelistNum"":""PLS202509010002"",""supplierName"":""Calf Warehouse"",""productDetailID"":3134,""applicableBranch"":{""type"":""ALL"",""branches"":[]}}",2026-08-21 18:25:34.864397+00,2026-08-28 06:30:26.485137+00
224,1,474,1453,ALL,208.00,true,2025-09-01,Calf Warehouse,TUTUP CUP ES,PCPB-00013,PCS,Rupiah,,PLS202509010002,3607,402,1,"{""type"":""ALL"",""branches"":[]}","{""ID"":474,""unit"":""PCS"",""price"":208,""uomID"":402,""priceDate"":""2025-09-01"",""productID"":1453,""currencyID"":1,""expireDate"":null,""supplierID"":5,""productCode"":""PCPB-00013"",""productName"":""TUTUP CUP ES"",""currencyName"":""Rupiah"",""pricelistNum"":""PLS202509010002"",""supplierName"":""Calf Warehouse"",""productDetailID"":3607,""applicableBranch"":{""type"":""ALL"",""branches"":[]}}",2026-08-21 18:25:34.864397+00,2026-08-28 06:30:26.485137+00
225,1,491,1236,ALL,20000.00,true,2025-09-01,Calf Warehouse,ES SERUT [non active],RMBV-00020,KANTONG@20000GR,Rupiah,,PLS202509010002,3073,358,1,"{""type"":""ALL"",""branches"":[]}","{""ID"":491,""unit"":""KANTONG@20000GR"",""price"":20000,""uomID"":358,""priceDate"":""2025-09-01"",""productID"":1236,""currencyID"":1,""expireDate"":null,""supplierID"":5,""productCode"":""RMBV-00020"",""productName"":""ES SERUT [non active]"",""currencyName"":""Rupiah"",""pricelistNum"":""PLS202509010002"",""supplierName"":""Calf Warehouse"",""productDetailID"":3073,""applicableBranch"":{""type"":""ALL"",""branches"":[]}}",2026-08-21 18:25:34.864397+00,2026-08-28 06:30:26.485137+00
226,1,509,1199,ALL,40000.00,true,2025-09-01,Calf Warehouse,CABE HIJAU BESAR,RMVG-00004,KG,Rupiah,,PLS202509010002,2985,364,1,"{""type"":""ALL"",""branches"":[]}","{""ID"":509,""unit"":""KG"",""price"":40000,""uomID"":364,""priceDate"":""2025-09-01"",""productID"":1199,""currencyID"":1,""expireDate"":null,""supplierID"":5,""productCode"":""RMVG-00004"",""productName"":""CABE HIJAU BESAR"",""currencyName"":""Rupiah"",""pricelistNum"":""PLS202509010002"",""supplierName"":""Calf Warehouse"",""productDetailID"":2985,""applicableBranch"":{""type"":""ALL"",""branches"":[]}}",2026-08-21 18:25:34.864397+00,2026-08-28 06:30:26.485137+00
227,1,462,1449,ALL,1893.33,true,2025-09-01,Calf Warehouse,TRASH BAG 90X120CM,KSUT-00020,PCS,Rupiah,,PLS202509010002,3597,402,1,"{""type"":""ALL"",""branches"":[]}","{""ID"":462,""unit"":""PCS"",""price"":1893.33,""uomID"":402,""priceDate"":""2025-09-01"",""productID"":1449,""currencyID"":1,""expireDate"":null,""supplierID"":5,""productCode"":""KSUT-00020"",""productName"":""TRASH BAG 90X120CM"",""currencyName"":""Rupiah"",""pricelistNum"":""PLS202509010002"",""supplierName"":""Calf Warehouse"",""productDetailID"":3597,""applicableBranch"":{""type"":""ALL"",""branches"":[]}}",2026-08-21 18:25:34.864397+00,2026-08-28 06:30:26.485137+00
228,1,494,1183,ALL,138.00,true,2025-09-01,Calf Warehouse,BEEF SHORTPLATE,RMMT-00001,GR,Rupiah,,PLS202509010002,2944,351,1,"{""type"":""ALL"",""branches"":[]}","{""ID"":494,""unit"":""GR"",""price"":138,""uomID"":351,""priceDate"":""2025-09-01"",""productID"":1183,""currencyID"":1,""expireDate"":null,""supplierID"":5,""productCode"":""RMMT-00001"",""productName"":""BEEF SHORTPLATE"",""currencyName"":""Rupiah"",""pricelistNum"":""PLS202509010002"",""supplierName"":""Calf Warehouse"",""productDetailID"":2944,""applicableBranch"":{""type"":""ALL"",""branches"":[]}}",2026-08-21 18:25:34.864397+00,2026-08-28 06:30:26.485137+00
229,1,467,1454,ALL,156505.00,true,2025-09-01,Calf Warehouse,TUTUP CUP FROSTED,PCPB-00011,CTN@20BALL,Rupiah,,PLS202509010002,3612,325,1,"{""type"":""ALL"",""branches"":[]}","{""ID"":467,""unit"":""CTN@20BALL"",""price"":156505,""uomID"":325,""priceDate"":""2025-09-01"",""productID"":1454,""currencyID"":1,""expireDate"":null,""supplierID"":5,""productCode"":""PCPB-00011"",""productName"":""TUTUP CUP FROSTED"",""currencyName"":""Rupiah"",""pricelistNum"":""PLS202509010002"",""supplierName"":""Calf Warehouse"",""productDetailID"":3612,""applicableBranch"":{""type"":""ALL"",""branches"":[]}}",2026-08-21 18:25:34.864397+00,2026-08-28 06:30:26.485137+00
230,1,533,1483,ALL,51000.00,true,2025-09-01,Calf Warehouse,WHIPPING CREAM BROOKFARM 1000ML,RMFR-00053,PCS@1000GR,Rupiah,,PLS202509010002,3694,403,1,"{""type"":""ALL"",""branches"":[]}","{""ID"":533,""unit"":""PCS@1000GR"",""price"":51000,""uomID"":403,""priceDate"":""2025-09-01"",""productID"":1483,""currencyID"":1,""expireDate"":null,""supplierID"":5,""productCode"":""RMFR-00053"",""productName"":""WHIPPING CREAM BROOKFARM 1000ML"",""currencyName"":""Rupiah"",""pricelistNum"":""PLS202509010002"",""supplierName"":""Calf Warehouse"",""productDetailID"":3694,""applicableBranch"":{""type"":""ALL"",""branches"":[]}}",2026-08-21 18:25:34.864397+00,2026-08-28 06:30:26.485137+00
231,1,464,1450,ALL,187500.00,true,2025-09-01,Calf Warehouse,TRUFFLE OIL 250ML,RMKC-00033,BTL@250GR,Rupiah,2026-05-31,PLS202509010002,3602,305,1,"{""type"":""ALL"",""branches"":[]}","{""ID"":464,""unit"":""BTL@250GR"",""price"":187500,""uomID"":305,""priceDate"":""2025-09-01"",""productID"":1450,""currencyID"":1,""expireDate"":""2026-05-31"",""supplierID"":5,""productCode"":""RMKC-00033"",""productName"":""TRUFFLE OIL 250ML"",""currencyName"":""Rupiah"",""pricelistNum"":""PLS202509010002"",""supplierName"":""Calf Warehouse"",""productDetailID"":3602,""applicableBranch"":{""type"":""ALL"",""branches"":[]}}",2026-08-21 18:25:34.864397+00,2026-08-28 06:30:26.485137+00
232,1,486,1478,ALL,222480.00,true,2025-09-01,Calf Warehouse,UHT OATSIDE 1000ML,RMFR-00024,CTN@6PCS,Rupiah,,PLS202509010002,3680,345,1,"{""type"":""ALL"",""branches"":[]}","{""ID"":486,""unit"":""CTN@6PCS"",""price"":222480,""uomID"":345,""priceDate"":""2025-09-01"",""productID"":1478,""currencyID"":1,""expireDate"":null,""supplierID"":5,""productCode"":""RMFR-00024"",""productName"":""UHT OATSIDE 1000ML"",""currencyName"":""Rupiah"",""pricelistNum"":""PLS202509010002"",""supplierName"":""Calf Warehouse"",""productDetailID"":3680,""applicableBranch"":{""type"":""ALL"",""branches"":[]}}",2026-08-21 18:25:34.864397+00,2026-08-28 06:30:26.485137+00
233,1,453,1447,ALL,88040.00,true,2025-09-01,Calf Warehouse,TOPPING SIMBA CHOCO CRUNCH 950GR,RMDG-00005,CTN@2PACK,Rupiah,,PLS202509010002,3593,334,1,"{""type"":""ALL"",""branches"":[]}","{""ID"":453,""unit"":""CTN@2PACK"",""price"":88040,""uomID"":334,""priceDate"":""2025-09-01"",""productID"":1447,""currencyID"":1,""expireDate"":null,""supplierID"":5,""productCode"":""RMDG-00005"",""productName"":""TOPPING SIMBA CHOCO CRUNCH 950GR"",""currencyName"":""Rupiah"",""pricelistNum"":""PLS202509010002"",""supplierName"":""Calf Warehouse"",""productDetailID"":3593,""applicableBranch"":{""type"":""ALL"",""branches"":[]}}",2026-08-21 18:25:34.864397+00,2026-08-28 06:30:26.485137+00
234,1,511,1200,ALL,70000.00,true,2025-09-01,Calf Warehouse,CABE MERAH KERITING,RMVG-00005,KG,Rupiah,,PLS202509010002,2987,364,1,"{""type"":""ALL"",""branches"":[]}","{""ID"":511,""unit"":""KG"",""price"":70000,""uomID"":364,""priceDate"":""2025-09-01"",""productID"":1200,""currencyID"":1,""expireDate"":null,""supplierID"":5,""productCode"":""RMVG-00005"",""productName"":""CABE MERAH KERITING"",""currencyName"":""Rupiah"",""pricelistNum"":""PLS202509010002"",""supplierName"":""Calf Warehouse"",""productDetailID"":2987,""applicableBranch"":{""type"":""ALL"",""branches"":[]}}",2026-08-21 18:25:34.864397+00,2026-08-28 06:30:26.485137+00
235,1,490,1169,ALL,1.03,true,2025-09-01,Calf Warehouse,AIR [non active],RMBV-00019,GR,Rupiah,,PLS202509010002,2909,351,1,"{""type"":""ALL"",""branches"":[]}","{""ID"":490,""unit"":""GR"",""price"":1.03,""uomID"":351,""priceDate"":""2025-09-01"",""productID"":1169,""currencyID"":1,""expireDate"":null,""supplierID"":5,""productCode"":""RMBV-00019"",""productName"":""AIR [non active]"",""currencyName"":""Rupiah"",""pricelistNum"":""PLS202509010002"",""supplierName"":""Calf Warehouse"",""productDetailID"":2909,""applicableBranch"":{""type"":""ALL"",""branches"":[]}}",2026-08-21 18:25:34.864397+00,2026-08-28 06:30:26.485137+00
236,1,448,1443,ALL,756000.00,true,2025-09-01,Calf Warehouse,TISSUE LIVI,KSUT-00019,CTN@24PACK,Rupiah,,PLS202509010002,3584,331,1,"{""type"":""ALL"",""branches"":[]}","{""ID"":448,""unit"":""CTN@24PACK"",""price"":756000,""uomID"":331,""priceDate"":""2025-09-01"",""productID"":1443,""currencyID"":1,""expireDate"":null,""supplierID"":5,""productCode"":""KSUT-00019"",""productName"":""TISSUE LIVI"",""currencyName"":""Rupiah"",""pricelistNum"":""PLS202509010002"",""supplierName"":""Calf Warehouse"",""productDetailID"":3584,""applicableBranch"":{""type"":""ALL"",""branches"":[]}}",2026-08-21 18:25:34.864397+00,2026-08-28 06:30:26.485137+00
237,1,465,1450,ALL,750.00,true,2025-09-01,Calf Warehouse,TRUFFLE OIL 250ML,RMKC-00033,GR,Rupiah,2026-05-31,PLS202509010002,3601,351,1,"{""type"":""ALL"",""branches"":[]}","{""ID"":465,""unit"":""GR"",""price"":750,""uomID"":351,""priceDate"":""2025-09-01"",""productID"":1450,""currencyID"":1,""expireDate"":""2026-05-31"",""supplierID"":5,""productCode"":""RMKC-00033"",""productName"":""TRUFFLE OIL 250ML"",""currencyName"":""Rupiah"",""pricelistNum"":""PLS202509010002"",""supplierName"":""Calf Warehouse"",""productDetailID"":3601,""applicableBranch"":{""type"":""ALL"",""branches"":[]}}",2026-08-21 18:25:34.864397+00,2026-08-28 06:30:26.485137+00
238,1,517,1280,ALL,55000.00,true,2025-09-01,Calf Warehouse,JAMUR CHAMPIGNON,RMVG-00008,KG,Rupiah,,PLS202509010002,3187,364,1,"{""type"":""ALL"",""branches"":[]}","{""ID"":517,""unit"":""KG"",""price"":55000,""uomID"":364,""priceDate"":""2025-09-01"",""productID"":1280,""currencyID"":1,""expireDate"":null,""supplierID"":5,""productCode"":""RMVG-00008"",""productName"":""JAMUR CHAMPIGNON"",""currencyName"":""Rupiah"",""pricelistNum"":""PLS202509010002"",""supplierName"":""Calf Warehouse"",""productDetailID"":3187,""applicableBranch"":{""type"":""ALL"",""branches"":[]}}",2026-08-21 18:25:34.864397+00,2026-08-28 06:30:26.485137+00
239,1,537,1353,ALL,70.83,true,2025-09-01,Calf Warehouse,RICH DOUBLE CREAM 1000ML,RMFR-00054,GR,Rupiah,,PLS202509010002,3363,351,1,"{""type"":""ALL"",""branches"":[]}","{""ID"":537,""unit"":""GR"",""price"":70.83,""uomID"":351,""priceDate"":""2025-09-01"",""productID"":1353,""currencyID"":1,""expireDate"":null,""supplierID"":5,""productCode"":""RMFR-00054"",""productName"":""RICH DOUBLE CREAM 1000ML"",""currencyName"":""Rupiah"",""pricelistNum"":""PLS202509010002"",""supplierName"":""Calf Warehouse"",""productDetailID"":3363,""applicableBranch"":{""type"":""ALL"",""branches"":[]}}",2026-08-21 18:25:34.864397+00,2026-08-28 06:30:26.485137+00
240,1,499,1435,ALL,33000.00,true,2025-09-01,Calf Warehouse,TELUR,RMMT-00004,KG,Rupiah,,PLS202509010002,3567,364,1,"{""type"":""ALL"",""branches"":[]}","{""ID"":499,""unit"":""KG"",""price"":33000,""uomID"":364,""priceDate"":""2025-09-01"",""productID"":1435,""currencyID"":1,""expireDate"":null,""supplierID"":5,""productCode"":""RMMT-00004"",""productName"":""TELUR"",""currencyName"":""Rupiah"",""pricelistNum"":""PLS202509010002"",""supplierName"":""Calf Warehouse"",""productDetailID"":3567,""applicableBranch"":{""type"":""ALL"",""branches"":[]}}",2026-08-21 18:25:34.864397+00,2026-08-28 06:30:26.485137+00
241,1,449,1443,ALL,31500.00,true,2025-09-01,Calf Warehouse,TISSUE LIVI,KSUT-00019,PACK,Rupiah,,PLS202509010002,3583,369,1,"{""type"":""ALL"",""branches"":[]}","{""ID"":449,""unit"":""PACK"",""price"":31500,""uomID"":369,""priceDate"":""2025-09-01"",""productID"":1443,""currencyID"":1,""expireDate"":null,""supplierID"":5,""productCode"":""KSUT-00019"",""productName"":""TISSUE LIVI"",""currencyName"":""Rupiah"",""pricelistNum"":""PLS202509010002"",""supplierName"":""Calf Warehouse"",""productDetailID"":3583,""applicableBranch"":{""type"":""ALL"",""branches"":[]}}",2026-08-21 18:25:34.864397+00,2026-08-28 06:30:26.485137+00
242,1,496,1267,ALL,140.00,true,2025-09-01,Calf Warehouse,GROUND BEEF,RMMT-00002,GR,Rupiah,,PLS202509010002,3154,351,1,"{""type"":""ALL"",""branches"":[]}","{""ID"":496,""unit"":""GR"",""price"":140,""uomID"":351,""priceDate"":""2025-09-01"",""productID"":1267,""currencyID"":1,""expireDate"":null,""supplierID"":5,""productCode"":""RMMT-00002"",""productName"":""GROUND BEEF"",""currencyName"":""Rupiah"",""pricelistNum"":""PLS202509010002"",""supplierName"":""Calf Warehouse"",""productDetailID"":3154,""applicableBranch"":{""type"":""ALL"",""branches"":[]}}",2026-08-21 18:25:34.864397+00,2026-08-28 06:30:26.485137+00
243,1,524,1445,ALL,36.00,true,2025-09-01,Calf Warehouse,TOMAT MERAH,RMVG-00011,GR,Rupiah,,PLS202509010002,3586,351,1,"{""type"":""ALL"",""branches"":[]}","{""ID"":524,""unit"":""GR"",""price"":36,""uomID"":351,""priceDate"":""2025-09-01"",""productID"":1445,""currencyID"":1,""expireDate"":null,""supplierID"":5,""productCode"":""RMVG-00011"",""productName"":""TOMAT MERAH"",""currencyName"":""Rupiah"",""pricelistNum"":""PLS202509010002"",""supplierName"":""Calf Warehouse"",""productDetailID"":3586,""applicableBranch"":{""type"":""ALL"",""branches"":[]}}",2026-08-21 18:25:34.864397+00,2026-08-28 06:30:26.485137+00
244,1,489,1169,ALL,19600.00,true,2025-09-01,Calf Warehouse,AIR [non active],RMBV-00019,GALON@19000GR,Rupiah,,PLS202509010002,2910,350,1,"{""type"":""ALL"",""branches"":[]}","{""ID"":489,""unit"":""GALON@19000GR"",""price"":19600,""uomID"":350,""priceDate"":""2025-09-01"",""productID"":1169,""currencyID"":1,""expireDate"":null,""supplierID"":5,""productCode"":""RMBV-00019"",""productName"":""AIR [non active]"",""currencyName"":""Rupiah"",""pricelistNum"":""PLS202509010002"",""supplierName"":""Calf Warehouse"",""productDetailID"":2910,""applicableBranch"":{""type"":""ALL"",""branches"":[]}}",2026-08-21 18:25:34.864397+00,2026-08-28 06:30:26.485137+00
245,1,503,1177,ALL,90000.00,true,2025-09-01,Calf Warehouse,BAWANG MERAH KUPAS,RMVG-00001,KG,Rupiah,,PLS202509010002,2929,364,1,"{""type"":""ALL"",""branches"":[]}","{""ID"":503,""unit"":""KG"",""price"":90000,""uomID"":364,""priceDate"":""2025-09-01"",""productID"":1177,""currencyID"":1,""expireDate"":null,""supplierID"":5,""productCode"":""RMVG-00001"",""productName"":""BAWANG MERAH KUPAS"",""currencyName"":""Rupiah"",""pricelistNum"":""PLS202509010002"",""supplierName"":""Calf Warehouse"",""productDetailID"":2929,""applicableBranch"":{""type"":""ALL"",""branches"":[]}}",2026-08-21 18:25:34.864397+00,2026-08-28 06:30:26.485137+00
246,1,483,1457,ALL,288.75,true,2025-09-01,Calf Warehouse,TUTUP CUP JEFFERSON & TEA DOME LID,PCPB-00016,PCS,Rupiah,,PLS202509010002,3619,402,1,"{""type"":""ALL"",""branches"":[]}","{""ID"":483,""unit"":""PCS"",""price"":288.75,""uomID"":402,""priceDate"":""2025-09-01"",""productID"":1457,""currencyID"":1,""expireDate"":null,""supplierID"":5,""productCode"":""PCPB-00016"",""productName"":""TUTUP CUP JEFFERSON & TEA DOME LID"",""currencyName"":""Rupiah"",""pricelistNum"":""PLS202509010002"",""supplierName"":""Calf Warehouse"",""productDetailID"":3619,""applicableBranch"":{""type"":""ALL"",""branches"":[]}}",2026-08-21 18:25:34.864397+00,2026-08-28 06:30:26.485137+00
247,1,510,1199,ALL,40.00,true,2025-09-01,Calf Warehouse,CABE HIJAU BESAR,RMVG-00004,GR,Rupiah,,PLS202509010002,2984,351,1,"{""type"":""ALL"",""branches"":[]}","{""ID"":510,""unit"":""GR"",""price"":40,""uomID"":351,""priceDate"":""2025-09-01"",""productID"":1199,""currencyID"":1,""expireDate"":null,""supplierID"":5,""productCode"":""RMVG-00004"",""productName"":""CABE HIJAU BESAR"",""currencyName"":""Rupiah"",""pricelistNum"":""PLS202509010002"",""supplierName"":""Calf Warehouse"",""productDetailID"":2984,""applicableBranch"":{""type"":""ALL"",""branches"":[]}}",2026-08-21 18:25:34.864397+00,2026-08-28 06:30:26.485137+00
248,1,479,1456,ALL,12705.00,true,2025-09-01,Calf Warehouse,TUTUP CUP JEFFERSON & TEA FLAT LID,PCPB-00015,BALL@50PCS,Rupiah,,PLS202509010002,3617,293,1,"{""type"":""ALL"",""branches"":[]}","{""ID"":479,""unit"":""BALL@50PCS"",""price"":12705,""uomID"":293,""priceDate"":""2025-09-01"",""productID"":1456,""currencyID"":1,""expireDate"":null,""supplierID"":5,""productCode"":""PCPB-00015"",""productName"":""TUTUP CUP JEFFERSON & TEA FLAT LID"",""currencyName"":""Rupiah"",""pricelistNum"":""PLS202509010002"",""supplierName"":""Calf Warehouse"",""productDetailID"":3617,""applicableBranch"":{""type"":""ALL"",""branches"":[]}}",2026-08-21 18:25:34.864397+00,2026-08-28 06:30:26.485137+00
249,1,459,1449,ALL,567997.50,true,2025-09-01,Calf Warehouse,TRASH BAG 90X120CM,KSUT-00020,KARUNG@50PACK,Rupiah,,PLS202509010002,3599,363,1,"{""type"":""ALL"",""branches"":[]}","{""ID"":459,""unit"":""KARUNG@50PACK"",""price"":567997.5,""uomID"":363,""priceDate"":""2025-09-01"",""productID"":1449,""currencyID"":1,""expireDate"":null,""supplierID"":5,""productCode"":""KSUT-00020"",""productName"":""TRASH BAG 90X120CM"",""currencyName"":""Rupiah"",""pricelistNum"":""PLS202509010002"",""supplierName"":""Calf Warehouse"",""productDetailID"":3599,""applicableBranch"":{""type"":""ALL"",""branches"":[]}}",2026-08-21 18:25:34.864397+00,2026-08-28 06:30:26.485137+00
250,1,507,1176,ALL,45000.00,true,2025-09-01,Calf Warehouse,BAWANG BOMBAY,RMVG-00003,KG,Rupiah,,PLS202509010002,2927,364,1,"{""type"":""ALL"",""branches"":[]}","{""ID"":507,""unit"":""KG"",""price"":45000,""uomID"":364,""priceDate"":""2025-09-01"",""productID"":1176,""currencyID"":1,""expireDate"":null,""supplierID"":5,""productCode"":""RMVG-00003"",""productName"":""BAWANG BOMBAY"",""currencyName"":""Rupiah"",""pricelistNum"":""PLS202509010002"",""supplierName"":""Calf Warehouse"",""productDetailID"":2927,""applicableBranch"":{""type"":""ALL"",""branches"":[]}}",2026-08-21 18:25:34.864397+00,2026-08-28 06:30:26.485137+00
251,1,468,1454,ALL,7825.25,true,2025-09-01,Calf Warehouse,TUTUP CUP FROSTED,PCPB-00011,BALL@25PCS,Rupiah,,PLS202509010002,3611,291,1,"{""type"":""ALL"",""branches"":[]}","{""ID"":468,""unit"":""BALL@25PCS"",""price"":7825.25,""uomID"":291,""priceDate"":""2025-09-01"",""productID"":1454,""currencyID"":1,""expireDate"":null,""supplierID"":5,""productCode"":""PCPB-00011"",""productName"":""TUTUP CUP FROSTED"",""currencyName"":""Rupiah"",""pricelistNum"":""PLS202509010002"",""supplierName"":""Calf Warehouse"",""productDetailID"":3611,""applicableBranch"":{""type"":""ALL"",""branches"":[]}}",2026-08-21 18:25:34.864397+00,2026-08-28 06:30:26.485137+00
252,1,497,1174,ALL,60000.00,true,2025-09-01,Calf Warehouse,AYAM PAHA FILLET,RMMT-00003,KG,Rupiah,2026-07-12,PLS202509010002,2922,364,1,"{""type"":""ALL"",""branches"":[]}","{""ID"":497,""unit"":""KG"",""price"":60000,""uomID"":364,""priceDate"":""2025-09-01"",""productID"":1174,""currencyID"":1,""expireDate"":""2026-07-12"",""supplierID"":5,""productCode"":""RMMT-00003"",""productName"":""AYAM PAHA FILLET"",""currencyName"":""Rupiah"",""pricelistNum"":""PLS202509010002"",""supplierName"":""Calf Warehouse"",""productDetailID"":2922,""applicableBranch"":{""type"":""ALL"",""branches"":[]}}",2026-08-21 18:25:34.864397+00,2026-08-28 06:30:26.485137+00
253,1,458,1448,ALL,82.03,true,2025-09-01,Calf Warehouse,TOPPING TULIP CHOCO CHUNKS 1000GR,RMBV-00017,GR,Rupiah,,PLS202509010002,3594,351,1,"{""type"":""ALL"",""branches"":[]}","{""ID"":458,""unit"":""GR"",""price"":82.03,""uomID"":351,""priceDate"":""2025-09-01"",""productID"":1448,""currencyID"":1,""expireDate"":null,""supplierID"":5,""productCode"":""RMBV-00017"",""productName"":""TOPPING TULIP CHOCO CHUNKS 1000GR"",""currencyName"":""Rupiah"",""pricelistNum"":""PLS202509010002"",""supplierName"":""Calf Warehouse"",""productDetailID"":3594,""applicableBranch"":{""type"":""ALL"",""branches"":[]}}",2026-08-21 18:25:34.864397+00,2026-08-28 06:30:26.485137+00
254,1,461,1449,ALL,11359.95,true,2025-09-01,Calf Warehouse,TRASH BAG 90X120CM,KSUT-00020,PACK@6PCS,Rupiah,,PLS202509010002,3598,393,1,"{""type"":""ALL"",""branches"":[]}","{""ID"":461,""unit"":""PACK@6PCS"",""price"":11359.95,""uomID"":393,""priceDate"":""2025-09-01"",""productID"":1449,""currencyID"":1,""expireDate"":null,""supplierID"":5,""productCode"":""KSUT-00020"",""productName"":""TRASH BAG 90X120CM"",""currencyName"":""Rupiah"",""pricelistNum"":""PLS202509010002"",""supplierName"":""Calf Warehouse"",""productDetailID"":3598,""applicableBranch"":{""type"":""ALL"",""branches"":[]}}",2026-08-21 18:25:34.864397+00,2026-08-28 06:30:26.485137+00
255,1,446,1439,ALL,25078.00,true,2025-09-01,Calf Warehouse,THINWALL 650ML,KSUK-00007,PACK@25PCS,Rupiah,,PLS202509010002,3578,382,1,"{""type"":""ALL"",""branches"":[]}","{""ID"":446,""unit"":""PACK@25PCS"",""price"":25078,""uomID"":382,""priceDate"":""2025-09-01"",""productID"":1439,""currencyID"":1,""expireDate"":null,""supplierID"":5,""productCode"":""KSUK-00007"",""productName"":""THINWALL 650ML"",""currencyName"":""Rupiah"",""pricelistNum"":""PLS202509010002"",""supplierName"":""Calf Warehouse"",""productDetailID"":3578,""applicableBranch"":{""type"":""ALL"",""branches"":[]}}",2026-08-21 18:25:34.864397+00,2026-08-28 06:30:26.485137+00
256,1,469,1454,ALL,313.01,true,2025-09-01,Calf Warehouse,TUTUP CUP FROSTED,PCPB-00011,PCS,Rupiah,,PLS202509010002,3610,402,1,"{""type"":""ALL"",""branches"":[]}","{""ID"":469,""unit"":""PCS"",""price"":313.01,""uomID"":402,""priceDate"":""2025-09-01"",""productID"":1454,""currencyID"":1,""expireDate"":null,""supplierID"":5,""productCode"":""PCPB-00011"",""productName"":""TUTUP CUP FROSTED"",""currencyName"":""Rupiah"",""pricelistNum"":""PLS202509010002"",""supplierName"":""Calf Warehouse"",""productDetailID"":3610,""applicableBranch"":{""type"":""ALL"",""branches"":[]}}",2026-08-21 18:25:34.864397+00,2026-08-28 06:30:26.485137+00
257,1,476,1455,ALL,27500.00,true,2025-09-01,Calf Warehouse,TUTUP CUP HOT,PCPB-00014,BALL@50PCS,Rupiah,,PLS202509010002,3614,293,1,"{""type"":""ALL"",""branches"":[]}","{""ID"":476,""unit"":""BALL@50PCS"",""price"":27500,""uomID"":293,""priceDate"":""2025-09-01"",""productID"":1455,""currencyID"":1,""expireDate"":null,""supplierID"":5,""productCode"":""PCPB-00014"",""productName"":""TUTUP CUP HOT"",""currencyName"":""Rupiah"",""pricelistNum"":""PLS202509010002"",""supplierName"":""Calf Warehouse"",""productDetailID"":3614,""applicableBranch"":{""type"":""ALL"",""branches"":[]}}",2026-08-21 18:25:34.864397+00,2026-08-28 06:30:26.485137+00
258,1,456,1448,ALL,820300.00,true,2025-09-01,Calf Warehouse,TOPPING TULIP CHOCO CHUNKS 1000GR,RMBV-00017,CTN@10PACK,Rupiah,,PLS202509010002,3596,315,1,"{""type"":""ALL"",""branches"":[]}","{""ID"":456,""unit"":""CTN@10PACK"",""price"":820300,""uomID"":315,""priceDate"":""2025-09-01"",""productID"":1448,""currencyID"":1,""expireDate"":null,""supplierID"":5,""productCode"":""RMBV-00017"",""productName"":""TOPPING TULIP CHOCO CHUNKS 1000GR"",""currencyName"":""Rupiah"",""pricelistNum"":""PLS202509010002"",""supplierName"":""Calf Warehouse"",""productDetailID"":3596,""applicableBranch"":{""type"":""ALL"",""branches"":[]}}",2026-08-21 18:25:34.864397+00,2026-08-28 06:30:26.485137+00
259,1,530,1312,ALL,56000.00,true,2025-09-01,Calf Warehouse,LIPTON EARL GREY,RMBV-00021,PACK@25PCS,Rupiah,,PLS202509010002,3260,382,1,"{""type"":""ALL"",""branches"":[]}","{""ID"":530,""unit"":""PACK@25PCS"",""price"":56000,""uomID"":382,""priceDate"":""2025-09-01"",""productID"":1312,""currencyID"":1,""expireDate"":null,""supplierID"":5,""productCode"":""RMBV-00021"",""productName"":""LIPTON EARL GREY"",""currencyName"":""Rupiah"",""pricelistNum"":""PLS202509010002"",""supplierName"":""Calf Warehouse"",""productDetailID"":3260,""applicableBranch"":{""type"":""ALL"",""branches"":[]}}",2026-08-21 18:25:34.864397+00,2026-08-28 06:30:26.485137+00
260,1,542,1360,ALL,43500.00,true,2025-09-01,Calf Warehouse,SABUN PEMBERSIH LANTAI,GNCH-00003,JRG,Rupiah,,PLS202509010002,3377,355,1,"{""type"":""ALL"",""branches"":[]}","{""ID"":542,""unit"":""JRG"",""price"":43500,""uomID"":355,""priceDate"":""2025-09-01"",""productID"":1360,""currencyID"":1,""expireDate"":null,""supplierID"":5,""productCode"":""GNCH-00003"",""productName"":""SABUN PEMBERSIH LANTAI"",""currencyName"":""Rupiah"",""pricelistNum"":""PLS202509010002"",""supplierName"":""Calf Warehouse"",""productDetailID"":3377,""applicableBranch"":{""type"":""ALL"",""branches"":[]}}",2026-08-21 18:25:34.864397+00,2026-08-28 06:30:26.485137+00
261,1,521,1381,ALL,40000.00,true,2025-09-01,Calf Warehouse,SELADA KERITING HIJAU,RMVG-00010,KG,Rupiah,,PLS202509010002,3432,364,1,"{""type"":""ALL"",""branches"":[]}","{""ID"":521,""unit"":""KG"",""price"":40000,""uomID"":364,""priceDate"":""2025-09-01"",""productID"":1381,""currencyID"":1,""expireDate"":null,""supplierID"":5,""productCode"":""RMVG-00010"",""productName"":""SELADA KERITING HIJAU"",""currencyName"":""Rupiah"",""pricelistNum"":""PLS202509010002"",""supplierName"":""Calf Warehouse"",""productDetailID"":3432,""applicableBranch"":{""type"":""ALL"",""branches"":[]}}",2026-08-21 18:25:34.864397+00,2026-08-28 06:30:26.485137+00
262,1,531,1312,ALL,2240.00,true,2025-09-01,Calf Warehouse,LIPTON EARL GREY,RMBV-00021,PCS,Rupiah,,PLS202509010002,3259,402,1,"{""type"":""ALL"",""branches"":[]}","{""ID"":531,""unit"":""PCS"",""price"":2240,""uomID"":402,""priceDate"":""2025-09-01"",""productID"":1312,""currencyID"":1,""expireDate"":null,""supplierID"":5,""productCode"":""RMBV-00021"",""productName"":""LIPTON EARL GREY"",""currencyName"":""Rupiah"",""pricelistNum"":""PLS202509010002"",""supplierName"":""Calf Warehouse"",""productDetailID"":3259,""applicableBranch"":{""type"":""ALL"",""branches"":[]}}",2026-08-21 18:25:34.864397+00,2026-08-28 06:30:26.485137+00
263,1,520,1321,ALL,1800.00,true,2025-09-01,Calf Warehouse,PISANG SISIR MERAH,RMVG-00009,PCS,Rupiah,,PLS202509010002,3281,402,1,"{""type"":""ALL"",""branches"":[]}","{""ID"":520,""unit"":""PCS"",""price"":1800,""uomID"":402,""priceDate"":""2025-09-01"",""productID"":1321,""currencyID"":1,""expireDate"":null,""supplierID"":5,""productCode"":""RMVG-00009"",""productName"":""PISANG SISIR MERAH"",""currencyName"":""Rupiah"",""pricelistNum"":""PLS202509010002"",""supplierName"":""Calf Warehouse"",""productDetailID"":3281,""applicableBranch"":{""type"":""ALL"",""branches"":[]}}",2026-08-21 18:25:34.864397+00,2026-08-28 06:30:26.485137+00
264,1,450,1446,ALL,803250.00,true,2025-09-01,Calf Warehouse,TOPPING CERES MEISES,RMKC-00032,CTN@15PACK,Rupiah,,PLS202509010002,3590,322,1,"{""type"":""ALL"",""branches"":[]}","{""ID"":450,""unit"":""CTN@15PACK"",""price"":803250,""uomID"":322,""priceDate"":""2025-09-01"",""productID"":1446,""currencyID"":1,""expireDate"":null,""supplierID"":5,""productCode"":""RMKC-00032"",""productName"":""TOPPING CERES MEISES"",""currencyName"":""Rupiah"",""pricelistNum"":""PLS202509010002"",""supplierName"":""Calf Warehouse"",""productDetailID"":3590,""applicableBranch"":{""type"":""ALL"",""branches"":[]}}",2026-08-21 18:25:34.864397+00,2026-08-28 06:30:26.485137+00
265,1,519,1321,ALL,27000.00,true,2025-09-01,Calf Warehouse,PISANG SISIR MERAH,RMVG-00009,SISIR@15PCS,Rupiah,,PLS202509010002,3282,438,1,"{""type"":""ALL"",""branches"":[]}","{""ID"":519,""unit"":""SISIR@15PCS"",""price"":27000,""uomID"":438,""priceDate"":""2025-09-01"",""productID"":1321,""currencyID"":1,""expireDate"":null,""supplierID"":5,""productCode"":""RMVG-00009"",""productName"":""PISANG SISIR MERAH"",""currencyName"":""Rupiah"",""pricelistNum"":""PLS202509010002"",""supplierName"":""Calf Warehouse"",""productDetailID"":3282,""applicableBranch"":{""type"":""ALL"",""branches"":[]}}",2026-08-21 18:25:34.864397+00,2026-08-28 06:30:26.485137+00
266,1,445,1439,ALL,501560.00,true,2025-09-01,Calf Warehouse,THINWALL 650ML,KSUK-00007,CTN@500PACK,Rupiah,,PLS202509010002,3579,340,1,"{""type"":""ALL"",""branches"":[]}","{""ID"":445,""unit"":""CTN@500PACK"",""price"":501560,""uomID"":340,""priceDate"":""2025-09-01"",""productID"":1439,""currencyID"":1,""expireDate"":null,""supplierID"":5,""productCode"":""KSUK-00007"",""productName"":""THINWALL 650ML"",""currencyName"":""Rupiah"",""pricelistNum"":""PLS202509010002"",""supplierName"":""Calf Warehouse"",""productDetailID"":3579,""applicableBranch"":{""type"":""ALL"",""branches"":[]}}",2026-08-21 18:25:34.864397+00,2026-08-28 06:30:26.485137+00
267,1,513,1201,ALL,60000.00,true,2025-09-01,Calf Warehouse,CABE RAWIT MERAH,RMVG-00006,KG,Rupiah,,PLS202509010002,2989,364,1,"{""type"":""ALL"",""branches"":[]}","{""ID"":513,""unit"":""KG"",""price"":60000,""uomID"":364,""priceDate"":""2025-09-01"",""productID"":1201,""currencyID"":1,""expireDate"":null,""supplierID"":5,""productCode"":""RMVG-00006"",""productName"":""CABE RAWIT MERAH"",""currencyName"":""Rupiah"",""pricelistNum"":""PLS202509010002"",""supplierName"":""Calf Warehouse"",""productDetailID"":2989,""applicableBranch"":{""type"":""ALL"",""branches"":[]}}",2026-08-21 18:25:34.864397+00,2026-08-28 06:30:26.485137+00
268,1,512,1200,ALL,70.00,true,2025-09-01,Calf Warehouse,CABE MERAH KERITING,RMVG-00005,GR,Rupiah,,PLS202509010002,2986,351,1,"{""type"":""ALL"",""branches"":[]}","{""ID"":512,""unit"":""GR"",""price"":70,""uomID"":351,""priceDate"":""2025-09-01"",""productID"":1200,""currencyID"":1,""expireDate"":null,""supplierID"":5,""productCode"":""RMVG-00005"",""productName"":""CABE MERAH KERITING"",""currencyName"":""Rupiah"",""pricelistNum"":""PLS202509010002"",""supplierName"":""Calf Warehouse"",""productDetailID"":2986,""applicableBranch"":{""type"":""ALL"",""branches"":[]}}",2026-08-21 18:25:34.864397+00,2026-08-28 06:30:26.485137+00
269,1,451,1446,ALL,53550.00,true,2025-09-01,Calf Warehouse,TOPPING CERES MEISES,RMKC-00032,PACK@320GR,Rupiah,,PLS202509010002,3589,447,1,"{""type"":""ALL"",""branches"":[]}","{""ID"":451,""unit"":""PACK@320GR"",""price"":53550,""uomID"":447,""priceDate"":""2025-09-01"",""productID"":1446,""currencyID"":1,""expireDate"":null,""supplierID"":5,""productCode"":""RMKC-00032"",""productName"":""TOPPING CERES MEISES"",""currencyName"":""Rupiah"",""pricelistNum"":""PLS202509010002"",""supplierName"":""Calf Warehouse"",""productDetailID"":3589,""applicableBranch"":{""type"":""ALL"",""branches"":[]}}",2026-08-21 18:25:34.864397+00,2026-08-28 06:30:26.485137+00
270,1,492,1236,ALL,1.00,true,2025-09-01,Calf Warehouse,ES SERUT [non active],RMBV-00020,GR,Rupiah,,PLS202509010002,3072,351,1,"{""type"":""ALL"",""branches"":[]}","{""ID"":492,""unit"":""GR"",""price"":1,""uomID"":351,""priceDate"":""2025-09-01"",""productID"":1236,""currencyID"":1,""expireDate"":null,""supplierID"":5,""productCode"":""RMBV-00020"",""productName"":""ES SERUT [non active]"",""currencyName"":""Rupiah"",""pricelistNum"":""PLS202509010002"",""supplierName"":""Calf Warehouse"",""productDetailID"":3072,""applicableBranch"":{""type"":""ALL"",""branches"":[]}}",2026-08-21 18:25:34.864397+00,2026-08-28 06:30:26.485137+00
271,1,493,1183,ALL,138000.00,true,2025-09-01,Calf Warehouse,BEEF SHORTPLATE,RMMT-00001,KG,Rupiah,,PLS202509010002,2945,364,1,"{""type"":""ALL"",""branches"":[]}","{""ID"":493,""unit"":""KG"",""price"":138000,""uomID"":364,""priceDate"":""2025-09-01"",""productID"":1183,""currencyID"":1,""expireDate"":null,""supplierID"":5,""productCode"":""RMMT-00001"",""productName"":""BEEF SHORTPLATE"",""currencyName"":""Rupiah"",""pricelistNum"":""PLS202509010002"",""supplierName"":""Calf Warehouse"",""productDetailID"":2945,""applicableBranch"":{""type"":""ALL"",""branches"":[]}}",2026-08-21 18:25:34.864397+00,2026-08-28 06:30:26.485137+00
272,1,495,1267,ALL,140000.00,true,2025-09-01,Calf Warehouse,GROUND BEEF,RMMT-00002,KG,Rupiah,,PLS202509010002,3155,364,1,"{""type"":""ALL"",""branches"":[]}","{""ID"":495,""unit"":""KG"",""price"":140000,""uomID"":364,""priceDate"":""2025-09-01"",""productID"":1267,""currencyID"":1,""expireDate"":null,""supplierID"":5,""productCode"":""RMMT-00002"",""productName"":""GROUND BEEF"",""currencyName"":""Rupiah"",""pricelistNum"":""PLS202509010002"",""supplierName"":""Calf Warehouse"",""productDetailID"":3155,""applicableBranch"":{""type"":""ALL"",""branches"":[]}}",2026-08-21 18:25:34.864397+00,2026-08-28 06:30:26.485137+00
273,1,504,1177,ALL,90.00,true,2025-09-01,Calf Warehouse,BAWANG MERAH KUPAS,RMVG-00001,GR,Rupiah,,PLS202509010002,2928,351,1,"{""type"":""ALL"",""branches"":[]}","{""ID"":504,""unit"":""GR"",""price"":90,""uomID"":351,""priceDate"":""2025-09-01"",""productID"":1177,""currencyID"":1,""expireDate"":null,""supplierID"":5,""productCode"":""RMVG-00001"",""productName"":""BAWANG MERAH KUPAS"",""currencyName"":""Rupiah"",""pricelistNum"":""PLS202509010002"",""supplierName"":""Calf Warehouse"",""productDetailID"":2928,""applicableBranch"":{""type"":""ALL"",""branches"":[]}}",2026-08-21 18:25:34.864397+00,2026-08-28 06:30:26.485137+00
274,1,484,1458,ALL,1.00,true,2025-09-01,Calf Warehouse,TUTUP KALENG 250ML,PCPB-00018,PCS,Rupiah,,PLS202509010002,3622,402,1,"{""type"":""ALL"",""branches"":[]}","{""ID"":484,""unit"":""PCS"",""price"":1,""uomID"":402,""priceDate"":""2025-09-01"",""productID"":1458,""currencyID"":1,""expireDate"":null,""supplierID"":5,""productCode"":""PCPB-00018"",""productName"":""TUTUP KALENG 250ML"",""currencyName"":""Rupiah"",""pricelistNum"":""PLS202509010002"",""supplierName"":""Calf Warehouse"",""productDetailID"":3622,""applicableBranch"":{""type"":""ALL"",""branches"":[]}}",2026-08-21 18:25:34.864397+00,2026-08-28 06:30:26.485137+00
275,1,485,1459,ALL,1.00,true,2025-09-01,Calf Warehouse,TUTUP KALENG 330ML,PCPB-00017,PCS,Rupiah,,PLS202509010002,3623,402,1,"{""type"":""ALL"",""branches"":[]}","{""ID"":485,""unit"":""PCS"",""price"":1,""uomID"":402,""priceDate"":""2025-09-01"",""productID"":1459,""currencyID"":1,""expireDate"":null,""supplierID"":5,""productCode"":""PCPB-00017"",""productName"":""TUTUP KALENG 330ML"",""currencyName"":""Rupiah"",""pricelistNum"":""PLS202509010002"",""supplierName"":""Calf Warehouse"",""productDetailID"":3623,""applicableBranch"":{""type"":""ALL"",""branches"":[]}}",2026-08-21 18:25:34.864397+00,2026-08-28 06:30:26.485137+00
276,1,481,1457,ALL,144375.00,true,2025-09-01,Calf Warehouse,TUTUP CUP JEFFERSON & TEA DOME LID,PCPB-00016,CTN@20PACK,Rupiah,,PLS202509010002,3621,326,1,"{""type"":""ALL"",""branches"":[]}","{""ID"":481,""unit"":""CTN@20PACK"",""price"":144375,""uomID"":326,""priceDate"":""2025-09-01"",""productID"":1457,""currencyID"":1,""expireDate"":null,""supplierID"":5,""productCode"":""PCPB-00016"",""productName"":""TUTUP CUP JEFFERSON & TEA DOME LID"",""currencyName"":""Rupiah"",""pricelistNum"":""PLS202509010002"",""supplierName"":""Calf Warehouse"",""productDetailID"":3621,""applicableBranch"":{""type"":""ALL"",""branches"":[]}}",2026-08-21 18:25:34.864397+00,2026-08-28 06:30:26.485137+00
277,1,488,1478,ALL,37.08,true,2025-09-01,Calf Warehouse,UHT OATSIDE 1000ML,RMFR-00024,GR,Rupiah,,PLS202509010002,3678,351,1,"{""type"":""ALL"",""branches"":[]}","{""ID"":488,""unit"":""GR"",""price"":37.08,""uomID"":351,""priceDate"":""2025-09-01"",""productID"":1478,""currencyID"":1,""expireDate"":null,""supplierID"":5,""productCode"":""RMFR-00024"",""productName"":""UHT OATSIDE 1000ML"",""currencyName"":""Rupiah"",""pricelistNum"":""PLS202509010002"",""supplierName"":""Calf Warehouse"",""productDetailID"":3678,""applicableBranch"":{""type"":""ALL"",""branches"":[]}}",2026-08-21 18:25:34.864397+00,2026-08-28 06:30:26.485137+00
278,1,477,1455,ALL,550.00,true,2025-09-01,Calf Warehouse,TUTUP CUP HOT,PCPB-00014,PCS,Rupiah,,PLS202509010002,3613,402,1,"{""type"":""ALL"",""branches"":[]}","{""ID"":477,""unit"":""PCS"",""price"":550,""uomID"":402,""priceDate"":""2025-09-01"",""productID"":1455,""currencyID"":1,""expireDate"":null,""supplierID"":5,""productCode"":""PCPB-00014"",""productName"":""TUTUP CUP HOT"",""currencyName"":""Rupiah"",""pricelistNum"":""PLS202509010002"",""supplierName"":""Calf Warehouse"",""productDetailID"":3613,""applicableBranch"":{""type"":""ALL"",""branches"":[]}}",2026-08-21 18:25:34.864397+00,2026-08-28 06:30:26.485137+00
279,1,478,1456,ALL,254100.00,true,2025-09-01,Calf Warehouse,TUTUP CUP JEFFERSON & TEA FLAT LID,PCPB-00015,CTN@20BALL,Rupiah,,PLS202509010002,3618,325,1,"{""type"":""ALL"",""branches"":[]}","{""ID"":478,""unit"":""CTN@20BALL"",""price"":254100,""uomID"":325,""priceDate"":""2025-09-01"",""productID"":1456,""currencyID"":1,""expireDate"":null,""supplierID"":5,""productCode"":""PCPB-00015"",""productName"":""TUTUP CUP JEFFERSON & TEA FLAT LID"",""currencyName"":""Rupiah"",""pricelistNum"":""PLS202509010002"",""supplierName"":""Calf Warehouse"",""productDetailID"":3618,""applicableBranch"":{""type"":""ALL"",""branches"":[]}}",2026-08-21 18:25:34.864397+00,2026-08-28 06:30:26.485137+00
280,1,482,1457,ALL,7218.75,true,2025-09-01,Calf Warehouse,TUTUP CUP JEFFERSON & TEA DOME LID,PCPB-00016,PACK@25PCS,Rupiah,,PLS202509010002,3620,382,1,"{""type"":""ALL"",""branches"":[]}","{""ID"":482,""unit"":""PACK@25PCS"",""price"":7218.75,""uomID"":382,""priceDate"":""2025-09-01"",""productID"":1457,""currencyID"":1,""expireDate"":null,""supplierID"":5,""productCode"":""PCPB-00016"",""productName"":""TUTUP CUP JEFFERSON & TEA DOME LID"",""currencyName"":""Rupiah"",""pricelistNum"":""PLS202509010002"",""supplierName"":""Calf Warehouse"",""productDetailID"":3620,""applicableBranch"":{""type"":""ALL"",""branches"":[]}}",2026-08-21 18:25:34.864397+00,2026-08-28 06:30:26.485137+00
281,1,480,1456,ALL,254.10,true,2025-09-01,Calf Warehouse,TUTUP CUP JEFFERSON & TEA FLAT LID,PCPB-00015,PCS,Rupiah,,PLS202509010002,3616,402,1,"{""type"":""ALL"",""branches"":[]}","{""ID"":480,""unit"":""PCS"",""price"":254.1,""uomID"":402,""priceDate"":""2025-09-01"",""productID"":1456,""currencyID"":1,""expireDate"":null,""supplierID"":5,""productCode"":""PCPB-00015"",""productName"":""TUTUP CUP JEFFERSON & TEA FLAT LID"",""currencyName"":""Rupiah"",""pricelistNum"":""PLS202509010002"",""supplierName"":""Calf Warehouse"",""productDetailID"":3616,""applicableBranch"":{""type"":""ALL"",""branches"":[]}}",2026-08-21 18:25:34.864397+00,2026-08-28 06:30:26.485137+00
282,1,487,1478,ALL,37080.00,true,2025-09-01,Calf Warehouse,UHT OATSIDE 1000ML,RMFR-00024,PCS@1000GR,Rupiah,,PLS202509010002,3679,403,1,"{""type"":""ALL"",""branches"":[]}","{""ID"":487,""unit"":""PCS@1000GR"",""price"":37080,""uomID"":403,""priceDate"":""2025-09-01"",""productID"":1478,""currencyID"":1,""expireDate"":null,""supplierID"":5,""productCode"":""RMFR-00024"",""productName"":""UHT OATSIDE 1000ML"",""currencyName"":""Rupiah"",""pricelistNum"":""PLS202509010002"",""supplierName"":""Calf Warehouse"",""productDetailID"":3679,""applicableBranch"":{""type"":""ALL"",""branches"":[]}}",2026-08-21 18:25:34.864397+00,2026-08-28 06:30:26.485137+00
283,1,514,1201,ALL,60.00,true,2025-09-01,Calf Warehouse,CABE RAWIT MERAH,RMVG-00006,GR,Rupiah,,PLS202509010002,2988,351,1,"{""type"":""ALL"",""branches"":[]}","{""ID"":514,""unit"":""GR"",""price"":60,""uomID"":351,""priceDate"":""2025-09-01"",""productID"":1201,""currencyID"":1,""expireDate"":null,""supplierID"":5,""productCode"":""RMVG-00006"",""productName"":""CABE RAWIT MERAH"",""currencyName"":""Rupiah"",""pricelistNum"":""PLS202509010002"",""supplierName"":""Calf Warehouse"",""productDetailID"":2988,""applicableBranch"":{""type"":""ALL"",""branches"":[]}}",2026-08-21 18:25:34.864397+00,2026-08-28 06:30:26.485137+00
284,1,463,1450,ALL,2250000.00,true,2025-09-01,Calf Warehouse,TRUFFLE OIL 250ML,RMKC-00033,CTN@12BTL,Rupiah,2026-05-31,PLS202509010002,3603,317,1,"{""type"":""ALL"",""branches"":[]}","{""ID"":463,""unit"":""CTN@12BTL"",""price"":2250000,""uomID"":317,""priceDate"":""2025-09-01"",""productID"":1450,""currencyID"":1,""expireDate"":""2026-05-31"",""supplierID"":5,""productCode"":""RMKC-00033"",""productName"":""TRUFFLE OIL 250ML"",""currencyName"":""Rupiah"",""pricelistNum"":""PLS202509010002"",""supplierName"":""Calf Warehouse"",""productDetailID"":3603,""applicableBranch"":{""type"":""ALL"",""branches"":[]}}",2026-08-21 18:25:34.864397+00,2026-08-28 06:30:26.485137+00
285,1,473,1453,ALL,10400.00,true,2025-09-01,Calf Warehouse,TUTUP CUP ES,PCPB-00013,BALL@50PCS,Rupiah,,PLS202509010002,3608,293,1,"{""type"":""ALL"",""branches"":[]}","{""ID"":473,""unit"":""BALL@50PCS"",""price"":10400,""uomID"":293,""priceDate"":""2025-09-01"",""productID"":1453,""currencyID"":1,""expireDate"":null,""supplierID"":5,""productCode"":""PCPB-00013"",""productName"":""TUTUP CUP ES"",""currencyName"":""Rupiah"",""pricelistNum"":""PLS202509010002"",""supplierName"":""Calf Warehouse"",""productDetailID"":3608,""applicableBranch"":{""type"":""ALL"",""branches"":[]}}",2026-08-21 18:25:34.864397+00,2026-08-28 06:30:26.485137+00
286,1,470,1452,ALL,5250.00,true,2025-09-01,Calf Warehouse,TUTUP BOTOL KALE 1000ML,PCPB-00012,BALL@50PCS,Rupiah,,PLS202509010002,3606,293,1,"{""type"":""ALL"",""branches"":[]}","{""ID"":470,""unit"":""BALL@50PCS"",""price"":5250,""uomID"":293,""priceDate"":""2025-09-01"",""productID"":1452,""currencyID"":1,""expireDate"":null,""supplierID"":5,""productCode"":""PCPB-00012"",""productName"":""TUTUP BOTOL KALE 1000ML"",""currencyName"":""Rupiah"",""pricelistNum"":""PLS202509010002"",""supplierName"":""Calf Warehouse"",""productDetailID"":3606,""applicableBranch"":{""type"":""ALL"",""branches"":[]}}",2026-08-21 18:25:34.864397+00,2026-08-28 06:30:26.485137+00
287,1,460,1449,ALL,1135995.00,true,2025-09-01,Calf Warehouse,TRASH BAG 90X120CM,KSUT-00020,KARUNG@100PACK,Rupiah,,PLS202509010002,3600,359,1,"{""type"":""ALL"",""branches"":[]}","{""ID"":460,""unit"":""KARUNG@100PACK"",""price"":1135995,""uomID"":359,""priceDate"":""2025-09-01"",""productID"":1449,""currencyID"":1,""expireDate"":null,""supplierID"":5,""productCode"":""KSUT-00020"",""productName"":""TRASH BAG 90X120CM"",""currencyName"":""Rupiah"",""pricelistNum"":""PLS202509010002"",""supplierName"":""Calf Warehouse"",""productDetailID"":3600,""applicableBranch"":{""type"":""ALL"",""branches"":[]}}",2026-08-21 18:25:34.864397+00,2026-08-28 06:30:26.485137+00
288,1,466,1451,ALL,135000.00,true,2025-09-01,Calf Warehouse,TUMBLR SEVENTEEN,KSUT-00022,PCS,Rupiah,,PLS202509010002,3604,402,1,"{""type"":""ALL"",""branches"":[]}","{""ID"":466,""unit"":""PCS"",""price"":135000,""uomID"":402,""priceDate"":""2025-09-01"",""productID"":1451,""currencyID"":1,""expireDate"":null,""supplierID"":5,""productCode"":""KSUT-00022"",""productName"":""TUMBLR SEVENTEEN"",""currencyName"":""Rupiah"",""pricelistNum"":""PLS202509010002"",""supplierName"":""Calf Warehouse"",""productDetailID"":3604,""applicableBranch"":{""type"":""ALL"",""branches"":[]}}",2026-08-21 18:25:34.864397+00,2026-08-28 06:30:26.485137+00
289,1,455,1447,ALL,46.34,true,2025-09-01,Calf Warehouse,TOPPING SIMBA CHOCO CRUNCH 950GR,RMDG-00005,GR,Rupiah,,PLS202509010002,3591,351,1,"{""type"":""ALL"",""branches"":[]}","{""ID"":455,""unit"":""GR"",""price"":46.34,""uomID"":351,""priceDate"":""2025-09-01"",""productID"":1447,""currencyID"":1,""expireDate"":null,""supplierID"":5,""productCode"":""RMDG-00005"",""productName"":""TOPPING SIMBA CHOCO CRUNCH 950GR"",""currencyName"":""Rupiah"",""pricelistNum"":""PLS202509010002"",""supplierName"":""Calf Warehouse"",""productDetailID"":3591,""applicableBranch"":{""type"":""ALL"",""branches"":[]}}",2026-08-21 18:25:34.864397+00,2026-08-28 06:30:26.485137+00
290,1,444,1438,ALL,15.44,true,2025-09-01,Calf Warehouse,TEPUNG TERIGU 1000GR,RMKC-00031,GR,Rupiah,,PLS202509010002,3574,351,1,"{""type"":""ALL"",""branches"":[]}","{""ID"":444,""unit"":""GR"",""price"":15.44,""uomID"":351,""priceDate"":""2025-09-01"",""productID"":1438,""currencyID"":1,""expireDate"":null,""supplierID"":5,""productCode"":""RMKC-00031"",""productName"":""TEPUNG TERIGU 1000GR"",""currencyName"":""Rupiah"",""pricelistNum"":""PLS202509010002"",""supplierName"":""Calf Warehouse"",""productDetailID"":3574,""applicableBranch"":{""type"":""ALL"",""branches"":[]}}",2026-08-21 18:25:34.864397+00,2026-08-28 06:30:26.485137+00
291,1,454,1447,ALL,44020.00,true,2025-09-01,Calf Warehouse,TOPPING SIMBA CHOCO CRUNCH 950GR,RMDG-00005,PACK@950GR,Rupiah,,PLS202509010002,3592,397,1,"{""type"":""ALL"",""branches"":[]}","{""ID"":454,""unit"":""PACK@950GR"",""price"":44020,""uomID"":397,""priceDate"":""2025-09-01"",""productID"":1447,""currencyID"":1,""expireDate"":null,""supplierID"":5,""productCode"":""RMDG-00005"",""productName"":""TOPPING SIMBA CHOCO CRUNCH 950GR"",""currencyName"":""Rupiah"",""pricelistNum"":""PLS202509010002"",""supplierName"":""Calf Warehouse"",""productDetailID"":3592,""applicableBranch"":{""type"":""ALL"",""branches"":[]}}",2026-08-21 18:25:34.864397+00,2026-08-28 06:30:26.485137+00
292,1,541,1359,ALL,43500.00,true,2025-09-01,Calf Warehouse,SABUN PEMBERSIH KACA,GNCH-00002,JRG,Rupiah,,PLS202509010002,3376,355,1,"{""type"":""ALL"",""branches"":[]}","{""ID"":541,""unit"":""JRG"",""price"":43500,""uomID"":355,""priceDate"":""2025-09-01"",""productID"":1359,""currencyID"":1,""expireDate"":null,""supplierID"":5,""productCode"":""GNCH-00002"",""productName"":""SABUN PEMBERSIH KACA"",""currencyName"":""Rupiah"",""pricelistNum"":""PLS202509010002"",""supplierName"":""Calf Warehouse"",""productDetailID"":3376,""applicableBranch"":{""type"":""ALL"",""branches"":[]}}",2026-08-21 18:25:34.864397+00,2026-08-28 06:30:26.485137+00
293,1,447,1439,ALL,1003.12,true,2025-09-01,Calf Warehouse,THINWALL 650ML,KSUK-00007,PCS,Rupiah,,PLS202509010002,3577,402,1,"{""type"":""ALL"",""branches"":[]}","{""ID"":447,""unit"":""PCS"",""price"":1003.12,""uomID"":402,""priceDate"":""2025-09-01"",""productID"":1439,""currencyID"":1,""expireDate"":null,""supplierID"":5,""productCode"":""KSUK-00007"",""productName"":""THINWALL 650ML"",""currencyName"":""Rupiah"",""pricelistNum"":""PLS202509010002"",""supplierName"":""Calf Warehouse"",""productDetailID"":3577,""applicableBranch"":{""type"":""ALL"",""branches"":[]}}",2026-08-21 18:25:34.864397+00,2026-08-28 06:30:26.485137+00
294,1,452,1446,ALL,107.10,true,2025-09-01,Calf Warehouse,TOPPING CERES MEISES,RMKC-00032,GR,Rupiah,,PLS202509010002,3588,351,1,"{""type"":""ALL"",""branches"":[]}","{""ID"":452,""unit"":""GR"",""price"":107.1,""uomID"":351,""priceDate"":""2025-09-01"",""productID"":1446,""currencyID"":1,""expireDate"":null,""supplierID"":5,""productCode"":""RMKC-00032"",""productName"":""TOPPING CERES MEISES"",""currencyName"":""Rupiah"",""pricelistNum"":""PLS202509010002"",""supplierName"":""Calf Warehouse"",""productDetailID"":3588,""applicableBranch"":{""type"":""ALL"",""branches"":[]}}",2026-08-21 18:25:34.864397+00,2026-08-28 06:30:26.485137+00
295,1,12,1180,ALL,205.00,true,2025-09-01,Calf Central Kitchen,BEANS COLD BREW,RBCB-00001,GR,Rupiah,2027-01-01,PLS202509010001,2935,351,1,"{""type"":""ALL"",""branches"":[]}","{""ID"":12,""unit"":""GR"",""price"":205,""uomID"":351,""priceDate"":""2025-09-01"",""productID"":1180,""currencyID"":1,""expireDate"":""2027-01-01"",""supplierID"":6,""productCode"":""RBCB-00001"",""productName"":""BEANS COLD BREW"",""currencyName"":""Rupiah"",""pricelistNum"":""PLS202509010001"",""supplierName"":""Calf Central Kitchen"",""productDetailID"":2935,""applicableBranch"":{""type"":""ALL"",""branches"":[]}}",2026-08-21 18:25:34.864397+00,2026-08-28 06:30:26.485137+00
296,1,536,1353,ALL,70833.33,true,2025-09-01,Calf Warehouse,RICH DOUBLE CREAM 1000ML,RMFR-00054,PCS@1100GR,Rupiah,,PLS202509010002,3364,405,1,"{""type"":""ALL"",""branches"":[]}","{""ID"":536,""unit"":""PCS@1100GR"",""price"":70833.33,""uomID"":405,""priceDate"":""2025-09-01"",""productID"":1353,""currencyID"":1,""expireDate"":null,""supplierID"":5,""productCode"":""RMFR-00054"",""productName"":""RICH DOUBLE CREAM 1000ML"",""currencyName"":""Rupiah"",""pricelistNum"":""PLS202509010002"",""supplierName"":""Calf Warehouse"",""productDetailID"":3364,""applicableBranch"":{""type"":""ALL"",""branches"":[]}}",2026-08-21 18:25:34.864397+00,2026-08-28 06:30:26.485137+00
297,1,457,1448,ALL,82030.00,true,2025-09-01,Calf Warehouse,TOPPING TULIP CHOCO CHUNKS 1000GR,RMBV-00017,PACK@1000GR,Rupiah,,PLS202509010002,3595,370,1,"{""type"":""ALL"",""branches"":[]}","{""ID"":457,""unit"":""PACK@1000GR"",""price"":82030,""uomID"":370,""priceDate"":""2025-09-01"",""productID"":1448,""currencyID"":1,""expireDate"":null,""supplierID"":5,""productCode"":""RMBV-00017"",""productName"":""TOPPING TULIP CHOCO CHUNKS 1000GR"",""currencyName"":""Rupiah"",""pricelistNum"":""PLS202509010002"",""supplierName"":""Calf Warehouse"",""productDetailID"":3595,""applicableBranch"":{""type"":""ALL"",""branches"":[]}}",2026-08-21 18:25:34.864397+00,2026-08-28 06:30:26.485137+00
298,1,529,1419,ALL,102.15,true,2025-09-01,Calf Warehouse,SYRUP DRIPP VANILLA 760ML,RMSY-00029,GR,Rupiah,,PLS202509010002,3520,351,1,"{""type"":""ALL"",""branches"":[]}","{""ID"":529,""unit"":""GR"",""price"":102.15,""uomID"":351,""priceDate"":""2025-09-01"",""productID"":1419,""currencyID"":1,""expireDate"":null,""supplierID"":5,""productCode"":""RMSY-00029"",""productName"":""SYRUP DRIPP VANILLA 760ML"",""currencyName"":""Rupiah"",""pricelistNum"":""PLS202509010002"",""supplierName"":""Calf Warehouse"",""productDetailID"":3520,""applicableBranch"":{""type"":""ALL"",""branches"":[]}}",2026-08-21 18:25:34.864397+00,2026-08-28 06:30:26.485137+00
299,1,538,1211,ALL,44500.00,true,2025-09-01,Calf Warehouse,CLEO BOTOL 550ML,RMBV-00023,CTN@24BTL,Rupiah,2026-05-31,PLS202509010002,3010,330,1,"{""type"":""ALL"",""branches"":[]}","{""ID"":538,""unit"":""CTN@24BTL"",""price"":44500,""uomID"":330,""priceDate"":""2025-09-01"",""productID"":1211,""currencyID"":1,""expireDate"":""2026-05-31"",""supplierID"":5,""productCode"":""RMBV-00023"",""productName"":""CLEO BOTOL 550ML"",""currencyName"":""Rupiah"",""pricelistNum"":""PLS202509010002"",""supplierName"":""Calf Warehouse"",""productDetailID"":3010,""applicableBranch"":{""type"":""ALL"",""branches"":[]}}",2026-08-21 18:25:34.864397+00,2026-08-28 06:30:26.485137+00
300,1,543,1357,ALL,35000.00,true,2025-09-01,Calf Warehouse,SABUN CUCI PIRING,GNCH-00004,JRG,Rupiah,,PLS202509010002,3374,355,1,"{""type"":""ALL"",""branches"":[]}","{""ID"":543,""unit"":""JRG"",""price"":35000,""uomID"":355,""priceDate"":""2025-09-01"",""productID"":1357,""currencyID"":1,""expireDate"":null,""supplierID"":5,""productCode"":""GNCH-00004"",""productName"":""SABUN CUCI PIRING"",""currencyName"":""Rupiah"",""pricelistNum"":""PLS202509010002"",""supplierName"":""Calf Warehouse"",""productDetailID"":3374,""applicableBranch"":{""type"":""ALL"",""branches"":[]}}",2026-08-21 18:25:34.864397+00,2026-08-28 06:30:26.485137+00
301,1,534,1483,ALL,51.00,true,2025-09-01,Calf Warehouse,WHIPPING CREAM BROOKFARM 1000ML,RMFR-00053,GR,Rupiah,,PLS202509010002,3693,351,1,"{""type"":""ALL"",""branches"":[]}","{""ID"":534,""unit"":""GR"",""price"":51,""uomID"":351,""priceDate"":""2025-09-01"",""productID"":1483,""currencyID"":1,""expireDate"":null,""supplierID"":5,""productCode"":""RMFR-00053"",""productName"":""WHIPPING CREAM BROOKFARM 1000ML"",""currencyName"":""Rupiah"",""pricelistNum"":""PLS202509010002"",""supplierName"":""Calf Warehouse"",""productDetailID"":3693,""applicableBranch"":{""type"":""ALL"",""branches"":[]}}",2026-08-21 18:25:34.864397+00,2026-08-28 06:30:26.485137+00
302,1,523,1445,ALL,36000.00,true,2025-09-01,Calf Warehouse,TOMAT MERAH,RMVG-00011,KG,Rupiah,,PLS202509010002,3587,364,1,"{""type"":""ALL"",""branches"":[]}","{""ID"":523,""unit"":""KG"",""price"":36000,""uomID"":364,""priceDate"":""2025-09-01"",""productID"":1445,""currencyID"":1,""expireDate"":null,""supplierID"":5,""productCode"":""RMVG-00011"",""productName"":""TOMAT MERAH"",""currencyName"":""Rupiah"",""pricelistNum"":""PLS202509010002"",""supplierName"":""Calf Warehouse"",""productDetailID"":3587,""applicableBranch"":{""type"":""ALL"",""branches"":[]}}",2026-08-21 18:25:34.864397+00,2026-08-28 06:30:26.485137+00
303,1,535,1353,ALL,850000.00,true,2025-09-01,Calf Warehouse,RICH DOUBLE CREAM 1000ML,RMFR-00054,CTN@12PCS,Rupiah,,PLS202509010002,3365,319,1,"{""type"":""ALL"",""branches"":[]}","{""ID"":535,""unit"":""CTN@12PCS"",""price"":850000,""uomID"":319,""priceDate"":""2025-09-01"",""productID"":1353,""currencyID"":1,""expireDate"":null,""supplierID"":5,""productCode"":""RMFR-00054"",""productName"":""RICH DOUBLE CREAM 1000ML"",""currencyName"":""Rupiah"",""pricelistNum"":""PLS202509010002"",""supplierName"":""Calf Warehouse"",""productDetailID"":3365,""applicableBranch"":{""type"":""ALL"",""branches"":[]}}",2026-08-21 18:25:34.864397+00,2026-08-28 06:30:26.485137+00
304,1,532,1483,ALL,612000.00,true,2025-09-01,Calf Warehouse,WHIPPING CREAM BROOKFARM 1000ML,RMFR-00053,CTN@12PCS,Rupiah,,PLS202509010002,3695,319,1,"{""type"":""ALL"",""branches"":[]}","{""ID"":532,""unit"":""CTN@12PCS"",""price"":612000,""uomID"":319,""priceDate"":""2025-09-01"",""productID"":1483,""currencyID"":1,""expireDate"":null,""supplierID"":5,""productCode"":""RMFR-00053"",""productName"":""WHIPPING CREAM BROOKFARM 1000ML"",""currencyName"":""Rupiah"",""pricelistNum"":""PLS202509010002"",""supplierName"":""Calf Warehouse"",""productDetailID"":3695,""applicableBranch"":{""type"":""ALL"",""branches"":[]}}",2026-08-21 18:25:34.864397+00,2026-08-28 06:30:26.485137+00
305,1,522,1381,ALL,40.00,true,2025-09-01,Calf Warehouse,SELADA KERITING HIJAU,RMVG-00010,GR,Rupiah,,PLS202509010002,3431,351,1,"{""type"":""ALL"",""branches"":[]}","{""ID"":522,""unit"":""GR"",""price"":40,""uomID"":351,""priceDate"":""2025-09-01"",""productID"":1381,""currencyID"":1,""expireDate"":null,""supplierID"":5,""productCode"":""RMVG-00010"",""productName"":""SELADA KERITING HIJAU"",""currencyName"":""Rupiah"",""pricelistNum"":""PLS202509010002"",""supplierName"":""Calf Warehouse"",""productDetailID"":3431,""applicableBranch"":{""type"":""ALL"",""branches"":[]}}",2026-08-21 18:25:34.864397+00,2026-08-28 06:30:26.485137+00
306,1,528,1419,ALL,95000.00,true,2025-09-01,Calf Warehouse,SYRUP DRIPP VANILLA 760ML,RMSY-00029,BTL@930GR,Rupiah,,PLS202509010002,3521,310,1,"{""type"":""ALL"",""branches"":[]}","{""ID"":528,""unit"":""BTL@930GR"",""price"":95000,""uomID"":310,""priceDate"":""2025-09-01"",""productID"":1419,""currencyID"":1,""expireDate"":null,""supplierID"":5,""productCode"":""RMSY-00029"",""productName"":""SYRUP DRIPP VANILLA 760ML"",""currencyName"":""Rupiah"",""pricelistNum"":""PLS202509010002"",""supplierName"":""Calf Warehouse"",""productDetailID"":3521,""applicableBranch"":{""type"":""ALL"",""branches"":[]}}",2026-08-21 18:25:34.864397+00,2026-08-28 06:30:26.485137+00
307,1,527,1419,ALL,570000.00,true,2025-09-01,Calf Warehouse,SYRUP DRIPP VANILLA 760ML,RMSY-00029,CTN@6BTL,Rupiah,,PLS202509010002,3522,342,1,"{""type"":""ALL"",""branches"":[]}","{""ID"":527,""unit"":""CTN@6BTL"",""price"":570000,""uomID"":342,""priceDate"":""2025-09-01"",""productID"":1419,""currencyID"":1,""expireDate"":null,""supplierID"":5,""productCode"":""RMSY-00029"",""productName"":""SYRUP DRIPP VANILLA 760ML"",""currencyName"":""Rupiah"",""pricelistNum"":""PLS202509010002"",""supplierName"":""Calf Warehouse"",""productDetailID"":3522,""applicableBranch"":{""type"":""ALL"",""branches"":[]}}",2026-08-21 18:25:34.864397+00,2026-08-28 06:30:26.485137+00
308,1,516,1229,ALL,51.00,true,2025-09-01,Calf Warehouse,DAUN JERUK,RMVG-00007,GR,Rupiah,,PLS202509010002,3058,351,1,"{""type"":""ALL"",""branches"":[]}","{""ID"":516,""unit"":""GR"",""price"":51,""uomID"":351,""priceDate"":""2025-09-01"",""productID"":1229,""currencyID"":1,""expireDate"":null,""supplierID"":5,""productCode"":""RMVG-00007"",""productName"":""DAUN JERUK"",""currencyName"":""Rupiah"",""pricelistNum"":""PLS202509010002"",""supplierName"":""Calf Warehouse"",""productDetailID"":3058,""applicableBranch"":{""type"":""ALL"",""branches"":[]}}",2026-08-21 18:25:34.864397+00,2026-08-28 06:30:26.485137+00
309,1,498,1174,ALL,60.00,true,2025-09-01,Calf Warehouse,AYAM PAHA FILLET,RMMT-00003,GR,Rupiah,2026-07-12,PLS202509010002,2921,351,1,"{""type"":""ALL"",""branches"":[]}","{""ID"":498,""unit"":""GR"",""price"":60,""uomID"":351,""priceDate"":""2025-09-01"",""productID"":1174,""currencyID"":1,""expireDate"":""2026-07-12"",""supplierID"":5,""productCode"":""RMMT-00003"",""productName"":""AYAM PAHA FILLET"",""currencyName"":""Rupiah"",""pricelistNum"":""PLS202509010002"",""supplierName"":""Calf Warehouse"",""productDetailID"":2921,""applicableBranch"":{""type"":""ALL"",""branches"":[]}}",2026-08-21 18:25:34.864397+00,2026-08-28 06:30:26.485137+00
310,1,515,1229,ALL,51000.00,true,2025-09-01,Calf Warehouse,DAUN JERUK,RMVG-00007,KG,Rupiah,,PLS202509010002,3059,364,1,"{""type"":""ALL"",""branches"":[]}","{""ID"":515,""unit"":""KG"",""price"":51000,""uomID"":364,""priceDate"":""2025-09-01"",""productID"":1229,""currencyID"":1,""expireDate"":null,""supplierID"":5,""productCode"":""RMVG-00007"",""productName"":""DAUN JERUK"",""currencyName"":""Rupiah"",""pricelistNum"":""PLS202509010002"",""supplierName"":""Calf Warehouse"",""productDetailID"":3059,""applicableBranch"":{""type"":""ALL"",""branches"":[]}}",2026-08-21 18:25:34.864397+00,2026-08-28 06:30:26.485137+00
311,1,518,1280,ALL,55.00,true,2025-09-01,Calf Warehouse,JAMUR CHAMPIGNON,RMVG-00008,GR,Rupiah,,PLS202509010002,3186,351,1,"{""type"":""ALL"",""branches"":[]}","{""ID"":518,""unit"":""GR"",""price"":55,""uomID"":351,""priceDate"":""2025-09-01"",""productID"":1280,""currencyID"":1,""expireDate"":null,""supplierID"":5,""productCode"":""RMVG-00008"",""productName"":""JAMUR CHAMPIGNON"",""currencyName"":""Rupiah"",""pricelistNum"":""PLS202509010002"",""supplierName"":""Calf Warehouse"",""productDetailID"":3186,""applicableBranch"":{""type"":""ALL"",""branches"":[]}}",2026-08-21 18:25:34.864397+00,2026-08-28 06:30:26.485137+00
312,1,525,1391,ALL,145530.00,true,2025-09-01,Calf Warehouse,SPAGHETTI CARBONARA,RMKC-00035,CTN@40PCS,Rupiah,,PLS202509010002,3457,337,1,"{""type"":""ALL"",""branches"":[]}","{""ID"":525,""unit"":""CTN@40PCS"",""price"":145530,""uomID"":337,""priceDate"":""2025-09-01"",""productID"":1391,""currencyID"":1,""expireDate"":null,""supplierID"":5,""productCode"":""RMKC-00035"",""productName"":""SPAGHETTI CARBONARA"",""currencyName"":""Rupiah"",""pricelistNum"":""PLS202509010002"",""supplierName"":""Calf Warehouse"",""productDetailID"":3457,""applicableBranch"":{""type"":""ALL"",""branches"":[]}}",2026-08-21 18:25:34.864397+00,2026-08-28 06:30:26.485137+00
313,1,540,1358,ALL,43000.00,true,2025-09-01,Calf Warehouse,SABUN CUCI TANGAN,GNCH-00001,JRG,Rupiah,,PLS202509010002,3375,355,1,"{""type"":""ALL"",""branches"":[]}","{""ID"":540,""unit"":""JRG"",""price"":43000,""uomID"":355,""priceDate"":""2025-09-01"",""productID"":1358,""currencyID"":1,""expireDate"":null,""supplierID"":5,""productCode"":""GNCH-00001"",""productName"":""SABUN CUCI TANGAN"",""currencyName"":""Rupiah"",""pricelistNum"":""PLS202509010002"",""supplierName"":""Calf Warehouse"",""productDetailID"":3375,""applicableBranch"":{""type"":""ALL"",""branches"":[]}}",2026-08-21 18:25:34.864397+00,2026-08-28 06:30:26.485137+00
314,1,539,1211,ALL,1854.17,true,2025-09-01,Calf Warehouse,CLEO BOTOL 550ML,RMBV-00023,BTL,Rupiah,2026-05-31,PLS202509010002,3009,298,1,"{""type"":""ALL"",""branches"":[]}","{""ID"":539,""unit"":""BTL"",""price"":1854.17,""uomID"":298,""priceDate"":""2025-09-01"",""productID"":1211,""currencyID"":1,""expireDate"":""2026-05-31"",""supplierID"":5,""productCode"":""RMBV-00023"",""productName"":""CLEO BOTOL 550ML"",""currencyName"":""Rupiah"",""pricelistNum"":""PLS202509010002"",""supplierName"":""Calf Warehouse"",""productDetailID"":3009,""applicableBranch"":{""type"":""ALL"",""branches"":[]}}",2026-08-21 18:25:34.864397+00,2026-08-28 06:30:26.485137+00
315,1,505,1178,ALL,54000.00,true,2025-09-01,Calf Warehouse,BAWANG PUTIH KUPAS,RMVG-00002,KG,Rupiah,,PLS202509010002,2931,364,1,"{""type"":""ALL"",""branches"":[]}","{""ID"":505,""unit"":""KG"",""price"":54000,""uomID"":364,""priceDate"":""2025-09-01"",""productID"":1178,""currencyID"":1,""expireDate"":null,""supplierID"":5,""productCode"":""RMVG-00002"",""productName"":""BAWANG PUTIH KUPAS"",""currencyName"":""Rupiah"",""pricelistNum"":""PLS202509010002"",""supplierName"":""Calf Warehouse"",""productDetailID"":2931,""applicableBranch"":{""type"":""ALL"",""branches"":[]}}",2026-08-21 18:25:34.864397+00,2026-08-28 06:30:26.485137+00
316,1,501,1258,ALL,205000.00,true,2025-09-01,Calf Warehouse,GAS 12KG,EGGS-00002,TABUNG,Rupiah,,PLS202509010002,3133,439,1,"{""type"":""ALL"",""branches"":[]}","{""ID"":501,""unit"":""TABUNG"",""price"":205000,""uomID"":439,""priceDate"":""2025-09-01"",""productID"":1258,""currencyID"":1,""expireDate"":null,""supplierID"":5,""productCode"":""EGGS-00002"",""productName"":""GAS 12KG"",""currencyName"":""Rupiah"",""pricelistNum"":""PLS202509010002"",""supplierName"":""Calf Warehouse"",""productDetailID"":3133,""applicableBranch"":{""type"":""ALL"",""branches"":[]}}",2026-08-21 18:25:34.864397+00,2026-08-28 06:30:26.485137+00
317,1,500,1435,ALL,33.00,true,2025-09-01,Calf Warehouse,TELUR,RMMT-00004,GR,Rupiah,,PLS202509010002,3566,351,1,"{""type"":""ALL"",""branches"":[]}","{""ID"":500,""unit"":""GR"",""price"":33,""uomID"":351,""priceDate"":""2025-09-01"",""productID"":1435,""currencyID"":1,""expireDate"":null,""supplierID"":5,""productCode"":""RMMT-00004"",""productName"":""TELUR"",""currencyName"":""Rupiah"",""pricelistNum"":""PLS202509010002"",""supplierName"":""Calf Warehouse"",""productDetailID"":3566,""applicableBranch"":{""type"":""ALL"",""branches"":[]}}",2026-08-21 18:25:34.864397+00,2026-08-28 06:30:26.485137+00
318,1,508,1176,ALL,45.00,true,2025-09-01,Calf Warehouse,BAWANG BOMBAY,RMVG-00003,GR,Rupiah,,PLS202509010002,2926,351,1,"{""type"":""ALL"",""branches"":[]}","{""ID"":508,""unit"":""GR"",""price"":45,""uomID"":351,""priceDate"":""2025-09-01"",""productID"":1176,""currencyID"":1,""expireDate"":null,""supplierID"":5,""productCode"":""RMVG-00003"",""productName"":""BAWANG BOMBAY"",""currencyName"":""Rupiah"",""pricelistNum"":""PLS202509010002"",""supplierName"":""Calf Warehouse"",""productDetailID"":2926,""applicableBranch"":{""type"":""ALL"",""branches"":[]}}",2026-08-21 18:25:34.864397+00,2026-08-28 06:30:26.485137+00
319,1,506,1178,ALL,54.00,true,2025-09-01,Calf Warehouse,BAWANG PUTIH KUPAS,RMVG-00002,GR,Rupiah,,PLS202509010002,2930,351,1,"{""type"":""ALL"",""branches"":[]}","{""ID"":506,""unit"":""GR"",""price"":54,""uomID"":351,""priceDate"":""2025-09-01"",""productID"":1178,""currencyID"":1,""expireDate"":null,""supplierID"":5,""productCode"":""RMVG-00002"",""productName"":""BAWANG PUTIH KUPAS"",""currencyName"":""Rupiah"",""pricelistNum"":""PLS202509010002"",""supplierName"":""Calf Warehouse"",""productDetailID"":2930,""applicableBranch"":{""type"":""ALL"",""branches"":[]}}",2026-08-21 18:25:34.864397+00,2026-08-28 06:30:26.485137+00
320,1,472,1453,ALL,208000.00,true,2025-09-01,Calf Warehouse,TUTUP CUP ES,PCPB-00013,CTN@20BALL,Rupiah,,PLS202509010002,3609,325,1,"{""type"":""ALL"",""branches"":[]}","{""ID"":472,""unit"":""CTN@20BALL"",""price"":208000,""uomID"":325,""priceDate"":""2025-09-01"",""productID"":1453,""currencyID"":1,""expireDate"":null,""supplierID"":5,""productCode"":""PCPB-00013"",""productName"":""TUTUP CUP ES"",""currencyName"":""Rupiah"",""pricelistNum"":""PLS202509010002"",""supplierName"":""Calf Warehouse"",""productDetailID"":3609,""applicableBranch"":{""type"":""ALL"",""branches"":[]}}",2026-08-21 18:25:34.864397+00,2026-08-28 06:30:26.485137+00
321,1,415,1427,ALL,709789.50,true,2025-09-01,Calf Warehouse,SYRUP STIR UP PISTACHIO 800ML,RMSY-00019,CTN@6BTL,Rupiah,,PLS202509010002,3546,342,1,"{""type"":""ALL"",""branches"":[]}","{""ID"":415,""unit"":""CTN@6BTL"",""price"":709789.5,""uomID"":342,""priceDate"":""2025-09-01"",""productID"":1427,""currencyID"":1,""expireDate"":null,""supplierID"":5,""productCode"":""RMSY-00019"",""productName"":""SYRUP STIR UP PISTACHIO 800ML"",""currencyName"":""Rupiah"",""pricelistNum"":""PLS202509010002"",""supplierName"":""Calf Warehouse"",""productDetailID"":3546,""applicableBranch"":{""type"":""ALL"",""branches"":[]}}",2026-08-21 18:25:34.864397+00,2026-08-28 06:30:26.485137+00
322,1,367,1411,ALL,570000.00,true,2025-09-01,Calf Warehouse,SYRUP DRIPP APEL MALANG 760ML,RMSY-00028,CTN@6BTL,Rupiah,,PLS202509010002,3498,342,1,"{""type"":""ALL"",""branches"":[]}","{""ID"":367,""unit"":""CTN@6BTL"",""price"":570000,""uomID"":342,""priceDate"":""2025-09-01"",""productID"":1411,""currencyID"":1,""expireDate"":null,""supplierID"":5,""productCode"":""RMSY-00028"",""productName"":""SYRUP DRIPP APEL MALANG 760ML"",""currencyName"":""Rupiah"",""pricelistNum"":""PLS202509010002"",""supplierName"":""Calf Warehouse"",""productDetailID"":3498,""applicableBranch"":{""type"":""ALL"",""branches"":[]}}",2026-08-21 18:25:34.864397+00,2026-08-28 06:30:26.485137+00
323,1,421,1430,ALL,510300.00,true,2025-09-01,Calf Warehouse,SYRUP TOZA STRAWBERRY 770ML,RMSY-00023,CTN@6BTL,Rupiah,,PLS202509010002,3555,342,1,"{""type"":""ALL"",""branches"":[]}","{""ID"":421,""unit"":""CTN@6BTL"",""price"":510300,""uomID"":342,""priceDate"":""2025-09-01"",""productID"":1430,""currencyID"":1,""expireDate"":null,""supplierID"":5,""productCode"":""RMSY-00023"",""productName"":""SYRUP TOZA STRAWBERRY 770ML"",""currencyName"":""Rupiah"",""pricelistNum"":""PLS202509010002"",""supplierName"":""Calf Warehouse"",""productDetailID"":3555,""applicableBranch"":{""type"":""ALL"",""branches"":[]}}",2026-08-21 18:25:34.864397+00,2026-08-28 06:30:26.485137+00
324,1,413,1426,ALL,118298.25,true,2025-09-01,Calf Warehouse,SYRUP STIR UP PINEAPPLE 800ML,RMSY-00018,BTL@1130GR,Rupiah,,PLS202509010002,3542,300,1,"{""type"":""ALL"",""branches"":[]}","{""ID"":413,""unit"":""BTL@1130GR"",""price"":118298.25,""uomID"":300,""priceDate"":""2025-09-01"",""productID"":1426,""currencyID"":1,""expireDate"":null,""supplierID"":5,""productCode"":""RMSY-00018"",""productName"":""SYRUP STIR UP PINEAPPLE 800ML"",""currencyName"":""Rupiah"",""pricelistNum"":""PLS202509010002"",""supplierName"":""Calf Warehouse"",""productDetailID"":3542,""applicableBranch"":{""type"":""ALL"",""branches"":[]}}",2026-08-21 18:25:34.864397+00,2026-08-28 06:30:26.485137+00
325,1,408,1424,ALL,104.69,true,2025-09-01,Calf Warehouse,SYRUP STIR UP CHEESE 800ML,RMSY-00016,GR,Rupiah,,PLS202509010002,3535,351,1,"{""type"":""ALL"",""branches"":[]}","{""ID"":408,""unit"":""GR"",""price"":104.69,""uomID"":351,""priceDate"":""2025-09-01"",""productID"":1424,""currencyID"":1,""expireDate"":null,""supplierID"":5,""productCode"":""RMSY-00016"",""productName"":""SYRUP STIR UP CHEESE 800ML"",""currencyName"":""Rupiah"",""pricelistNum"":""PLS202509010002"",""supplierName"":""Calf Warehouse"",""productDetailID"":3535,""applicableBranch"":{""type"":""ALL"",""branches"":[]}}",2026-08-21 18:25:34.864397+00,2026-08-28 06:30:26.485137+00
326,1,410,1425,ALL,118298.25,true,2025-09-01,Calf Warehouse,SYRUP STIR UP PEACH 800ML,RMSY-00017,BTL@1130GR,Rupiah,,PLS202509010002,3539,300,1,"{""type"":""ALL"",""branches"":[]}","{""ID"":410,""unit"":""BTL@1130GR"",""price"":118298.25,""uomID"":300,""priceDate"":""2025-09-01"",""productID"":1425,""currencyID"":1,""expireDate"":null,""supplierID"":5,""productCode"":""RMSY-00017"",""productName"":""SYRUP STIR UP PEACH 800ML"",""currencyName"":""Rupiah"",""pricelistNum"":""PLS202509010002"",""supplierName"":""Calf Warehouse"",""productDetailID"":3539,""applicableBranch"":{""type"":""ALL"",""branches"":[]}}",2026-08-21 18:25:34.864397+00,2026-08-28 06:30:26.485137+00
327,1,414,1426,ALL,104.69,true,2025-09-01,Calf Warehouse,SYRUP STIR UP PINEAPPLE 800ML,RMSY-00018,GR,Rupiah,,PLS202509010002,3541,351,1,"{""type"":""ALL"",""branches"":[]}","{""ID"":414,""unit"":""GR"",""price"":104.69,""uomID"":351,""priceDate"":""2025-09-01"",""productID"":1426,""currencyID"":1,""expireDate"":null,""supplierID"":5,""productCode"":""RMSY-00018"",""productName"":""SYRUP STIR UP PINEAPPLE 800ML"",""currencyName"":""Rupiah"",""pricelistNum"":""PLS202509010002"",""supplierName"":""Calf Warehouse"",""productDetailID"":3541,""applicableBranch"":{""type"":""ALL"",""branches"":[]}}",2026-08-21 18:25:34.864397+00,2026-08-28 06:30:26.485137+00
328,1,422,1430,ALL,85050.00,true,2025-09-01,Calf Warehouse,SYRUP TOZA STRAWBERRY 770ML,RMSY-00023,BTL@1130GR,Rupiah,,PLS202509010002,3554,300,1,"{""type"":""ALL"",""branches"":[]}","{""ID"":422,""unit"":""BTL@1130GR"",""price"":85050,""uomID"":300,""priceDate"":""2025-09-01"",""productID"":1430,""currencyID"":1,""expireDate"":null,""supplierID"":5,""productCode"":""RMSY-00023"",""productName"":""SYRUP TOZA STRAWBERRY 770ML"",""currencyName"":""Rupiah"",""pricelistNum"":""PLS202509010002"",""supplierName"":""Calf Warehouse"",""productDetailID"":3554,""applicableBranch"":{""type"":""ALL"",""branches"":[]}}",2026-08-21 18:25:34.864397+00,2026-08-28 06:30:26.485137+00
329,1,399,1422,ALL,100.76,true,2025-09-01,Calf Warehouse,SYRUP MULTIBEV SALTED CARAMEL 500ML,RMSY-00013,GR,Rupiah,,PLS202509010002,3529,351,1,"{""type"":""ALL"",""branches"":[]}","{""ID"":399,""unit"":""GR"",""price"":100.76,""uomID"":351,""priceDate"":""2025-09-01"",""productID"":1422,""currencyID"":1,""expireDate"":null,""supplierID"":5,""productCode"":""RMSY-00013"",""productName"":""SYRUP MULTIBEV SALTED CARAMEL 500ML"",""currencyName"":""Rupiah"",""pricelistNum"":""PLS202509010002"",""supplierName"":""Calf Warehouse"",""productDetailID"":3529,""applicableBranch"":{""type"":""ALL"",""branches"":[]}}",2026-08-21 18:25:34.864397+00,2026-08-28 06:30:26.485137+00
330,1,401,1410,ALL,105000.00,true,2025-09-01,Calf Warehouse,SYRUP DENALI ROUN 750ML,RMSY-00014,BTL@775GR,Rupiah,,PLS202509010002,3494,308,1,"{""type"":""ALL"",""branches"":[]}","{""ID"":401,""unit"":""BTL@775GR"",""price"":105000,""uomID"":308,""priceDate"":""2025-09-01"",""productID"":1410,""currencyID"":1,""expireDate"":null,""supplierID"":5,""productCode"":""RMSY-00014"",""productName"":""SYRUP DENALI ROUN 750ML"",""currencyName"":""Rupiah"",""pricelistNum"":""PLS202509010002"",""supplierName"":""Calf Warehouse"",""productDetailID"":3494,""applicableBranch"":{""type"":""ALL"",""branches"":[]}}",2026-08-21 18:25:34.864397+00,2026-08-28 06:30:26.485137+00
331,1,392,1420,ALL,98049.00,true,2025-09-01,Calf Warehouse,SYRUP ITAL LEMON JUICE 1000ML,RMSY-00011,BTL@1040GR,Rupiah,,PLS202509010002,3524,299,1,"{""type"":""ALL"",""branches"":[]}","{""ID"":392,""unit"":""BTL@1040GR"",""price"":98049,""uomID"":299,""priceDate"":""2025-09-01"",""productID"":1420,""currencyID"":1,""expireDate"":null,""supplierID"":5,""productCode"":""RMSY-00011"",""productName"":""SYRUP ITAL LEMON JUICE 1000ML"",""currencyName"":""Rupiah"",""pricelistNum"":""PLS202509010002"",""supplierName"":""Calf Warehouse"",""productDetailID"":3524,""applicableBranch"":{""type"":""ALL"",""branches"":[]}}",2026-08-21 18:25:34.864397+00,2026-08-28 06:30:26.485137+00
332,1,405,1423,ALL,104.69,true,2025-09-01,Calf Warehouse,SYRUP STIR UP BLUEBERRY 800ML,RMSY-00015,GR,Rupiah,,PLS202509010002,3532,351,1,"{""type"":""ALL"",""branches"":[]}","{""ID"":405,""unit"":""GR"",""price"":104.69,""uomID"":351,""priceDate"":""2025-09-01"",""productID"":1423,""currencyID"":1,""expireDate"":null,""supplierID"":5,""productCode"":""RMSY-00015"",""productName"":""SYRUP STIR UP BLUEBERRY 800ML"",""currencyName"":""Rupiah"",""pricelistNum"":""PLS202509010002"",""supplierName"":""Calf Warehouse"",""productDetailID"":3532,""applicableBranch"":{""type"":""ALL"",""branches"":[]}}",2026-08-21 18:25:34.864397+00,2026-08-28 06:30:26.485137+00
333,1,394,1421,ALL,928710.00,true,2025-09-01,Calf Warehouse,SYRUP MONIN SUN DRIED ORANGE 750ML,RMSY-00012,CTN@6BTL,Rupiah,,PLS202509010002,3528,342,1,"{""type"":""ALL"",""branches"":[]}","{""ID"":394,""unit"":""CTN@6BTL"",""price"":928710,""uomID"":342,""priceDate"":""2025-09-01"",""productID"":1421,""currencyID"":1,""expireDate"":null,""supplierID"":5,""productCode"":""RMSY-00012"",""productName"":""SYRUP MONIN SUN DRIED ORANGE 750ML"",""currencyName"":""Rupiah"",""pricelistNum"":""PLS202509010002"",""supplierName"":""Calf Warehouse"",""productDetailID"":3528,""applicableBranch"":{""type"":""ALL"",""branches"":[]}}",2026-08-21 18:25:34.864397+00,2026-08-28 06:30:26.485137+00
334,1,398,1422,ALL,55419.00,true,2025-09-01,Calf Warehouse,SYRUP MULTIBEV SALTED CARAMEL 500ML,RMSY-00013,BTL@550GR,Rupiah,,PLS202509010002,3530,307,1,"{""type"":""ALL"",""branches"":[]}","{""ID"":398,""unit"":""BTL@550GR"",""price"":55419,""uomID"":307,""priceDate"":""2025-09-01"",""productID"":1422,""currencyID"":1,""expireDate"":null,""supplierID"":5,""productCode"":""RMSY-00013"",""productName"":""SYRUP MULTIBEV SALTED CARAMEL 500ML"",""currencyName"":""Rupiah"",""pricelistNum"":""PLS202509010002"",""supplierName"":""Calf Warehouse"",""productDetailID"":3530,""applicableBranch"":{""type"":""ALL"",""branches"":[]}}",2026-08-21 18:25:34.864397+00,2026-08-28 06:30:26.485137+00
335,1,406,1424,ALL,709789.50,true,2025-09-01,Calf Warehouse,SYRUP STIR UP CHEESE 800ML,RMSY-00016,CTN@6BTL,Rupiah,,PLS202509010002,3537,342,1,"{""type"":""ALL"",""branches"":[]}","{""ID"":406,""unit"":""CTN@6BTL"",""price"":709789.5,""uomID"":342,""priceDate"":""2025-09-01"",""productID"":1424,""currencyID"":1,""expireDate"":null,""supplierID"":5,""productCode"":""RMSY-00016"",""productName"":""SYRUP STIR UP CHEESE 800ML"",""currencyName"":""Rupiah"",""pricelistNum"":""PLS202509010002"",""supplierName"":""Calf Warehouse"",""productDetailID"":3537,""applicableBranch"":{""type"":""ALL"",""branches"":[]}}",2026-08-21 18:25:34.864397+00,2026-08-28 06:30:26.485137+00
336,1,384,1416,ALL,102.15,true,2025-09-01,Calf Warehouse,SYRUP DRIPP MANGO STICKY RICE 750ML,RMSY-00008,GR,Rupiah,,PLS202509010002,3511,351,1,"{""type"":""ALL"",""branches"":[]}","{""ID"":384,""unit"":""GR"",""price"":102.15,""uomID"":351,""priceDate"":""2025-09-01"",""productID"":1416,""currencyID"":1,""expireDate"":null,""supplierID"":5,""productCode"":""RMSY-00008"",""productName"":""SYRUP DRIPP MANGO STICKY RICE 750ML"",""currencyName"":""Rupiah"",""pricelistNum"":""PLS202509010002"",""supplierName"":""Calf Warehouse"",""productDetailID"":3511,""applicableBranch"":{""type"":""ALL"",""branches"":[]}}",2026-08-21 18:25:34.864397+00,2026-08-28 06:30:26.485137+00
337,1,386,1417,ALL,95000.00,true,2025-09-01,Calf Warehouse,SYRUP DRIPP PISTACHIO 760ML,RMSY-00009,BTL@930GR,Rupiah,,PLS202509010002,3515,310,1,"{""type"":""ALL"",""branches"":[]}","{""ID"":386,""unit"":""BTL@930GR"",""price"":95000,""uomID"":310,""priceDate"":""2025-09-01"",""productID"":1417,""currencyID"":1,""expireDate"":null,""supplierID"":5,""productCode"":""RMSY-00009"",""productName"":""SYRUP DRIPP PISTACHIO 760ML"",""currencyName"":""Rupiah"",""pricelistNum"":""PLS202509010002"",""supplierName"":""Calf Warehouse"",""productDetailID"":3515,""applicableBranch"":{""type"":""ALL"",""branches"":[]}}",2026-08-21 18:25:34.864397+00,2026-08-28 06:30:26.485137+00
338,1,390,1418,ALL,102.15,true,2025-09-01,Calf Warehouse,SYRUP DRIPP TIRAMISU 760ML,RMSY-00010,GR,Rupiah,,PLS202509010002,3517,351,1,"{""type"":""ALL"",""branches"":[]}","{""ID"":390,""unit"":""GR"",""price"":102.15,""uomID"":351,""priceDate"":""2025-09-01"",""productID"":1418,""currencyID"":1,""expireDate"":null,""supplierID"":5,""productCode"":""RMSY-00010"",""productName"":""SYRUP DRIPP TIRAMISU 760ML"",""currencyName"":""Rupiah"",""pricelistNum"":""PLS202509010002"",""supplierName"":""Calf Warehouse"",""productDetailID"":3517,""applicableBranch"":{""type"":""ALL"",""branches"":[]}}",2026-08-21 18:25:34.864397+00,2026-08-28 06:30:26.485137+00
339,1,382,1416,ALL,570000.00,true,2025-09-01,Calf Warehouse,SYRUP DRIPP MANGO STICKY RICE 750ML,RMSY-00008,CTN@6BTL,Rupiah,,PLS202509010002,3513,342,1,"{""type"":""ALL"",""branches"":[]}","{""ID"":382,""unit"":""CTN@6BTL"",""price"":570000,""uomID"":342,""priceDate"":""2025-09-01"",""productID"":1416,""currencyID"":1,""expireDate"":null,""supplierID"":5,""productCode"":""RMSY-00008"",""productName"":""SYRUP DRIPP MANGO STICKY RICE 750ML"",""currencyName"":""Rupiah"",""pricelistNum"":""PLS202509010002"",""supplierName"":""Calf Warehouse"",""productDetailID"":3513,""applicableBranch"":{""type"":""ALL"",""branches"":[]}}",2026-08-21 18:25:34.864397+00,2026-08-28 06:30:26.485137+00
340,1,377,1414,ALL,95000.00,true,2025-09-01,Calf Warehouse,SYRUP DRIPP CARAMEL 760ML,RMSY-00006,BTL@930GR,Rupiah,,PLS202509010002,3506,310,1,"{""type"":""ALL"",""branches"":[]}","{""ID"":377,""unit"":""BTL@930GR"",""price"":95000,""uomID"":310,""priceDate"":""2025-09-01"",""productID"":1414,""currencyID"":1,""expireDate"":null,""supplierID"":5,""productCode"":""RMSY-00006"",""productName"":""SYRUP DRIPP CARAMEL 760ML"",""currencyName"":""Rupiah"",""pricelistNum"":""PLS202509010002"",""supplierName"":""Calf Warehouse"",""productDetailID"":3506,""applicableBranch"":{""type"":""ALL"",""branches"":[]}}",2026-08-21 18:25:34.864397+00,2026-08-28 06:30:26.485137+00
341,1,379,1415,ALL,570000.00,true,2025-09-01,Calf Warehouse,SYRUP DRIPP CINNAMON 750ML,RMSY-00007,CTN@6BTL,Rupiah,,PLS202509010002,3510,342,1,"{""type"":""ALL"",""branches"":[]}","{""ID"":379,""unit"":""CTN@6BTL"",""price"":570000,""uomID"":342,""priceDate"":""2025-09-01"",""productID"":1415,""currencyID"":1,""expireDate"":null,""supplierID"":5,""productCode"":""RMSY-00007"",""productName"":""SYRUP DRIPP CINNAMON 750ML"",""currencyName"":""Rupiah"",""pricelistNum"":""PLS202509010002"",""supplierName"":""Calf Warehouse"",""productDetailID"":3510,""applicableBranch"":{""type"":""ALL"",""branches"":[]}}",2026-08-21 18:25:34.864397+00,2026-08-28 06:30:26.485137+00
342,1,383,1416,ALL,95000.00,true,2025-09-01,Calf Warehouse,SYRUP DRIPP MANGO STICKY RICE 750ML,RMSY-00008,BTL@930GR,Rupiah,,PLS202509010002,3512,310,1,"{""type"":""ALL"",""branches"":[]}","{""ID"":383,""unit"":""BTL@930GR"",""price"":95000,""uomID"":310,""priceDate"":""2025-09-01"",""productID"":1416,""currencyID"":1,""expireDate"":null,""supplierID"":5,""productCode"":""RMSY-00008"",""productName"":""SYRUP DRIPP MANGO STICKY RICE 750ML"",""currencyName"":""Rupiah"",""pricelistNum"":""PLS202509010002"",""supplierName"":""Calf Warehouse"",""productDetailID"":3512,""applicableBranch"":{""type"":""ALL"",""branches"":[]}}",2026-08-21 18:25:34.864397+00,2026-08-28 06:30:26.485137+00
343,1,391,1420,ALL,588294.00,true,2025-09-01,Calf Warehouse,SYRUP ITAL LEMON JUICE 1000ML,RMSY-00011,CTN@6BTL,Rupiah,,PLS202509010002,3525,342,1,"{""type"":""ALL"",""branches"":[]}","{""ID"":391,""unit"":""CTN@6BTL"",""price"":588294,""uomID"":342,""priceDate"":""2025-09-01"",""productID"":1420,""currencyID"":1,""expireDate"":null,""supplierID"":5,""productCode"":""RMSY-00011"",""productName"":""SYRUP ITAL LEMON JUICE 1000ML"",""currencyName"":""Rupiah"",""pricelistNum"":""PLS202509010002"",""supplierName"":""Calf Warehouse"",""productDetailID"":3525,""applicableBranch"":{""type"":""ALL"",""branches"":[]}}",2026-08-21 18:25:34.864397+00,2026-08-28 06:30:26.485137+00
344,1,407,1424,ALL,118298.25,true,2025-09-01,Calf Warehouse,SYRUP STIR UP CHEESE 800ML,RMSY-00016,BTL@1130GR,Rupiah,,PLS202509010002,3536,300,1,"{""type"":""ALL"",""branches"":[]}","{""ID"":407,""unit"":""BTL@1130GR"",""price"":118298.25,""uomID"":300,""priceDate"":""2025-09-01"",""productID"":1424,""currencyID"":1,""expireDate"":null,""supplierID"":5,""productCode"":""RMSY-00016"",""productName"":""SYRUP STIR UP CHEESE 800ML"",""currencyName"":""Rupiah"",""pricelistNum"":""PLS202509010002"",""supplierName"":""Calf Warehouse"",""productDetailID"":3536,""applicableBranch"":{""type"":""ALL"",""branches"":[]}}",2026-08-21 18:25:34.864397+00,2026-08-28 06:30:26.485137+00
345,1,357,1398,ALL,750.75,true,2025-09-01,Calf Warehouse,STICKER UNIVERSAL 250ML,PCPB-00022,PCS,Rupiah,,PLS202509010002,3467,402,1,"{""type"":""ALL"",""branches"":[]}","{""ID"":357,""unit"":""PCS"",""price"":750.75,""uomID"":402,""priceDate"":""2025-09-01"",""productID"":1398,""currencyID"":1,""expireDate"":null,""supplierID"":5,""productCode"":""PCPB-00022"",""productName"":""STICKER UNIVERSAL 250ML"",""currencyName"":""Rupiah"",""pricelistNum"":""PLS202509010002"",""supplierName"":""Calf Warehouse"",""productDetailID"":3467,""applicableBranch"":{""type"":""ALL"",""branches"":[]}}",2026-08-21 18:25:34.864397+00,2026-08-28 06:30:26.485137+00
346,1,359,1399,ALL,96196.00,true,2025-09-01,Calf Warehouse,STICKER UNIVERSAL 330ML,PCPB-00023,PACK@100PCS,Rupiah,,PLS202509010002,3471,371,1,"{""type"":""ALL"",""branches"":[]}","{""ID"":359,""unit"":""PACK@100PCS"",""price"":96196,""uomID"":371,""priceDate"":""2025-09-01"",""productID"":1399,""currencyID"":1,""expireDate"":null,""supplierID"":5,""productCode"":""PCPB-00023"",""productName"":""STICKER UNIVERSAL 330ML"",""currencyName"":""Rupiah"",""pricelistNum"":""PLS202509010002"",""supplierName"":""Calf Warehouse"",""productDetailID"":3471,""applicableBranch"":{""type"":""ALL"",""branches"":[]}}",2026-08-21 18:25:34.864397+00,2026-08-28 06:30:26.485137+00
347,1,364,1409,ALL,1940400.00,true,2025-09-01,Calf Warehouse,SYRUP DAVINCI PECAN PRALINE 750ML,RMSY-00003,CTN@12BTL,Rupiah,,PLS202509010002,3492,317,1,"{""type"":""ALL"",""branches"":[]}","{""ID"":364,""unit"":""CTN@12BTL"",""price"":1940400,""uomID"":317,""priceDate"":""2025-09-01"",""productID"":1409,""currencyID"":1,""expireDate"":null,""supplierID"":5,""productCode"":""RMSY-00003"",""productName"":""SYRUP DAVINCI PECAN PRALINE 750ML"",""currencyName"":""Rupiah"",""pricelistNum"":""PLS202509010002"",""supplierName"":""Calf Warehouse"",""productDetailID"":3492,""applicableBranch"":{""type"":""ALL"",""branches"":[]}}",2026-08-21 18:25:34.864397+00,2026-08-28 06:30:26.485137+00
348,1,373,1413,ALL,570000.00,true,2025-09-01,Calf Warehouse,SYRUP DRIPP BUTTERSCOTCH 760ML,RMSY-00005,CTN@6BTL,Rupiah,,PLS202509010002,3504,342,1,"{""type"":""ALL"",""branches"":[]}","{""ID"":373,""unit"":""CTN@6BTL"",""price"":570000,""uomID"":342,""priceDate"":""2025-09-01"",""productID"":1413,""currencyID"":1,""expireDate"":null,""supplierID"":5,""productCode"":""RMSY-00005"",""productName"":""SYRUP DRIPP BUTTERSCOTCH 760ML"",""currencyName"":""Rupiah"",""pricelistNum"":""PLS202509010002"",""supplierName"":""Calf Warehouse"",""productDetailID"":3504,""applicableBranch"":{""type"":""ALL"",""branches"":[]}}",2026-08-21 18:25:34.864397+00,2026-08-28 06:30:26.485137+00
349,1,353,1396,ALL,14850.00,true,2025-09-01,Calf Warehouse,STICKER GREETING CARD - ICE,KSPS-00004,PACK@100PCS,Rupiah,,PLS202509010002,3465,371,1,"{""type"":""ALL"",""branches"":[]}","{""ID"":353,""unit"":""PACK@100PCS"",""price"":14850,""uomID"":371,""priceDate"":""2025-09-01"",""productID"":1396,""currencyID"":1,""expireDate"":null,""supplierID"":5,""productCode"":""KSPS-00004"",""productName"":""STICKER GREETING CARD - ICE"",""currencyName"":""Rupiah"",""pricelistNum"":""PLS202509010002"",""supplierName"":""Calf Warehouse"",""productDetailID"":3465,""applicableBranch"":{""type"":""ALL"",""branches"":[]}}",2026-08-21 18:25:34.864397+00,2026-08-28 06:30:26.485137+00
350,1,370,1412,ALL,570000.00,true,2025-09-01,Calf Warehouse,SYRUP DRIPP BANANA 760ML,RMSY-00004,CTN@6BTL,Rupiah,,PLS202509010002,3501,342,1,"{""type"":""ALL"",""branches"":[]}","{""ID"":370,""unit"":""CTN@6BTL"",""price"":570000,""uomID"":342,""priceDate"":""2025-09-01"",""productID"":1412,""currencyID"":1,""expireDate"":null,""supplierID"":5,""productCode"":""RMSY-00004"",""productName"":""SYRUP DRIPP BANANA 760ML"",""currencyName"":""Rupiah"",""pricelistNum"":""PLS202509010002"",""supplierName"":""Calf Warehouse"",""productDetailID"":3501,""applicableBranch"":{""type"":""ALL"",""branches"":[]}}",2026-08-21 18:25:34.864397+00,2026-08-28 06:30:26.485137+00
351,1,371,1412,ALL,95000.00,true,2025-09-01,Calf Warehouse,SYRUP DRIPP BANANA 760ML,RMSY-00004,BTL@930GR,Rupiah,,PLS202509010002,3500,310,1,"{""type"":""ALL"",""branches"":[]}","{""ID"":371,""unit"":""BTL@930GR"",""price"":95000,""uomID"":310,""priceDate"":""2025-09-01"",""productID"":1412,""currencyID"":1,""expireDate"":null,""supplierID"":5,""productCode"":""RMSY-00004"",""productName"":""SYRUP DRIPP BANANA 760ML"",""currencyName"":""Rupiah"",""pricelistNum"":""PLS202509010002"",""supplierName"":""Calf Warehouse"",""productDetailID"":3500,""applicableBranch"":{""type"":""ALL"",""branches"":[]}}",2026-08-21 18:25:34.864397+00,2026-08-28 06:30:26.485137+00
352,1,345,1386,ALL,58740.00,true,2025-09-01,Calf Warehouse,SKM POUCH 2KG,RMBV-00016,PACK@2000GR,Rupiah,,PLS202509010002,3446,377,1,"{""type"":""ALL"",""branches"":[]}","{""ID"":345,""unit"":""PACK@2000GR"",""price"":58740,""uomID"":377,""priceDate"":""2025-09-01"",""productID"":1386,""currencyID"":1,""expireDate"":null,""supplierID"":5,""productCode"":""RMBV-00016"",""productName"":""SKM POUCH 2KG"",""currencyName"":""Rupiah"",""pricelistNum"":""PLS202509010002"",""supplierName"":""Calf Warehouse"",""productDetailID"":3446,""applicableBranch"":{""type"":""ALL"",""branches"":[]}}",2026-08-21 18:25:34.864397+00,2026-08-28 06:30:26.485137+00
353,1,343,1385,ALL,29.37,true,2025-09-01,Calf Warehouse,SKM POUCH 1000GR,RMBV-00015,GR,Rupiah,,PLS202509010002,3442,351,1,"{""type"":""ALL"",""branches"":[]}","{""ID"":343,""unit"":""GR"",""price"":29.37,""uomID"":351,""priceDate"":""2025-09-01"",""productID"":1385,""currencyID"":1,""expireDate"":null,""supplierID"":5,""productCode"":""RMBV-00015"",""productName"":""SKM POUCH 1000GR"",""currencyName"":""Rupiah"",""pricelistNum"":""PLS202509010002"",""supplierName"":""Calf Warehouse"",""productDetailID"":3442,""applicableBranch"":{""type"":""ALL"",""branches"":[]}}",2026-08-21 18:25:34.864397+00,2026-08-28 06:30:26.485137+00
354,1,342,1385,ALL,29370.00,true,2025-09-01,Calf Warehouse,SKM POUCH 1000GR,RMBV-00015,PCS@1000GR,Rupiah,,PLS202509010002,3443,403,1,"{""type"":""ALL"",""branches"":[]}","{""ID"":342,""unit"":""PCS@1000GR"",""price"":29370,""uomID"":403,""priceDate"":""2025-09-01"",""productID"":1385,""currencyID"":1,""expireDate"":null,""supplierID"":5,""productCode"":""RMBV-00015"",""productName"":""SKM POUCH 1000GR"",""currencyName"":""Rupiah"",""pricelistNum"":""PLS202509010002"",""supplierName"":""Calf Warehouse"",""productDetailID"":3443,""applicableBranch"":{""type"":""ALL"",""branches"":[]}}",2026-08-21 18:25:34.864397+00,2026-08-28 06:30:26.485137+00
355,1,344,1386,ALL,469920.00,true,2025-09-01,Calf Warehouse,SKM POUCH 2KG,RMBV-00016,CTN@8PACK,Rupiah,,PLS202509010002,3447,348,1,"{""type"":""ALL"",""branches"":[]}","{""ID"":344,""unit"":""CTN@8PACK"",""price"":469920,""uomID"":348,""priceDate"":""2025-09-01"",""productID"":1386,""currencyID"":1,""expireDate"":null,""supplierID"":5,""productCode"":""RMBV-00016"",""productName"":""SKM POUCH 2KG"",""currencyName"":""Rupiah"",""pricelistNum"":""PLS202509010002"",""supplierName"":""Calf Warehouse"",""productDetailID"":3447,""applicableBranch"":{""type"":""ALL"",""branches"":[]}}",2026-08-21 18:25:34.864397+00,2026-08-28 06:30:26.485137+00
356,1,356,1398,ALL,75075.00,true,2025-09-01,Calf Warehouse,STICKER UNIVERSAL 250ML,PCPB-00022,PACK@100PCS,Rupiah,,PLS202509010002,3468,371,1,"{""type"":""ALL"",""branches"":[]}","{""ID"":356,""unit"":""PACK@100PCS"",""price"":75075,""uomID"":371,""priceDate"":""2025-09-01"",""productID"":1398,""currencyID"":1,""expireDate"":null,""supplierID"":5,""productCode"":""PCPB-00022"",""productName"":""STICKER UNIVERSAL 250ML"",""currencyName"":""Rupiah"",""pricelistNum"":""PLS202509010002"",""supplierName"":""Calf Warehouse"",""productDetailID"":3468,""applicableBranch"":{""type"":""ALL"",""branches"":[]}}",2026-08-21 18:25:34.864397+00,2026-08-28 06:30:26.485137+00
357,1,376,1414,ALL,570000.00,true,2025-09-01,Calf Warehouse,SYRUP DRIPP CARAMEL 760ML,RMSY-00006,CTN@6BTL,Rupiah,,PLS202509010002,3507,342,1,"{""type"":""ALL"",""branches"":[]}","{""ID"":376,""unit"":""CTN@6BTL"",""price"":570000,""uomID"":342,""priceDate"":""2025-09-01"",""productID"":1414,""currencyID"":1,""expireDate"":null,""supplierID"":5,""productCode"":""RMSY-00006"",""productName"":""SYRUP DRIPP CARAMEL 760ML"",""currencyName"":""Rupiah"",""pricelistNum"":""PLS202509010002"",""supplierName"":""Calf Warehouse"",""productDetailID"":3507,""applicableBranch"":{""type"":""ALL"",""branches"":[]}}",2026-08-21 18:25:34.864397+00,2026-08-28 06:30:26.485137+00
358,1,417,1427,ALL,104.69,true,2025-09-01,Calf Warehouse,SYRUP STIR UP PISTACHIO 800ML,RMSY-00019,GR,Rupiah,,PLS202509010002,3544,351,1,"{""type"":""ALL"",""branches"":[]}","{""ID"":417,""unit"":""GR"",""price"":104.69,""uomID"":351,""priceDate"":""2025-09-01"",""productID"":1427,""currencyID"":1,""expireDate"":null,""supplierID"":5,""productCode"":""RMSY-00019"",""productName"":""SYRUP STIR UP PISTACHIO 800ML"",""currencyName"":""Rupiah"",""pricelistNum"":""PLS202509010002"",""supplierName"":""Calf Warehouse"",""productDetailID"":3544,""applicableBranch"":{""type"":""ALL"",""branches"":[]}}",2026-08-21 18:25:34.864397+00,2026-08-28 06:30:26.485137+00
359,1,350,1393,ALL,13125.00,true,2025-09-01,Calf Warehouse,STICKER BIRU CALF (ROUND),KSPS-00003,LEMBAR@77PCS,Rupiah,,PLS202509010002,3461,368,1,"{""type"":""ALL"",""branches"":[]}","{""ID"":350,""unit"":""LEMBAR@77PCS"",""price"":13125,""uomID"":368,""priceDate"":""2025-09-01"",""productID"":1393,""currencyID"":1,""expireDate"":null,""supplierID"":5,""productCode"":""KSPS-00003"",""productName"":""STICKER BIRU CALF (ROUND)"",""currencyName"":""Rupiah"",""pricelistNum"":""PLS202509010002"",""supplierName"":""Calf Warehouse"",""productDetailID"":3461,""applicableBranch"":{""type"":""ALL"",""branches"":[]}}",2026-08-21 18:25:34.864397+00,2026-08-28 06:30:26.485137+00
360,1,348,1392,ALL,15750.00,true,2025-09-01,Calf Warehouse,SPORK HITAM,KSUK-00006,PACK@50PCS,Rupiah,,PLS202509010002,3459,389,1,"{""type"":""ALL"",""branches"":[]}","{""ID"":348,""unit"":""PACK@50PCS"",""price"":15750,""uomID"":389,""priceDate"":""2025-09-01"",""productID"":1392,""currencyID"":1,""expireDate"":null,""supplierID"":5,""productCode"":""KSUK-00006"",""productName"":""SPORK HITAM"",""currencyName"":""Rupiah"",""pricelistNum"":""PLS202509010002"",""supplierName"":""Calf Warehouse"",""productDetailID"":3459,""applicableBranch"":{""type"":""ALL"",""branches"":[]}}",2026-08-21 18:25:34.864397+00,2026-08-28 06:30:26.485137+00
361,1,349,1392,ALL,315.00,true,2025-09-01,Calf Warehouse,SPORK HITAM,KSUK-00006,PCS,Rupiah,,PLS202509010002,3458,402,1,"{""type"":""ALL"",""branches"":[]}","{""ID"":349,""unit"":""PCS"",""price"":315,""uomID"":402,""priceDate"":""2025-09-01"",""productID"":1392,""currencyID"":1,""expireDate"":null,""supplierID"":5,""productCode"":""KSUK-00006"",""productName"":""SPORK HITAM"",""currencyName"":""Rupiah"",""pricelistNum"":""PLS202509010002"",""supplierName"":""Calf Warehouse"",""productDetailID"":3458,""applicableBranch"":{""type"":""ALL"",""branches"":[]}}",2026-08-21 18:25:34.864397+00,2026-08-28 06:30:26.485137+00
362,1,475,1455,ALL,550000.00,true,2025-09-01,Calf Warehouse,TUTUP CUP HOT,PCPB-00014,CTN@20BALL,Rupiah,,PLS202509010002,3615,325,1,"{""type"":""ALL"",""branches"":[]}","{""ID"":475,""unit"":""CTN@20BALL"",""price"":550000,""uomID"":325,""priceDate"":""2025-09-01"",""productID"":1455,""currencyID"":1,""expireDate"":null,""supplierID"":5,""productCode"":""PCPB-00014"",""productName"":""TUTUP CUP HOT"",""currencyName"":""Rupiah"",""pricelistNum"":""PLS202509010002"",""supplierName"":""Calf Warehouse"",""productDetailID"":3615,""applicableBranch"":{""type"":""ALL"",""branches"":[]}}",2026-08-21 18:25:34.864397+00,2026-08-28 06:30:26.485137+00
363,1,443,1438,ALL,15435.00,true,2025-09-01,Calf Warehouse,TEPUNG TERIGU 1000GR,RMKC-00031,PCS@1000GR,Rupiah,,PLS202509010002,3575,403,1,"{""type"":""ALL"",""branches"":[]}","{""ID"":443,""unit"":""PCS@1000GR"",""price"":15435,""uomID"":403,""priceDate"":""2025-09-01"",""productID"":1438,""currencyID"":1,""expireDate"":null,""supplierID"":5,""productCode"":""RMKC-00031"",""productName"":""TEPUNG TERIGU 1000GR"",""currencyName"":""Rupiah"",""pricelistNum"":""PLS202509010002"",""supplierName"":""Calf Warehouse"",""productDetailID"":3575,""applicableBranch"":{""type"":""ALL"",""branches"":[]}}",2026-08-21 18:25:34.864397+00,2026-08-28 06:30:26.485137+00
364,1,442,1438,ALL,185220.00,true,2025-09-01,Calf Warehouse,TEPUNG TERIGU 1000GR,RMKC-00031,CTN@12PCS,Rupiah,,PLS202509010002,3576,319,1,"{""type"":""ALL"",""branches"":[]}","{""ID"":442,""unit"":""CTN@12PCS"",""price"":185220,""uomID"":319,""priceDate"":""2025-09-01"",""productID"":1438,""currencyID"":1,""expireDate"":null,""supplierID"":5,""productCode"":""RMKC-00031"",""productName"":""TEPUNG TERIGU 1000GR"",""currencyName"":""Rupiah"",""pricelistNum"":""PLS202509010002"",""supplierName"":""Calf Warehouse"",""productDetailID"":3576,""applicableBranch"":{""type"":""ALL"",""branches"":[]}}",2026-08-21 18:25:34.864397+00,2026-08-28 06:30:26.485137+00
365,1,440,1437,ALL,21000.00,true,2025-09-01,Calf Warehouse,TEPUNG MAIZENA 1000GR,RMKC-00030,PCS@1000GR,Rupiah,,PLS202509010002,3572,403,1,"{""type"":""ALL"",""branches"":[]}","{""ID"":440,""unit"":""PCS@1000GR"",""price"":21000,""uomID"":403,""priceDate"":""2025-09-01"",""productID"":1437,""currencyID"":1,""expireDate"":null,""supplierID"":5,""productCode"":""RMKC-00030"",""productName"":""TEPUNG MAIZENA 1000GR"",""currencyName"":""Rupiah"",""pricelistNum"":""PLS202509010002"",""supplierName"":""Calf Warehouse"",""productDetailID"":3572,""applicableBranch"":{""type"":""ALL"",""branches"":[]}}",2026-08-21 18:25:34.864397+00,2026-08-28 06:30:26.485137+00
366,1,439,1437,ALL,252000.00,true,2025-09-01,Calf Warehouse,TEPUNG MAIZENA 1000GR,RMKC-00030,CTN@12PCS,Rupiah,,PLS202509010002,3573,319,1,"{""type"":""ALL"",""branches"":[]}","{""ID"":439,""unit"":""CTN@12PCS"",""price"":252000,""uomID"":319,""priceDate"":""2025-09-01"",""productID"":1437,""currencyID"":1,""expireDate"":null,""supplierID"":5,""productCode"":""RMKC-00030"",""productName"":""TEPUNG MAIZENA 1000GR"",""currencyName"":""Rupiah"",""pricelistNum"":""PLS202509010002"",""supplierName"":""Calf Warehouse"",""productDetailID"":3573,""applicableBranch"":{""type"":""ALL"",""branches"":[]}}",2026-08-21 18:25:34.864397+00,2026-08-28 06:30:26.485137+00
367,1,436,1436,ALL,509355.00,true,2025-09-01,Calf Warehouse,TEPUNG FINNA 1000GR,RMKC-00029,CTN@21PCS,Rupiah,,PLS202509010002,3570,329,1,"{""type"":""ALL"",""branches"":[]}","{""ID"":436,""unit"":""CTN@21PCS"",""price"":509355,""uomID"":329,""priceDate"":""2025-09-01"",""productID"":1436,""currencyID"":1,""expireDate"":null,""supplierID"":5,""productCode"":""RMKC-00029"",""productName"":""TEPUNG FINNA 1000GR"",""currencyName"":""Rupiah"",""pricelistNum"":""PLS202509010002"",""supplierName"":""Calf Warehouse"",""productDetailID"":3570,""applicableBranch"":{""type"":""ALL"",""branches"":[]}}",2026-08-21 18:25:34.864397+00,2026-08-28 06:30:26.485137+00
368,1,435,1433,ALL,102.15,true,2025-09-01,Calf Warehouse,SYRUP DRIPP MANGGA HARUMANIS PULP 760ML,RMSY-00027,GR,Rupiah,,PLS202509010002,3562,351,1,"{""type"":""ALL"",""branches"":[]}","{""ID"":435,""unit"":""GR"",""price"":102.15,""uomID"":351,""priceDate"":""2025-09-01"",""productID"":1433,""currencyID"":1,""expireDate"":null,""supplierID"":5,""productCode"":""RMSY-00027"",""productName"":""SYRUP DRIPP MANGGA HARUMANIS PULP 760ML"",""currencyName"":""Rupiah"",""pricelistNum"":""PLS202509010002"",""supplierName"":""Calf Warehouse"",""productDetailID"":3562,""applicableBranch"":{""type"":""ALL"",""branches"":[]}}",2026-08-21 18:25:34.864397+00,2026-08-28 06:30:26.485137+00
369,1,433,1433,ALL,570000.00,true,2025-09-01,Calf Warehouse,SYRUP DRIPP MANGGA HARUMANIS PULP 760ML,RMSY-00027,CTN@6BTL,Rupiah,,PLS202509010002,3564,342,1,"{""type"":""ALL"",""branches"":[]}","{""ID"":433,""unit"":""CTN@6BTL"",""price"":570000,""uomID"":342,""priceDate"":""2025-09-01"",""productID"":1433,""currencyID"":1,""expireDate"":null,""supplierID"":5,""productCode"":""RMSY-00027"",""productName"":""SYRUP DRIPP MANGGA HARUMANIS PULP 760ML"",""currencyName"":""Rupiah"",""pricelistNum"":""PLS202509010002"",""supplierName"":""Calf Warehouse"",""productDetailID"":3564,""applicableBranch"":{""type"":""ALL"",""branches"":[]}}",2026-08-21 18:25:34.864397+00,2026-08-28 06:30:26.485137+00
370,1,432,1432,ALL,100.48,true,2025-09-01,Calf Warehouse,SYRUP VOYA VANILLA 750ML,RMSY-00026,GR,Rupiah,,PLS202509010002,3559,351,1,"{""type"":""ALL"",""branches"":[]}","{""ID"":432,""unit"":""GR"",""price"":100.48,""uomID"":351,""priceDate"":""2025-09-01"",""productID"":1432,""currencyID"":1,""expireDate"":null,""supplierID"":5,""productCode"":""RMSY-00026"",""productName"":""SYRUP VOYA VANILLA 750ML"",""currencyName"":""Rupiah"",""pricelistNum"":""PLS202509010002"",""supplierName"":""Calf Warehouse"",""productDetailID"":3559,""applicableBranch"":{""type"":""ALL"",""branches"":[]}}",2026-08-21 18:25:34.864397+00,2026-08-28 06:30:26.485137+00
371,1,428,1431,ALL,93450.00,true,2025-09-01,Calf Warehouse,SYRUP TOZA VANILLA 770ML,RMSY-00025,BTL@930GR,Rupiah,,PLS202509010002,3557,310,1,"{""type"":""ALL"",""branches"":[]}","{""ID"":428,""unit"":""BTL@930GR"",""price"":93450,""uomID"":310,""priceDate"":""2025-09-01"",""productID"":1431,""currencyID"":1,""expireDate"":null,""supplierID"":5,""productCode"":""RMSY-00025"",""productName"":""SYRUP TOZA VANILLA 770ML"",""currencyName"":""Rupiah"",""pricelistNum"":""PLS202509010002"",""supplierName"":""Calf Warehouse"",""productDetailID"":3557,""applicableBranch"":{""type"":""ALL"",""branches"":[]}}",2026-08-21 18:25:34.864397+00,2026-08-28 06:30:26.485137+00
372,1,381,1415,ALL,102.15,true,2025-09-01,Calf Warehouse,SYRUP DRIPP CINNAMON 750ML,RMSY-00007,GR,Rupiah,,PLS202509010002,3508,351,1,"{""type"":""ALL"",""branches"":[]}","{""ID"":381,""unit"":""GR"",""price"":102.15,""uomID"":351,""priceDate"":""2025-09-01"",""productID"":1415,""currencyID"":1,""expireDate"":null,""supplierID"":5,""productCode"":""RMSY-00007"",""productName"":""SYRUP DRIPP CINNAMON 750ML"",""currencyName"":""Rupiah"",""pricelistNum"":""PLS202509010002"",""supplierName"":""Calf Warehouse"",""productDetailID"":3508,""applicableBranch"":{""type"":""ALL"",""branches"":[]}}",2026-08-21 18:25:34.864397+00,2026-08-28 06:30:26.485137+00
373,1,378,1414,ALL,102.15,true,2025-09-01,Calf Warehouse,SYRUP DRIPP CARAMEL 760ML,RMSY-00006,GR,Rupiah,,PLS202509010002,3505,351,1,"{""type"":""ALL"",""branches"":[]}","{""ID"":378,""unit"":""GR"",""price"":102.15,""uomID"":351,""priceDate"":""2025-09-01"",""productID"":1414,""currencyID"":1,""expireDate"":null,""supplierID"":5,""productCode"":""RMSY-00006"",""productName"":""SYRUP DRIPP CARAMEL 760ML"",""currencyName"":""Rupiah"",""pricelistNum"":""PLS202509010002"",""supplierName"":""Calf Warehouse"",""productDetailID"":3505,""applicableBranch"":{""type"":""ALL"",""branches"":[]}}",2026-08-21 18:25:34.864397+00,2026-08-28 06:30:26.485137+00
374,1,375,1413,ALL,102.15,true,2025-09-01,Calf Warehouse,SYRUP DRIPP BUTTERSCOTCH 760ML,RMSY-00005,GR,Rupiah,,PLS202509010002,3502,351,1,"{""type"":""ALL"",""branches"":[]}","{""ID"":375,""unit"":""GR"",""price"":102.15,""uomID"":351,""priceDate"":""2025-09-01"",""productID"":1413,""currencyID"":1,""expireDate"":null,""supplierID"":5,""productCode"":""RMSY-00005"",""productName"":""SYRUP DRIPP BUTTERSCOTCH 760ML"",""currencyName"":""Rupiah"",""pricelistNum"":""PLS202509010002"",""supplierName"":""Calf Warehouse"",""productDetailID"":3502,""applicableBranch"":{""type"":""ALL"",""branches"":[]}}",2026-08-21 18:25:34.864397+00,2026-08-28 06:30:26.485137+00
375,1,374,1413,ALL,95000.00,true,2025-09-01,Calf Warehouse,SYRUP DRIPP BUTTERSCOTCH 760ML,RMSY-00005,BTL@930GR,Rupiah,,PLS202509010002,3503,310,1,"{""type"":""ALL"",""branches"":[]}","{""ID"":374,""unit"":""BTL@930GR"",""price"":95000,""uomID"":310,""priceDate"":""2025-09-01"",""productID"":1413,""currencyID"":1,""expireDate"":null,""supplierID"":5,""productCode"":""RMSY-00005"",""productName"":""SYRUP DRIPP BUTTERSCOTCH 760ML"",""currencyName"":""Rupiah"",""pricelistNum"":""PLS202509010002"",""supplierName"":""Calf Warehouse"",""productDetailID"":3503,""applicableBranch"":{""type"":""ALL"",""branches"":[]}}",2026-08-21 18:25:34.864397+00,2026-08-28 06:30:26.485137+00
376,1,372,1412,ALL,102.15,true,2025-09-01,Calf Warehouse,SYRUP DRIPP BANANA 760ML,RMSY-00004,GR,Rupiah,,PLS202509010002,3499,351,1,"{""type"":""ALL"",""branches"":[]}","{""ID"":372,""unit"":""GR"",""price"":102.15,""uomID"":351,""priceDate"":""2025-09-01"",""productID"":1412,""currencyID"":1,""expireDate"":null,""supplierID"":5,""productCode"":""RMSY-00004"",""productName"":""SYRUP DRIPP BANANA 760ML"",""currencyName"":""Rupiah"",""pricelistNum"":""PLS202509010002"",""supplierName"":""Calf Warehouse"",""productDetailID"":3499,""applicableBranch"":{""type"":""ALL"",""branches"":[]}}",2026-08-21 18:25:34.864397+00,2026-08-28 06:30:26.485137+00
377,1,366,1409,ALL,173.87,true,2025-09-01,Calf Warehouse,SYRUP DAVINCI PECAN PRALINE 750ML,RMSY-00003,GR,Rupiah,,PLS202509010002,3490,351,1,"{""type"":""ALL"",""branches"":[]}","{""ID"":366,""unit"":""GR"",""price"":173.87,""uomID"":351,""priceDate"":""2025-09-01"",""productID"":1409,""currencyID"":1,""expireDate"":null,""supplierID"":5,""productCode"":""RMSY-00003"",""productName"":""SYRUP DAVINCI PECAN PRALINE 750ML"",""currencyName"":""Rupiah"",""pricelistNum"":""PLS202509010002"",""supplierName"":""Calf Warehouse"",""productDetailID"":3490,""applicableBranch"":{""type"":""ALL"",""branches"":[]}}",2026-08-21 18:25:34.864397+00,2026-08-28 06:30:26.485137+00
378,1,365,1409,ALL,161700.00,true,2025-09-01,Calf Warehouse,SYRUP DAVINCI PECAN PRALINE 750ML,RMSY-00003,BTL@930GR,Rupiah,,PLS202509010002,3491,310,1,"{""type"":""ALL"",""branches"":[]}","{""ID"":365,""unit"":""BTL@930GR"",""price"":161700,""uomID"":310,""priceDate"":""2025-09-01"",""productID"":1409,""currencyID"":1,""expireDate"":null,""supplierID"":5,""productCode"":""RMSY-00003"",""productName"":""SYRUP DAVINCI PECAN PRALINE 750ML"",""currencyName"":""Rupiah"",""pricelistNum"":""PLS202509010002"",""supplierName"":""Calf Warehouse"",""productDetailID"":3491,""applicableBranch"":{""type"":""ALL"",""branches"":[]}}",2026-08-21 18:25:34.864397+00,2026-08-28 06:30:26.485137+00
379,1,363,1408,ALL,173.87,true,2025-09-01,Calf Warehouse,SYRUP DAVINCI COOKIES 750ML,RMSY-00002,GR,Rupiah,,PLS202509010002,3487,351,1,"{""type"":""ALL"",""branches"":[]}","{""ID"":363,""unit"":""GR"",""price"":173.87,""uomID"":351,""priceDate"":""2025-09-01"",""productID"":1408,""currencyID"":1,""expireDate"":null,""supplierID"":5,""productCode"":""RMSY-00002"",""productName"":""SYRUP DAVINCI COOKIES 750ML"",""currencyName"":""Rupiah"",""pricelistNum"":""PLS202509010002"",""supplierName"":""Calf Warehouse"",""productDetailID"":3487,""applicableBranch"":{""type"":""ALL"",""branches"":[]}}",2026-08-21 18:25:34.864397+00,2026-08-28 06:30:26.485137+00
380,1,362,1408,ALL,161700.00,true,2025-09-01,Calf Warehouse,SYRUP DAVINCI COOKIES 750ML,RMSY-00002,BTL@930GR,Rupiah,,PLS202509010002,3488,310,1,"{""type"":""ALL"",""branches"":[]}","{""ID"":362,""unit"":""BTL@930GR"",""price"":161700,""uomID"":310,""priceDate"":""2025-09-01"",""productID"":1408,""currencyID"":1,""expireDate"":null,""supplierID"":5,""productCode"":""RMSY-00002"",""productName"":""SYRUP DAVINCI COOKIES 750ML"",""currencyName"":""Rupiah"",""pricelistNum"":""PLS202509010002"",""supplierName"":""Calf Warehouse"",""productDetailID"":3488,""applicableBranch"":{""type"":""ALL"",""branches"":[]}}",2026-08-21 18:25:34.864397+00,2026-08-28 06:30:26.485137+00
381,1,358,1399,ALL,7503288.00,true,2025-09-01,Calf Warehouse,STICKER UNIVERSAL 330ML,PCPB-00023,CTN@78PACK,Rupiah,,PLS202509010002,3472,347,1,"{""type"":""ALL"",""branches"":[]}","{""ID"":358,""unit"":""CTN@78PACK"",""price"":7503288,""uomID"":347,""priceDate"":""2025-09-01"",""productID"":1399,""currencyID"":1,""expireDate"":null,""supplierID"":5,""productCode"":""PCPB-00023"",""productName"":""STICKER UNIVERSAL 330ML"",""currencyName"":""Rupiah"",""pricelistNum"":""PLS202509010002"",""supplierName"":""Calf Warehouse"",""productDetailID"":3472,""applicableBranch"":{""type"":""ALL"",""branches"":[]}}",2026-08-21 18:25:34.864397+00,2026-08-28 06:30:26.485137+00
382,1,355,1398,ALL,7807800.00,true,2025-09-01,Calf Warehouse,STICKER UNIVERSAL 250ML,PCPB-00022,CTN@104PACK,Rupiah,,PLS202509010002,3469,313,1,"{""type"":""ALL"",""branches"":[]}","{""ID"":355,""unit"":""CTN@104PACK"",""price"":7807800,""uomID"":313,""priceDate"":""2025-09-01"",""productID"":1398,""currencyID"":1,""expireDate"":null,""supplierID"":5,""productCode"":""PCPB-00022"",""productName"":""STICKER UNIVERSAL 250ML"",""currencyName"":""Rupiah"",""pricelistNum"":""PLS202509010002"",""supplierName"":""Calf Warehouse"",""productDetailID"":3469,""applicableBranch"":{""type"":""ALL"",""branches"":[]}}",2026-08-21 18:25:34.864397+00,2026-08-28 06:30:26.485137+00
383,1,346,1386,ALL,29.37,true,2025-09-01,Calf Warehouse,SKM POUCH 2KG,RMBV-00016,GR,Rupiah,,PLS202509010002,3445,351,1,"{""type"":""ALL"",""branches"":[]}","{""ID"":346,""unit"":""GR"",""price"":29.37,""uomID"":351,""priceDate"":""2025-09-01"",""productID"":1386,""currencyID"":1,""expireDate"":null,""supplierID"":5,""productCode"":""RMBV-00016"",""productName"":""SKM POUCH 2KG"",""currencyName"":""Rupiah"",""pricelistNum"":""PLS202509010002"",""supplierName"":""Calf Warehouse"",""productDetailID"":3445,""applicableBranch"":{""type"":""ALL"",""branches"":[]}}",2026-08-21 18:25:34.864397+00,2026-08-28 06:30:26.485137+00
384,1,341,1385,ALL,469920.00,true,2025-09-01,Calf Warehouse,SKM POUCH 1000GR,RMBV-00015,CTN@16PCS,Rupiah,,PLS202509010002,3444,324,1,"{""type"":""ALL"",""branches"":[]}","{""ID"":341,""unit"":""CTN@16PCS"",""price"":469920,""uomID"":324,""priceDate"":""2025-09-01"",""productID"":1385,""currencyID"":1,""expireDate"":null,""supplierID"":5,""productCode"":""RMBV-00015"",""productName"":""SKM POUCH 1000GR"",""currencyName"":""Rupiah"",""pricelistNum"":""PLS202509010002"",""supplierName"":""Calf Warehouse"",""productDetailID"":3444,""applicableBranch"":{""type"":""ALL"",""branches"":[]}}",2026-08-21 18:25:34.864397+00,2026-08-28 06:30:26.485137+00
385,1,339,1384,ALL,15939.08,true,2025-09-01,Calf Warehouse,SKM KALENG 488GR,RMBV-00014,PCS@488GR,Rupiah,,PLS202509010002,3440,412,1,"{""type"":""ALL"",""branches"":[]}","{""ID"":339,""unit"":""PCS@488GR"",""price"":15939.08,""uomID"":412,""priceDate"":""2025-09-01"",""productID"":1384,""currencyID"":1,""expireDate"":null,""supplierID"":5,""productCode"":""RMBV-00014"",""productName"":""SKM KALENG 488GR"",""currencyName"":""Rupiah"",""pricelistNum"":""PLS202509010002"",""supplierName"":""Calf Warehouse"",""productDetailID"":3440,""applicableBranch"":{""type"":""ALL"",""branches"":[]}}",2026-08-21 18:25:34.864397+00,2026-08-28 06:30:26.485137+00
386,1,338,1384,ALL,765075.97,true,2025-09-01,Calf Warehouse,SKM KALENG 488GR,RMBV-00014,CTN@48PCS,Rupiah,,PLS202509010002,3441,338,1,"{""type"":""ALL"",""branches"":[]}","{""ID"":338,""unit"":""CTN@48PCS"",""price"":765075.97,""uomID"":338,""priceDate"":""2025-09-01"",""productID"":1384,""currencyID"":1,""expireDate"":null,""supplierID"":5,""productCode"":""RMBV-00014"",""productName"":""SKM KALENG 488GR"",""currencyName"":""Rupiah"",""pricelistNum"":""PLS202509010002"",""supplierName"":""Calf Warehouse"",""productDetailID"":3441,""applicableBranch"":{""type"":""ALL"",""branches"":[]}}",2026-08-21 18:25:34.864397+00,2026-08-28 06:30:26.485137+00
387,1,332,1382,ALL,888300.00,true,2025-09-01,Calf Warehouse,SKIPPY CHUNKY 500GR,RMKC-00028,CTN@12PCS,Rupiah,,PLS202509010002,3435,319,1,"{""type"":""ALL"",""branches"":[]}","{""ID"":332,""unit"":""CTN@12PCS"",""price"":888300,""uomID"":319,""priceDate"":""2025-09-01"",""productID"":1382,""currencyID"":1,""expireDate"":null,""supplierID"":5,""productCode"":""RMKC-00028"",""productName"":""SKIPPY CHUNKY 500GR"",""currencyName"":""Rupiah"",""pricelistNum"":""PLS202509010002"",""supplierName"":""Calf Warehouse"",""productDetailID"":3435,""applicableBranch"":{""type"":""ALL"",""branches"":[]}}",2026-08-21 18:25:34.864397+00,2026-08-28 06:30:26.485137+00
388,1,331,1379,ALL,46.62,true,2025-09-01,Calf Warehouse,SEDOTAN 6MM,PCPB-00010,PCS,Rupiah,,PLS202509010002,3427,402,1,"{""type"":""ALL"",""branches"":[]}","{""ID"":331,""unit"":""PCS"",""price"":46.62,""uomID"":402,""priceDate"":""2025-09-01"",""productID"":1379,""currencyID"":1,""expireDate"":null,""supplierID"":5,""productCode"":""PCPB-00010"",""productName"":""SEDOTAN 6MM"",""currencyName"":""Rupiah"",""pricelistNum"":""PLS202509010002"",""supplierName"":""Calf Warehouse"",""productDetailID"":3427,""applicableBranch"":{""type"":""ALL"",""branches"":[]}}",2026-08-21 18:25:34.864397+00,2026-08-28 06:30:26.485137+00
389,1,329,1379,ALL,466200.00,true,2025-09-01,Calf Warehouse,SEDOTAN 6MM,PCPB-00010,CTN@20PACK,Rupiah,,PLS202509010002,3429,326,1,"{""type"":""ALL"",""branches"":[]}","{""ID"":329,""unit"":""CTN@20PACK"",""price"":466200,""uomID"":326,""priceDate"":""2025-09-01"",""productID"":1379,""currencyID"":1,""expireDate"":null,""supplierID"":5,""productCode"":""PCPB-00010"",""productName"":""SEDOTAN 6MM"",""currencyName"":""Rupiah"",""pricelistNum"":""PLS202509010002"",""supplierName"":""Calf Warehouse"",""productDetailID"":3429,""applicableBranch"":{""type"":""ALL"",""branches"":[]}}",2026-08-21 18:25:34.864397+00,2026-08-28 06:30:26.485137+00
390,1,328,1378,ALL,46.62,true,2025-09-01,Calf Warehouse,SEDOTAN 5MM,PCPB-00009,PCS,Rupiah,,PLS202509010002,3424,402,1,"{""type"":""ALL"",""branches"":[]}","{""ID"":328,""unit"":""PCS"",""price"":46.62,""uomID"":402,""priceDate"":""2025-09-01"",""productID"":1378,""currencyID"":1,""expireDate"":null,""supplierID"":5,""productCode"":""PCPB-00009"",""productName"":""SEDOTAN 5MM"",""currencyName"":""Rupiah"",""pricelistNum"":""PLS202509010002"",""supplierName"":""Calf Warehouse"",""productDetailID"":3424,""applicableBranch"":{""type"":""ALL"",""branches"":[]}}",2026-08-21 18:25:34.864397+00,2026-08-28 06:30:26.485137+00
391,1,325,1377,ALL,54.40,true,2025-09-01,Calf Warehouse,SAUS TIRAM PANDA 510 GR,RMKC-00027,GR,Rupiah,,PLS202509010002,3421,351,1,"{""type"":""ALL"",""branches"":[]}","{""ID"":325,""unit"":""GR"",""price"":54.4,""uomID"":351,""priceDate"":""2025-09-01"",""productID"":1377,""currencyID"":1,""expireDate"":null,""supplierID"":5,""productCode"":""RMKC-00027"",""productName"":""SAUS TIRAM PANDA 510 GR"",""currencyName"":""Rupiah"",""pricelistNum"":""PLS202509010002"",""supplierName"":""Calf Warehouse"",""productDetailID"":3421,""applicableBranch"":{""type"":""ALL"",""branches"":[]}}",2026-08-21 18:25:34.864397+00,2026-08-28 06:30:26.485137+00
392,1,324,1377,ALL,27744.00,true,2025-09-01,Calf Warehouse,SAUS TIRAM PANDA 510 GR,RMKC-00027,PCS@510GR,Rupiah,,PLS202509010002,3422,414,1,"{""type"":""ALL"",""branches"":[]}","{""ID"":324,""unit"":""PCS@510GR"",""price"":27744,""uomID"":414,""priceDate"":""2025-09-01"",""productID"":1377,""currencyID"":1,""expireDate"":null,""supplierID"":5,""productCode"":""RMKC-00027"",""productName"":""SAUS TIRAM PANDA 510 GR"",""currencyName"":""Rupiah"",""pricelistNum"":""PLS202509010002"",""supplierName"":""Calf Warehouse"",""productDetailID"":3422,""applicableBranch"":{""type"":""ALL"",""branches"":[]}}",2026-08-21 18:25:34.864397+00,2026-08-28 06:30:26.485137+00
393,1,322,1376,ALL,54.40,true,2025-09-01,Calf Warehouse,SAUS TIRAM PANDA 2200GR,RMKC-00026,GR,Rupiah,,PLS202509010002,3418,351,1,"{""type"":""ALL"",""branches"":[]}","{""ID"":322,""unit"":""GR"",""price"":54.4,""uomID"":351,""priceDate"":""2025-09-01"",""productID"":1376,""currencyID"":1,""expireDate"":null,""supplierID"":5,""productCode"":""RMKC-00026"",""productName"":""SAUS TIRAM PANDA 2200GR"",""currencyName"":""Rupiah"",""pricelistNum"":""PLS202509010002"",""supplierName"":""Calf Warehouse"",""productDetailID"":3418,""applicableBranch"":{""type"":""ALL"",""branches"":[]}}",2026-08-21 18:25:34.864397+00,2026-08-28 06:30:26.485137+00
394,1,321,1376,ALL,119674.00,true,2025-09-01,Calf Warehouse,SAUS TIRAM PANDA 2200GR,RMKC-00026,PCS@2200GR,Rupiah,,PLS202509010002,3419,408,1,"{""type"":""ALL"",""branches"":[]}","{""ID"":321,""unit"":""PCS@2200GR"",""price"":119674,""uomID"":408,""priceDate"":""2025-09-01"",""productID"":1376,""currencyID"":1,""expireDate"":null,""supplierID"":5,""productCode"":""RMKC-00026"",""productName"":""SAUS TIRAM PANDA 2200GR"",""currencyName"":""Rupiah"",""pricelistNum"":""PLS202509010002"",""supplierName"":""Calf Warehouse"",""productDetailID"":3419,""applicableBranch"":{""type"":""ALL"",""branches"":[]}}",2026-08-21 18:25:34.864397+00,2026-08-28 06:30:26.485137+00
395,1,317,1374,ALL,277830.00,true,2025-09-01,Calf Warehouse,SAUS SAMBAL ABC 1000GR,RMKC-00024,CTN@6PCS,Rupiah,,PLS202509010002,3414,345,1,"{""type"":""ALL"",""branches"":[]}","{""ID"":317,""unit"":""CTN@6PCS"",""price"":277830,""uomID"":345,""priceDate"":""2025-09-01"",""productID"":1374,""currencyID"":1,""expireDate"":null,""supplierID"":5,""productCode"":""RMKC-00024"",""productName"":""SAUS SAMBAL ABC 1000GR"",""currencyName"":""Rupiah"",""pricelistNum"":""PLS202509010002"",""supplierName"":""Calf Warehouse"",""productDetailID"":3414,""applicableBranch"":{""type"":""ALL"",""branches"":[]}}",2026-08-21 18:25:34.864397+00,2026-08-28 06:30:26.485137+00
396,1,316,1373,ALL,84.17,true,2025-09-01,Calf Warehouse,SAUCE VOYA CARAMEL 750ML,RMSC-00006,GR,Rupiah,,PLS202509010002,3409,351,1,"{""type"":""ALL"",""branches"":[]}","{""ID"":316,""unit"":""GR"",""price"":84.17,""uomID"":351,""priceDate"":""2025-09-01"",""productID"":1373,""currencyID"":1,""expireDate"":null,""supplierID"":5,""productCode"":""RMSC-00006"",""productName"":""SAUCE VOYA CARAMEL 750ML"",""currencyName"":""Rupiah"",""pricelistNum"":""PLS202509010002"",""supplierName"":""Calf Warehouse"",""productDetailID"":3409,""applicableBranch"":{""type"":""ALL"",""branches"":[]}}",2026-08-21 18:25:34.864397+00,2026-08-28 06:30:26.485137+00
397,1,314,1373,ALL,484800.00,true,2025-09-01,Calf Warehouse,SAUCE VOYA CARAMEL 750ML,RMSC-00006,CTN@6BTL,Rupiah,,PLS202509010002,3411,342,1,"{""type"":""ALL"",""branches"":[]}","{""ID"":314,""unit"":""CTN@6BTL"",""price"":484800,""uomID"":342,""priceDate"":""2025-09-01"",""productID"":1373,""currencyID"":1,""expireDate"":null,""supplierID"":5,""productCode"":""RMSC-00006"",""productName"":""SAUCE VOYA CARAMEL 750ML"",""currencyName"":""Rupiah"",""pricelistNum"":""PLS202509010002"",""supplierName"":""Calf Warehouse"",""productDetailID"":3411,""applicableBranch"":{""type"":""ALL"",""branches"":[]}}",2026-08-21 18:25:34.864397+00,2026-08-28 06:30:26.485137+00
398,1,313,1372,ALL,84.17,true,2025-09-01,Calf Warehouse,SAUCE VOYA BUTTERSCOTCH 750ML,RMSC-00005,GR,Rupiah,,PLS202509010002,3406,351,1,"{""type"":""ALL"",""branches"":[]}","{""ID"":313,""unit"":""GR"",""price"":84.17,""uomID"":351,""priceDate"":""2025-09-01"",""productID"":1372,""currencyID"":1,""expireDate"":null,""supplierID"":5,""productCode"":""RMSC-00005"",""productName"":""SAUCE VOYA BUTTERSCOTCH 750ML"",""currencyName"":""Rupiah"",""pricelistNum"":""PLS202509010002"",""supplierName"":""Calf Warehouse"",""productDetailID"":3406,""applicableBranch"":{""type"":""ALL"",""branches"":[]}}",2026-08-21 18:25:34.864397+00,2026-08-28 06:30:26.485137+00
399,1,310,1371,ALL,209.48,true,2025-09-01,Calf Warehouse,SAUCE TOMAT 1000GR,RMKC-00034,GR,Rupiah,,PLS202509010002,3404,351,1,"{""type"":""ALL"",""branches"":[]}","{""ID"":310,""unit"":""GR"",""price"":209.48,""uomID"":351,""priceDate"":""2025-09-01"",""productID"":1371,""currencyID"":1,""expireDate"":null,""supplierID"":5,""productCode"":""RMKC-00034"",""productName"":""SAUCE TOMAT 1000GR"",""currencyName"":""Rupiah"",""pricelistNum"":""PLS202509010002"",""supplierName"":""Calf Warehouse"",""productDetailID"":3404,""applicableBranch"":{""type"":""ALL"",""branches"":[]}}",2026-08-21 18:25:34.864397+00,2026-08-28 06:30:26.485137+00
400,1,307,1370,ALL,74970.00,true,2025-09-01,Calf Warehouse,SAUCE MENTAI 1000GR,RMKC-00023,PCS@1000GR,Rupiah,,PLS202509010002,3402,403,1,"{""type"":""ALL"",""branches"":[]}","{""ID"":307,""unit"":""PCS@1000GR"",""price"":74970,""uomID"":403,""priceDate"":""2025-09-01"",""productID"":1370,""currencyID"":1,""expireDate"":null,""supplierID"":5,""productCode"":""RMKC-00023"",""productName"":""SAUCE MENTAI 1000GR"",""currencyName"":""Rupiah"",""pricelistNum"":""PLS202509010002"",""supplierName"":""Calf Warehouse"",""productDetailID"":3402,""applicableBranch"":{""type"":""ALL"",""branches"":[]}}",2026-08-21 18:25:34.864397+00,2026-08-28 06:30:26.485137+00
401,1,306,1370,ALL,899640.00,true,2025-09-01,Calf Warehouse,SAUCE MENTAI 1000GR,RMKC-00023,CTN@12PCS,Rupiah,,PLS202509010002,3403,319,1,"{""type"":""ALL"",""branches"":[]}","{""ID"":306,""unit"":""CTN@12PCS"",""price"":899640,""uomID"":319,""priceDate"":""2025-09-01"",""productID"":1370,""currencyID"":1,""expireDate"":null,""supplierID"":5,""productCode"":""RMKC-00023"",""productName"":""SAUCE MENTAI 1000GR"",""currencyName"":""Rupiah"",""pricelistNum"":""PLS202509010002"",""supplierName"":""Calf Warehouse"",""productDetailID"":3403,""applicableBranch"":{""type"":""ALL"",""branches"":[]}}",2026-08-21 18:25:34.864397+00,2026-08-28 06:30:26.485137+00
402,1,301,1367,ALL,140679.00,true,2025-09-01,Calf Warehouse,SAUCE GULANAS HONEY LEMON 700GR,RMSC-00003,JAR@700GR,Rupiah,,PLS202509010002,3393,354,1,"{""type"":""ALL"",""branches"":[]}","{""ID"":301,""unit"":""JAR@700GR"",""price"":140679,""uomID"":354,""priceDate"":""2025-09-01"",""productID"":1367,""currencyID"":1,""expireDate"":null,""supplierID"":5,""productCode"":""RMSC-00003"",""productName"":""SAUCE GULANAS HONEY LEMON 700GR"",""currencyName"":""Rupiah"",""pricelistNum"":""PLS202509010002"",""supplierName"":""Calf Warehouse"",""productDetailID"":3393,""applicableBranch"":{""type"":""ALL"",""branches"":[]}}",2026-08-21 18:25:34.864397+00,2026-08-28 06:30:26.485137+00
403,1,300,1367,ALL,844074.00,true,2025-09-01,Calf Warehouse,SAUCE GULANAS HONEY LEMON 700GR,RMSC-00003,CTN@6JAR,Rupiah,,PLS202509010002,3394,343,1,"{""type"":""ALL"",""branches"":[]}","{""ID"":300,""unit"":""CTN@6JAR"",""price"":844074,""uomID"":343,""priceDate"":""2025-09-01"",""productID"":1367,""currencyID"":1,""expireDate"":null,""supplierID"":5,""productCode"":""RMSC-00003"",""productName"":""SAUCE GULANAS HONEY LEMON 700GR"",""currencyName"":""Rupiah"",""pricelistNum"":""PLS202509010002"",""supplierName"":""Calf Warehouse"",""productDetailID"":3394,""applicableBranch"":{""type"":""ALL"",""branches"":[]}}",2026-08-21 18:25:34.864397+00,2026-08-28 06:30:26.485137+00
404,1,298,1366,ALL,279300.00,true,2025-09-01,Calf Warehouse,SAUCE DAVINCI CARAMEL 2000ML,RMSC-00002,BTL@2480GR,Rupiah,,PLS202509010002,3390,304,1,"{""type"":""ALL"",""branches"":[]}","{""ID"":298,""unit"":""BTL@2480GR"",""price"":279300,""uomID"":304,""priceDate"":""2025-09-01"",""productID"":1366,""currencyID"":1,""expireDate"":null,""supplierID"":5,""productCode"":""RMSC-00002"",""productName"":""SAUCE DAVINCI CARAMEL 2000ML"",""currencyName"":""Rupiah"",""pricelistNum"":""PLS202509010002"",""supplierName"":""Calf Warehouse"",""productDetailID"":3390,""applicableBranch"":{""type"":""ALL"",""branches"":[]}}",2026-08-21 18:25:34.864397+00,2026-08-28 06:30:26.485137+00
405,1,297,1366,ALL,837900.00,true,2025-09-01,Calf Warehouse,SAUCE DAVINCI CARAMEL 2000ML,RMSC-00002,CTN@3BTL,Rupiah,,PLS202509010002,3391,335,1,"{""type"":""ALL"",""branches"":[]}","{""ID"":297,""unit"":""CTN@3BTL"",""price"":837900,""uomID"":335,""priceDate"":""2025-09-01"",""productID"":1366,""currencyID"":1,""expireDate"":null,""supplierID"":5,""productCode"":""RMSC-00002"",""productName"":""SAUCE DAVINCI CARAMEL 2000ML"",""currencyName"":""Rupiah"",""pricelistNum"":""PLS202509010002"",""supplierName"":""Calf Warehouse"",""productDetailID"":3391,""applicableBranch"":{""type"":""ALL"",""branches"":[]}}",2026-08-21 18:25:34.864397+00,2026-08-28 06:30:26.485137+00
406,1,294,1365,ALL,837900.00,true,2025-09-01,Calf Warehouse,SAUCE DAVINCI BUTTERSCOTCH 2000ML,RMSC-00001,CTN@3BTL,Rupiah,,PLS202509010002,3388,335,1,"{""type"":""ALL"",""branches"":[]}","{""ID"":294,""unit"":""CTN@3BTL"",""price"":837900,""uomID"":335,""priceDate"":""2025-09-01"",""productID"":1365,""currencyID"":1,""expireDate"":null,""supplierID"":5,""productCode"":""RMSC-00001"",""productName"":""SAUCE DAVINCI BUTTERSCOTCH 2000ML"",""currencyName"":""Rupiah"",""pricelistNum"":""PLS202509010002"",""supplierName"":""Calf Warehouse"",""productDetailID"":3388,""applicableBranch"":{""type"":""ALL"",""branches"":[]}}",2026-08-21 18:25:34.864397+00,2026-08-28 06:30:26.485137+00
407,1,293,1363,ALL,55.13,true,2025-09-01,Calf Warehouse,SASA MSG 1000GR,RMKC-00022,GR,Rupiah,,PLS202509010002,3381,351,1,"{""type"":""ALL"",""branches"":[]}","{""ID"":293,""unit"":""GR"",""price"":55.13,""uomID"":351,""priceDate"":""2025-09-01"",""productID"":1363,""currencyID"":1,""expireDate"":null,""supplierID"":5,""productCode"":""RMKC-00022"",""productName"":""SASA MSG 1000GR"",""currencyName"":""Rupiah"",""pricelistNum"":""PLS202509010002"",""supplierName"":""Calf Warehouse"",""productDetailID"":3381,""applicableBranch"":{""type"":""ALL"",""branches"":[]}}",2026-08-21 18:25:34.864397+00,2026-08-28 06:30:26.485137+00
408,1,291,1363,ALL,661500.00,true,2025-09-01,Calf Warehouse,SASA MSG 1000GR,RMKC-00022,CTN@12PCS,Rupiah,,PLS202509010002,3383,319,1,"{""type"":""ALL"",""branches"":[]}","{""ID"":291,""unit"":""CTN@12PCS"",""price"":661500,""uomID"":319,""priceDate"":""2025-09-01"",""productID"":1363,""currencyID"":1,""expireDate"":null,""supplierID"":5,""productCode"":""RMKC-00022"",""productName"":""SASA MSG 1000GR"",""currencyName"":""Rupiah"",""pricelistNum"":""PLS202509010002"",""supplierName"":""Calf Warehouse"",""productDetailID"":3383,""applicableBranch"":{""type"":""ALL"",""branches"":[]}}",2026-08-21 18:25:34.864397+00,2026-08-28 06:30:26.485137+00
409,1,290,1362,ALL,145000.00,true,2025-09-01,Calf Warehouse,SARINGAN COLD BREW,KSUT-00018,PCS,Rupiah,,PLS202509010002,3380,402,1,"{""type"":""ALL"",""branches"":[]}","{""ID"":290,""unit"":""PCS"",""price"":145000,""uomID"":402,""priceDate"":""2025-09-01"",""productID"":1362,""currencyID"":1,""expireDate"":null,""supplierID"":5,""productCode"":""KSUT-00018"",""productName"":""SARINGAN COLD BREW"",""currencyName"":""Rupiah"",""pricelistNum"":""PLS202509010002"",""supplierName"":""Calf Warehouse"",""productDetailID"":3380,""applicableBranch"":{""type"":""ALL"",""branches"":[]}}",2026-08-21 18:25:34.864397+00,2026-08-28 06:30:26.485137+00
410,1,286,1356,ALL,21000.00,true,2025-09-01,Calf Warehouse,ROTI TAWAR 2 CM,RMFR-00019,PACK@5PCS,Rupiah,2025-12-31,PLS202509010002,3372,391,1,"{""type"":""ALL"",""branches"":[]}","{""ID"":286,""unit"":""PACK@5PCS"",""price"":21000,""uomID"":391,""priceDate"":""2025-09-01"",""productID"":1356,""currencyID"":1,""expireDate"":""2025-12-31"",""supplierID"":5,""productCode"":""RMFR-00019"",""productName"":""ROTI TAWAR 2 CM"",""currencyName"":""Rupiah"",""pricelistNum"":""PLS202509010002"",""supplierName"":""Calf Warehouse"",""productDetailID"":3372,""applicableBranch"":{""type"":""ALL"",""branches"":[]}}",2026-08-21 18:25:34.864397+00,2026-08-28 06:30:26.485137+00
411,1,285,1356,ALL,42000.00,true,2025-09-01,Calf Warehouse,ROTI TAWAR 2 CM,RMFR-00019,PACK@10PCS,Rupiah,,PLS202509010002,3373,372,1,"{""type"":""ALL"",""branches"":[]}","{""ID"":285,""unit"":""PACK@10PCS"",""price"":42000,""uomID"":372,""priceDate"":""2025-09-01"",""productID"":1356,""currencyID"":1,""expireDate"":null,""supplierID"":5,""productCode"":""RMFR-00019"",""productName"":""ROTI TAWAR 2 CM"",""currencyName"":""Rupiah"",""pricelistNum"":""PLS202509010002"",""supplierName"":""Calf Warehouse"",""productDetailID"":3373,""applicableBranch"":{""type"":""ALL"",""branches"":[]}}",2026-08-21 18:25:34.864397+00,2026-08-28 06:30:26.485137+00
412,1,283,1355,ALL,18588.00,true,2025-09-01,Calf Warehouse,ROTI PANDAN,RMFR-00018,PACK@6PCS,Rupiah,,PLS202509010002,3370,393,1,"{""type"":""ALL"",""branches"":[]}","{""ID"":283,""unit"":""PACK@6PCS"",""price"":18588,""uomID"":393,""priceDate"":""2025-09-01"",""productID"":1355,""currencyID"":1,""expireDate"":null,""supplierID"":5,""productCode"":""RMFR-00018"",""productName"":""ROTI PANDAN"",""currencyName"":""Rupiah"",""pricelistNum"":""PLS202509010002"",""supplierName"":""Calf Warehouse"",""productDetailID"":3370,""applicableBranch"":{""type"":""ALL"",""branches"":[]}}",2026-08-21 18:25:34.864397+00,2026-08-28 06:30:26.485137+00
413,1,282,1354,ALL,63.95,true,2025-09-01,Calf Warehouse,RICH GOLD LABEL 907ML,RMFR-00017,GR,Rupiah,,PLS202509010002,3366,351,1,"{""type"":""ALL"",""branches"":[]}","{""ID"":282,""unit"":""GR"",""price"":63.95,""uomID"":351,""priceDate"":""2025-09-01"",""productID"":1354,""currencyID"":1,""expireDate"":null,""supplierID"":5,""productCode"":""RMFR-00017"",""productName"":""RICH GOLD LABEL 907ML"",""currencyName"":""Rupiah"",""pricelistNum"":""PLS202509010002"",""supplierName"":""Calf Warehouse"",""productDetailID"":3366,""applicableBranch"":{""type"":""ALL"",""branches"":[]}}",2026-08-21 18:25:34.864397+00,2026-08-28 06:30:26.485137+00
414,1,279,1352,ALL,45.45,true,2025-09-01,Calf Warehouse,RAMOE SODA 330ML,RMBV-00018,GR,Rupiah,,PLS202509010002,3360,351,1,"{""type"":""ALL"",""branches"":[]}","{""ID"":279,""unit"":""GR"",""price"":45.45,""uomID"":351,""priceDate"":""2025-09-01"",""productID"":1352,""currencyID"":1,""expireDate"":null,""supplierID"":5,""productCode"":""RMBV-00018"",""productName"":""RAMOE SODA 330ML"",""currencyName"":""Rupiah"",""pricelistNum"":""PLS202509010002"",""supplierName"":""Calf Warehouse"",""productDetailID"":3360,""applicableBranch"":{""type"":""ALL"",""branches"":[]}}",2026-08-21 18:25:34.864397+00,2026-08-28 06:30:26.485137+00
415,1,278,1352,ALL,15000.00,true,2025-09-01,Calf Warehouse,RAMOE SODA 330ML,RMBV-00018,BTL@300GR,Rupiah,,PLS202509010002,3361,306,1,"{""type"":""ALL"",""branches"":[]}","{""ID"":278,""unit"":""BTL@300GR"",""price"":15000,""uomID"":306,""priceDate"":""2025-09-01"",""productID"":1352,""currencyID"":1,""expireDate"":null,""supplierID"":5,""productCode"":""RMBV-00018"",""productName"":""RAMOE SODA 330ML"",""currencyName"":""Rupiah"",""pricelistNum"":""PLS202509010002"",""supplierName"":""Calf Warehouse"",""productDetailID"":3361,""applicableBranch"":{""type"":""ALL"",""branches"":[]}}",2026-08-21 18:25:34.864397+00,2026-08-28 06:30:26.485137+00
416,1,276,1350,ALL,164.34,true,2025-09-01,Calf Warehouse,POWDER TIRAMISU 1000GR,RMPD-00012,GR,Rupiah,,PLS202509010002,3355,351,1,"{""type"":""ALL"",""branches"":[]}","{""ID"":276,""unit"":""GR"",""price"":164.34,""uomID"":351,""priceDate"":""2025-09-01"",""productID"":1350,""currencyID"":1,""expireDate"":null,""supplierID"":5,""productCode"":""RMPD-00012"",""productName"":""POWDER TIRAMISU 1000GR"",""currencyName"":""Rupiah"",""pricelistNum"":""PLS202509010002"",""supplierName"":""Calf Warehouse"",""productDetailID"":3355,""applicableBranch"":{""type"":""ALL"",""branches"":[]}}",2026-08-21 18:25:34.864397+00,2026-08-28 06:30:26.485137+00
417,1,275,1350,ALL,164335.50,true,2025-09-01,Calf Warehouse,POWDER TIRAMISU 1000GR,RMPD-00012,PACK@1000GR,Rupiah,,PLS202509010002,3356,370,1,"{""type"":""ALL"",""branches"":[]}","{""ID"":275,""unit"":""PACK@1000GR"",""price"":164335.5,""uomID"":370,""priceDate"":""2025-09-01"",""productID"":1350,""currencyID"":1,""expireDate"":null,""supplierID"":5,""productCode"":""RMPD-00012"",""productName"":""POWDER TIRAMISU 1000GR"",""currencyName"":""Rupiah"",""pricelistNum"":""PLS202509010002"",""supplierName"":""Calf Warehouse"",""productDetailID"":3356,""applicableBranch"":{""type"":""ALL"",""branches"":[]}}",2026-08-21 18:25:34.864397+00,2026-08-28 06:30:26.485137+00
418,1,263,1345,ALL,164.34,true,2025-09-01,Calf Warehouse,POWDER MASTERISTA MATCHA 1000GR,RMPD-00009,GR,Rupiah,,PLS202509010002,3342,351,1,"{""type"":""ALL"",""branches"":[]}","{""ID"":263,""unit"":""GR"",""price"":164.34,""uomID"":351,""priceDate"":""2025-09-01"",""productID"":1345,""currencyID"":1,""expireDate"":null,""supplierID"":5,""productCode"":""RMPD-00009"",""productName"":""POWDER MASTERISTA MATCHA 1000GR"",""currencyName"":""Rupiah"",""pricelistNum"":""PLS202509010002"",""supplierName"":""Calf Warehouse"",""productDetailID"":3342,""applicableBranch"":{""type"":""ALL"",""branches"":[]}}",2026-08-21 18:25:34.864397+00,2026-08-28 06:30:26.485137+00
419,1,264,1346,ALL,312100.00,true,2025-09-01,Calf Warehouse,POWDER PARSLEY FLAKES 1000GR,RMKC-00019,PACK@1000GR,Rupiah,,PLS202509010002,3346,370,1,"{""type"":""ALL"",""branches"":[]}","{""ID"":264,""unit"":""PACK@1000GR"",""price"":312100,""uomID"":370,""priceDate"":""2025-09-01"",""productID"":1346,""currencyID"":1,""expireDate"":null,""supplierID"":5,""productCode"":""RMKC-00019"",""productName"":""POWDER PARSLEY FLAKES 1000GR"",""currencyName"":""Rupiah"",""pricelistNum"":""PLS202509010002"",""supplierName"":""Calf Warehouse"",""productDetailID"":3346,""applicableBranch"":{""type"":""ALL"",""branches"":[]}}",2026-08-21 18:25:34.864397+00,2026-08-28 06:30:26.485137+00
420,1,260,1344,ALL,77.51,true,2025-09-01,Calf Warehouse,POWDER LYCHEE TEA 1000GR,RMPD-00008,GR,Rupiah,,PLS202509010002,3339,351,1,"{""type"":""ALL"",""branches"":[]}","{""ID"":260,""unit"":""GR"",""price"":77.51,""uomID"":351,""priceDate"":""2025-09-01"",""productID"":1344,""currencyID"":1,""expireDate"":null,""supplierID"":5,""productCode"":""RMPD-00008"",""productName"":""POWDER LYCHEE TEA 1000GR"",""currencyName"":""Rupiah"",""pricelistNum"":""PLS202509010002"",""supplierName"":""Calf Warehouse"",""productDetailID"":3339,""applicableBranch"":{""type"":""ALL"",""branches"":[]}}",2026-08-21 18:25:34.864397+00,2026-08-28 06:30:26.485137+00
421,1,262,1345,ALL,164335.50,true,2025-09-01,Calf Warehouse,POWDER MASTERISTA MATCHA 1000GR,RMPD-00009,PACK@1000GR,Rupiah,,PLS202509010002,3343,370,1,"{""type"":""ALL"",""branches"":[]}","{""ID"":262,""unit"":""PACK@1000GR"",""price"":164335.5,""uomID"":370,""priceDate"":""2025-09-01"",""productID"":1345,""currencyID"":1,""expireDate"":null,""supplierID"":5,""productCode"":""RMPD-00009"",""productName"":""POWDER MASTERISTA MATCHA 1000GR"",""currencyName"":""Rupiah"",""pricelistNum"":""PLS202509010002"",""supplierName"":""Calf Warehouse"",""productDetailID"":3343,""applicableBranch"":{""type"":""ALL"",""branches"":[]}}",2026-08-21 18:25:34.864397+00,2026-08-28 06:30:26.485137+00
422,1,258,1344,ALL,930069.00,true,2025-09-01,Calf Warehouse,POWDER LYCHEE TEA 1000GR,RMPD-00008,CTN@12PACK,Rupiah,,PLS202509010002,3341,318,1,"{""type"":""ALL"",""branches"":[]}","{""ID"":258,""unit"":""CTN@12PACK"",""price"":930069,""uomID"":318,""priceDate"":""2025-09-01"",""productID"":1344,""currencyID"":1,""expireDate"":null,""supplierID"":5,""productCode"":""RMPD-00008"",""productName"":""POWDER LYCHEE TEA 1000GR"",""currencyName"":""Rupiah"",""pricelistNum"":""PLS202509010002"",""supplierName"":""Calf Warehouse"",""productDetailID"":3341,""applicableBranch"":{""type"":""ALL"",""branches"":[]}}",2026-08-21 18:25:34.864397+00,2026-08-28 06:30:26.485137+00
423,1,257,1343,ALL,69.93,true,2025-09-01,Calf Warehouse,POWDER LEMON TEA 1000GR,RMPD-00007,GR,Rupiah,,PLS202509010002,3336,351,1,"{""type"":""ALL"",""branches"":[]}","{""ID"":257,""unit"":""GR"",""price"":69.93,""uomID"":351,""priceDate"":""2025-09-01"",""productID"":1343,""currencyID"":1,""expireDate"":null,""supplierID"":5,""productCode"":""RMPD-00007"",""productName"":""POWDER LEMON TEA 1000GR"",""currencyName"":""Rupiah"",""pricelistNum"":""PLS202509010002"",""supplierName"":""Calf Warehouse"",""productDetailID"":3336,""applicableBranch"":{""type"":""ALL"",""branches"":[]}}",2026-08-21 18:25:34.864397+00,2026-08-28 06:30:26.485137+00
424,1,255,1343,ALL,839160.00,true,2025-09-01,Calf Warehouse,POWDER LEMON TEA 1000GR,RMPD-00007,CTN@12PACK,Rupiah,,PLS202509010002,3338,318,1,"{""type"":""ALL"",""branches"":[]}","{""ID"":255,""unit"":""CTN@12PACK"",""price"":839160,""uomID"":318,""priceDate"":""2025-09-01"",""productID"":1343,""currencyID"":1,""expireDate"":null,""supplierID"":5,""productCode"":""RMPD-00007"",""productName"":""POWDER LEMON TEA 1000GR"",""currencyName"":""Rupiah"",""pricelistNum"":""PLS202509010002"",""supplierName"":""Calf Warehouse"",""productDetailID"":3338,""applicableBranch"":{""type"":""ALL"",""branches"":[]}}",2026-08-21 18:25:34.864397+00,2026-08-28 06:30:26.485137+00
425,1,254,1342,ALL,71.86,true,2025-09-01,Calf Warehouse,POWDER LA KREIVA CRUMBLE 2500GR,RMPD-00006,GR,Rupiah,,PLS202509010002,3333,351,1,"{""type"":""ALL"",""branches"":[]}","{""ID"":254,""unit"":""GR"",""price"":71.86,""uomID"":351,""priceDate"":""2025-09-01"",""productID"":1342,""currencyID"":1,""expireDate"":null,""supplierID"":5,""productCode"":""RMPD-00006"",""productName"":""POWDER LA KREIVA CRUMBLE 2500GR"",""currencyName"":""Rupiah"",""pricelistNum"":""PLS202509010002"",""supplierName"":""Calf Warehouse"",""productDetailID"":3333,""applicableBranch"":{""type"":""ALL"",""branches"":[]}}",2026-08-21 18:25:34.864397+00,2026-08-28 06:30:26.485137+00
426,1,252,1342,ALL,718569.20,true,2025-09-01,Calf Warehouse,POWDER LA KREIVA CRUMBLE 2500GR,RMPD-00006,CTN@4PACK,Rupiah,,PLS202509010002,3335,339,1,"{""type"":""ALL"",""branches"":[]}","{""ID"":252,""unit"":""CTN@4PACK"",""price"":718569.2,""uomID"":339,""priceDate"":""2025-09-01"",""productID"":1342,""currencyID"":1,""expireDate"":null,""supplierID"":5,""productCode"":""RMPD-00006"",""productName"":""POWDER LA KREIVA CRUMBLE 2500GR"",""currencyName"":""Rupiah"",""pricelistNum"":""PLS202509010002"",""supplierName"":""Calf Warehouse"",""productDetailID"":3335,""applicableBranch"":{""type"":""ALL"",""branches"":[]}}",2026-08-21 18:25:34.864397+00,2026-08-28 06:30:26.485137+00
427,1,268,1347,ALL,75.16,true,2025-09-01,Calf Warehouse,POWDER PEACH TEA 1000GR,RMPD-00010,GR,Rupiah,,PLS202509010002,3347,351,1,"{""type"":""ALL"",""branches"":[]}","{""ID"":268,""unit"":""GR"",""price"":75.16,""uomID"":351,""priceDate"":""2025-09-01"",""productID"":1347,""currencyID"":1,""expireDate"":null,""supplierID"":5,""productCode"":""RMPD-00010"",""productName"":""POWDER PEACH TEA 1000GR"",""currencyName"":""Rupiah"",""pricelistNum"":""PLS202509010002"",""supplierName"":""Calf Warehouse"",""productDetailID"":3347,""applicableBranch"":{""type"":""ALL"",""branches"":[]}}",2026-08-21 18:25:34.864397+00,2026-08-28 06:30:26.485137+00
428,1,251,1341,ALL,151.96,true,2025-09-01,Calf Warehouse,POWDER KERRY CHEESE 1000GR,RMKC-00018,GR,Rupiah,,PLS202509010002,3331,351,1,"{""type"":""ALL"",""branches"":[]}","{""ID"":251,""unit"":""GR"",""price"":151.96,""uomID"":351,""priceDate"":""2025-09-01"",""productID"":1341,""currencyID"":1,""expireDate"":null,""supplierID"":5,""productCode"":""RMKC-00018"",""productName"":""POWDER KERRY CHEESE 1000GR"",""currencyName"":""Rupiah"",""pricelistNum"":""PLS202509010002"",""supplierName"":""Calf Warehouse"",""productDetailID"":3331,""applicableBranch"":{""type"":""ALL"",""branches"":[]}}",2026-08-21 18:25:34.864397+00,2026-08-28 06:30:26.485137+00
429,1,244,1338,ALL,153.20,true,2025-09-01,Calf Warehouse,POWDER FRAPPE DENALI 800GR,RMPD-00004,GR,Rupiah,,PLS202509010002,3323,351,1,"{""type"":""ALL"",""branches"":[]}","{""ID"":244,""unit"":""GR"",""price"":153.2,""uomID"":351,""priceDate"":""2025-09-01"",""productID"":1338,""currencyID"":1,""expireDate"":null,""supplierID"":5,""productCode"":""RMPD-00004"",""productName"":""POWDER FRAPPE DENALI 800GR"",""currencyName"":""Rupiah"",""pricelistNum"":""PLS202509010002"",""supplierName"":""Calf Warehouse"",""productDetailID"":3323,""applicableBranch"":{""type"":""ALL"",""branches"":[]}}",2026-08-21 18:25:34.864397+00,2026-08-28 06:30:26.485137+00
430,1,247,1340,ALL,2222088.75,true,2025-09-01,Calf Warehouse,POWDER GENOVA MACCHIATO 1000GR,RMPD-00005,CTN@15PACK,Rupiah,,PLS202509010002,3330,322,1,"{""type"":""ALL"",""branches"":[]}","{""ID"":247,""unit"":""CTN@15PACK"",""price"":2222088.75,""uomID"":322,""priceDate"":""2025-09-01"",""productID"":1340,""currencyID"":1,""expireDate"":null,""supplierID"":5,""productCode"":""RMPD-00005"",""productName"":""POWDER GENOVA MACCHIATO 1000GR"",""currencyName"":""Rupiah"",""pricelistNum"":""PLS202509010002"",""supplierName"":""Calf Warehouse"",""productDetailID"":3330,""applicableBranch"":{""type"":""ALL"",""branches"":[]}}",2026-08-21 18:25:34.864397+00,2026-08-28 06:30:26.485137+00
431,1,242,1338,ALL,980490.00,true,2025-09-01,Calf Warehouse,POWDER FRAPPE DENALI 800GR,RMPD-00004,CTN@8PACK,Rupiah,,PLS202509010002,3325,348,1,"{""type"":""ALL"",""branches"":[]}","{""ID"":242,""unit"":""CTN@8PACK"",""price"":980490,""uomID"":348,""priceDate"":""2025-09-01"",""productID"":1338,""currencyID"":1,""expireDate"":null,""supplierID"":5,""productCode"":""RMPD-00004"",""productName"":""POWDER FRAPPE DENALI 800GR"",""currencyName"":""Rupiah"",""pricelistNum"":""PLS202509010002"",""supplierName"":""Calf Warehouse"",""productDetailID"":3325,""applicableBranch"":{""type"":""ALL"",""branches"":[]}}",2026-08-21 18:25:34.864397+00,2026-08-28 06:30:26.485137+00
432,1,243,1338,ALL,122561.25,true,2025-09-01,Calf Warehouse,POWDER FRAPPE DENALI 800GR,RMPD-00004,PACK@800GR,Rupiah,,PLS202509010002,3324,395,1,"{""type"":""ALL"",""branches"":[]}","{""ID"":243,""unit"":""PACK@800GR"",""price"":122561.25,""uomID"":395,""priceDate"":""2025-09-01"",""productID"":1338,""currencyID"":1,""expireDate"":null,""supplierID"":5,""productCode"":""RMPD-00004"",""productName"":""POWDER FRAPPE DENALI 800GR"",""currencyName"":""Rupiah"",""pricelistNum"":""PLS202509010002"",""supplierName"":""Calf Warehouse"",""productDetailID"":3324,""applicableBranch"":{""type"":""ALL"",""branches"":[]}}",2026-08-21 18:25:34.864397+00,2026-08-28 06:30:26.485137+00
433,1,441,1437,ALL,21.00,true,2025-09-01,Calf Warehouse,TEPUNG MAIZENA 1000GR,RMKC-00030,GR,Rupiah,,PLS202509010002,3571,351,1,"{""type"":""ALL"",""branches"":[]}","{""ID"":441,""unit"":""GR"",""price"":21,""uomID"":351,""priceDate"":""2025-09-01"",""productID"":1437,""currencyID"":1,""expireDate"":null,""supplierID"":5,""productCode"":""RMKC-00030"",""productName"":""TEPUNG MAIZENA 1000GR"",""currencyName"":""Rupiah"",""pricelistNum"":""PLS202509010002"",""supplierName"":""Calf Warehouse"",""productDetailID"":3571,""applicableBranch"":{""type"":""ALL"",""branches"":[]}}",2026-08-21 18:25:34.864397+00,2026-08-28 06:30:26.485137+00
434,1,438,1436,ALL,24.26,true,2025-09-01,Calf Warehouse,TEPUNG FINNA 1000GR,RMKC-00029,GR,Rupiah,,PLS202509010002,3568,351,1,"{""type"":""ALL"",""branches"":[]}","{""ID"":438,""unit"":""GR"",""price"":24.26,""uomID"":351,""priceDate"":""2025-09-01"",""productID"":1436,""currencyID"":1,""expireDate"":null,""supplierID"":5,""productCode"":""RMKC-00029"",""productName"":""TEPUNG FINNA 1000GR"",""currencyName"":""Rupiah"",""pricelistNum"":""PLS202509010002"",""supplierName"":""Calf Warehouse"",""productDetailID"":3568,""applicableBranch"":{""type"":""ALL"",""branches"":[]}}",2026-08-21 18:25:34.864397+00,2026-08-28 06:30:26.485137+00
435,1,434,1433,ALL,95000.00,true,2025-09-01,Calf Warehouse,SYRUP DRIPP MANGGA HARUMANIS PULP 760ML,RMSY-00027,BTL@930GR,Rupiah,,PLS202509010002,3563,310,1,"{""type"":""ALL"",""branches"":[]}","{""ID"":434,""unit"":""BTL@930GR"",""price"":95000,""uomID"":310,""priceDate"":""2025-09-01"",""productID"":1433,""currencyID"":1,""expireDate"":null,""supplierID"":5,""productCode"":""RMSY-00027"",""productName"":""SYRUP DRIPP MANGGA HARUMANIS PULP 760ML"",""currencyName"":""Rupiah"",""pricelistNum"":""PLS202509010002"",""supplierName"":""Calf Warehouse"",""productDetailID"":3563,""applicableBranch"":{""type"":""ALL"",""branches"":[]}}",2026-08-21 18:25:34.864397+00,2026-08-28 06:30:26.485137+00
436,1,431,1432,ALL,93450.00,true,2025-09-01,Calf Warehouse,SYRUP VOYA VANILLA 750ML,RMSY-00026,BTL@930GR,Rupiah,,PLS202509010002,3560,310,1,"{""type"":""ALL"",""branches"":[]}","{""ID"":431,""unit"":""BTL@930GR"",""price"":93450,""uomID"":310,""priceDate"":""2025-09-01"",""productID"":1432,""currencyID"":1,""expireDate"":null,""supplierID"":5,""productCode"":""RMSY-00026"",""productName"":""SYRUP VOYA VANILLA 750ML"",""currencyName"":""Rupiah"",""pricelistNum"":""PLS202509010002"",""supplierName"":""Calf Warehouse"",""productDetailID"":3560,""applicableBranch"":{""type"":""ALL"",""branches"":[]}}",2026-08-21 18:25:34.864397+00,2026-08-28 06:30:26.485137+00
437,1,427,1431,ALL,560700.00,true,2025-09-01,Calf Warehouse,SYRUP TOZA VANILLA 770ML,RMSY-00025,CTN@6BTL,Rupiah,,PLS202509010002,3558,342,1,"{""type"":""ALL"",""branches"":[]}","{""ID"":427,""unit"":""CTN@6BTL"",""price"":560700,""uomID"":342,""priceDate"":""2025-09-01"",""productID"":1431,""currencyID"":1,""expireDate"":null,""supplierID"":5,""productCode"":""RMSY-00025"",""productName"":""SYRUP TOZA VANILLA 770ML"",""currencyName"":""Rupiah"",""pricelistNum"":""PLS202509010002"",""supplierName"":""Calf Warehouse"",""productDetailID"":3558,""applicableBranch"":{""type"":""ALL"",""branches"":[]}}",2026-08-21 18:25:34.864397+00,2026-08-28 06:30:26.485137+00
438,1,426,1429,ALL,27.27,true,2025-09-01,Calf Warehouse,SYRUP TOZA ORANGE PREMIUM RTD 1000ML,RMSY-00024,GR,Rupiah,,PLS202509010002,3550,351,1,"{""type"":""ALL"",""branches"":[]}","{""ID"":426,""unit"":""GR"",""price"":27.27,""uomID"":351,""priceDate"":""2025-09-01"",""productID"":1429,""currencyID"":1,""expireDate"":null,""supplierID"":5,""productCode"":""RMSY-00024"",""productName"":""SYRUP TOZA ORANGE PREMIUM RTD 1000ML"",""currencyName"":""Rupiah"",""pricelistNum"":""PLS202509010002"",""supplierName"":""Calf Warehouse"",""productDetailID"":3550,""applicableBranch"":{""type"":""ALL"",""branches"":[]}}",2026-08-21 18:25:34.864397+00,2026-08-28 06:30:26.485137+00
439,1,424,1429,ALL,360000.00,true,2025-09-01,Calf Warehouse,SYRUP TOZA ORANGE PREMIUM RTD 1000ML,RMSY-00024,CTN@12PCS,Rupiah,,PLS202509010002,3552,319,1,"{""type"":""ALL"",""branches"":[]}","{""ID"":424,""unit"":""CTN@12PCS"",""price"":360000,""uomID"":319,""priceDate"":""2025-09-01"",""productID"":1429,""currencyID"":1,""expireDate"":null,""supplierID"":5,""productCode"":""RMSY-00024"",""productName"":""SYRUP TOZA ORANGE PREMIUM RTD 1000ML"",""currencyName"":""Rupiah"",""pricelistNum"":""PLS202509010002"",""supplierName"":""Calf Warehouse"",""productDetailID"":3552,""applicableBranch"":{""type"":""ALL"",""branches"":[]}}",2026-08-21 18:25:34.864397+00,2026-08-28 06:30:26.485137+00
440,1,423,1430,ALL,75.27,true,2025-09-01,Calf Warehouse,SYRUP TOZA STRAWBERRY 770ML,RMSY-00023,GR,Rupiah,,PLS202509010002,3553,351,1,"{""type"":""ALL"",""branches"":[]}","{""ID"":423,""unit"":""GR"",""price"":75.27,""uomID"":351,""priceDate"":""2025-09-01"",""productID"":1430,""currencyID"":1,""expireDate"":null,""supplierID"":5,""productCode"":""RMSY-00023"",""productName"":""SYRUP TOZA STRAWBERRY 770ML"",""currencyName"":""Rupiah"",""pricelistNum"":""PLS202509010002"",""supplierName"":""Calf Warehouse"",""productDetailID"":3553,""applicableBranch"":{""type"":""ALL"",""branches"":[]}}",2026-08-21 18:25:34.864397+00,2026-08-28 06:30:26.485137+00
441,1,420,1428,ALL,104.69,true,2025-09-01,Calf Warehouse,SYRUP STIR UP STRAWBERRY 800ML,RMSY-00020,GR,Rupiah,,PLS202509010002,3547,351,1,"{""type"":""ALL"",""branches"":[]}","{""ID"":420,""unit"":""GR"",""price"":104.69,""uomID"":351,""priceDate"":""2025-09-01"",""productID"":1428,""currencyID"":1,""expireDate"":null,""supplierID"":5,""productCode"":""RMSY-00020"",""productName"":""SYRUP STIR UP STRAWBERRY 800ML"",""currencyName"":""Rupiah"",""pricelistNum"":""PLS202509010002"",""supplierName"":""Calf Warehouse"",""productDetailID"":3547,""applicableBranch"":{""type"":""ALL"",""branches"":[]}}",2026-08-21 18:25:34.864397+00,2026-08-28 06:30:26.485137+00
442,1,419,1428,ALL,118298.25,true,2025-09-01,Calf Warehouse,SYRUP STIR UP STRAWBERRY 800ML,RMSY-00020,BTL@1130GR,Rupiah,,PLS202509010002,3548,300,1,"{""type"":""ALL"",""branches"":[]}","{""ID"":419,""unit"":""BTL@1130GR"",""price"":118298.25,""uomID"":300,""priceDate"":""2025-09-01"",""productID"":1428,""currencyID"":1,""expireDate"":null,""supplierID"":5,""productCode"":""RMSY-00020"",""productName"":""SYRUP STIR UP STRAWBERRY 800ML"",""currencyName"":""Rupiah"",""pricelistNum"":""PLS202509010002"",""supplierName"":""Calf Warehouse"",""productDetailID"":3548,""applicableBranch"":{""type"":""ALL"",""branches"":[]}}",2026-08-21 18:25:34.864397+00,2026-08-28 06:30:26.485137+00
443,1,416,1427,ALL,118298.25,true,2025-09-01,Calf Warehouse,SYRUP STIR UP PISTACHIO 800ML,RMSY-00019,BTL@1130GR,Rupiah,,PLS202509010002,3545,300,1,"{""type"":""ALL"",""branches"":[]}","{""ID"":416,""unit"":""BTL@1130GR"",""price"":118298.25,""uomID"":300,""priceDate"":""2025-09-01"",""productID"":1427,""currencyID"":1,""expireDate"":null,""supplierID"":5,""productCode"":""RMSY-00019"",""productName"":""SYRUP STIR UP PISTACHIO 800ML"",""currencyName"":""Rupiah"",""pricelistNum"":""PLS202509010002"",""supplierName"":""Calf Warehouse"",""productDetailID"":3545,""applicableBranch"":{""type"":""ALL"",""branches"":[]}}",2026-08-21 18:25:34.864397+00,2026-08-28 06:30:26.485137+00
444,1,411,1425,ALL,104.69,true,2025-09-01,Calf Warehouse,SYRUP STIR UP PEACH 800ML,RMSY-00017,GR,Rupiah,,PLS202509010002,3538,351,1,"{""type"":""ALL"",""branches"":[]}","{""ID"":411,""unit"":""GR"",""price"":104.69,""uomID"":351,""priceDate"":""2025-09-01"",""productID"":1425,""currencyID"":1,""expireDate"":null,""supplierID"":5,""productCode"":""RMSY-00017"",""productName"":""SYRUP STIR UP PEACH 800ML"",""currencyName"":""Rupiah"",""pricelistNum"":""PLS202509010002"",""supplierName"":""Calf Warehouse"",""productDetailID"":3538,""applicableBranch"":{""type"":""ALL"",""branches"":[]}}",2026-08-21 18:25:34.864397+00,2026-08-28 06:30:26.485137+00
445,1,404,1423,ALL,118298.25,true,2025-09-01,Calf Warehouse,SYRUP STIR UP BLUEBERRY 800ML,RMSY-00015,BTL@1130GR,Rupiah,,PLS202509010002,3533,300,1,"{""type"":""ALL"",""branches"":[]}","{""ID"":404,""unit"":""BTL@1130GR"",""price"":118298.25,""uomID"":300,""priceDate"":""2025-09-01"",""productID"":1423,""currencyID"":1,""expireDate"":null,""supplierID"":5,""productCode"":""RMSY-00015"",""productName"":""SYRUP STIR UP BLUEBERRY 800ML"",""currencyName"":""Rupiah"",""pricelistNum"":""PLS202509010002"",""supplierName"":""Calf Warehouse"",""productDetailID"":3533,""applicableBranch"":{""type"":""ALL"",""branches"":[]}}",2026-08-21 18:25:34.864397+00,2026-08-28 06:30:26.485137+00
446,1,403,1423,ALL,709789.50,true,2025-09-01,Calf Warehouse,SYRUP STIR UP BLUEBERRY 800ML,RMSY-00015,CTN@6BTL,Rupiah,,PLS202509010002,3534,342,1,"{""type"":""ALL"",""branches"":[]}","{""ID"":403,""unit"":""CTN@6BTL"",""price"":709789.5,""uomID"":342,""priceDate"":""2025-09-01"",""productID"":1423,""currencyID"":1,""expireDate"":null,""supplierID"":5,""productCode"":""RMSY-00015"",""productName"":""SYRUP STIR UP BLUEBERRY 800ML"",""currencyName"":""Rupiah"",""pricelistNum"":""PLS202509010002"",""supplierName"":""Calf Warehouse"",""productDetailID"":3534,""applicableBranch"":{""type"":""ALL"",""branches"":[]}}",2026-08-21 18:25:34.864397+00,2026-08-28 06:30:26.485137+00
447,1,400,1410,ALL,630000.00,true,2025-09-01,Calf Warehouse,SYRUP DENALI ROUN 750ML,RMSY-00014,CTN@6BTL,Rupiah,,PLS202509010002,3495,342,1,"{""type"":""ALL"",""branches"":[]}","{""ID"":400,""unit"":""CTN@6BTL"",""price"":630000,""uomID"":342,""priceDate"":""2025-09-01"",""productID"":1410,""currencyID"":1,""expireDate"":null,""supplierID"":5,""productCode"":""RMSY-00014"",""productName"":""SYRUP DENALI ROUN 750ML"",""currencyName"":""Rupiah"",""pricelistNum"":""PLS202509010002"",""supplierName"":""Calf Warehouse"",""productDetailID"":3495,""applicableBranch"":{""type"":""ALL"",""branches"":[]}}",2026-08-21 18:25:34.864397+00,2026-08-28 06:30:26.485137+00
448,1,396,1421,ALL,182.10,true,2025-09-01,Calf Warehouse,SYRUP MONIN SUN DRIED ORANGE 750ML,RMSY-00012,GR,Rupiah,,PLS202509010002,3526,351,1,"{""type"":""ALL"",""branches"":[]}","{""ID"":396,""unit"":""GR"",""price"":182.1,""uomID"":351,""priceDate"":""2025-09-01"",""productID"":1421,""currencyID"":1,""expireDate"":null,""supplierID"":5,""productCode"":""RMSY-00012"",""productName"":""SYRUP MONIN SUN DRIED ORANGE 750ML"",""currencyName"":""Rupiah"",""pricelistNum"":""PLS202509010002"",""supplierName"":""Calf Warehouse"",""productDetailID"":3526,""applicableBranch"":{""type"":""ALL"",""branches"":[]}}",2026-08-21 18:25:34.864397+00,2026-08-28 06:30:26.485137+00
449,1,395,1421,ALL,154785.00,true,2025-09-01,Calf Warehouse,SYRUP MONIN SUN DRIED ORANGE 750ML,RMSY-00012,BTL@850GR,Rupiah,,PLS202509010002,3527,309,1,"{""type"":""ALL"",""branches"":[]}","{""ID"":395,""unit"":""BTL@850GR"",""price"":154785,""uomID"":309,""priceDate"":""2025-09-01"",""productID"":1421,""currencyID"":1,""expireDate"":null,""supplierID"":5,""productCode"":""RMSY-00012"",""productName"":""SYRUP MONIN SUN DRIED ORANGE 750ML"",""currencyName"":""Rupiah"",""pricelistNum"":""PLS202509010002"",""supplierName"":""Calf Warehouse"",""productDetailID"":3527,""applicableBranch"":{""type"":""ALL"",""branches"":[]}}",2026-08-21 18:25:34.864397+00,2026-08-28 06:30:26.485137+00
450,1,393,1420,ALL,94.28,true,2025-09-01,Calf Warehouse,SYRUP ITAL LEMON JUICE 1000ML,RMSY-00011,GR,Rupiah,,PLS202509010002,3523,351,1,"{""type"":""ALL"",""branches"":[]}","{""ID"":393,""unit"":""GR"",""price"":94.28,""uomID"":351,""priceDate"":""2025-09-01"",""productID"":1420,""currencyID"":1,""expireDate"":null,""supplierID"":5,""productCode"":""RMSY-00011"",""productName"":""SYRUP ITAL LEMON JUICE 1000ML"",""currencyName"":""Rupiah"",""pricelistNum"":""PLS202509010002"",""supplierName"":""Calf Warehouse"",""productDetailID"":3523,""applicableBranch"":{""type"":""ALL"",""branches"":[]}}",2026-08-21 18:25:34.864397+00,2026-08-28 06:30:26.485137+00
451,1,389,1418,ALL,95000.00,true,2025-09-01,Calf Warehouse,SYRUP DRIPP TIRAMISU 760ML,RMSY-00010,BTL@930GR,Rupiah,,PLS202509010002,3518,310,1,"{""type"":""ALL"",""branches"":[]}","{""ID"":389,""unit"":""BTL@930GR"",""price"":95000,""uomID"":310,""priceDate"":""2025-09-01"",""productID"":1418,""currencyID"":1,""expireDate"":null,""supplierID"":5,""productCode"":""RMSY-00010"",""productName"":""SYRUP DRIPP TIRAMISU 760ML"",""currencyName"":""Rupiah"",""pricelistNum"":""PLS202509010002"",""supplierName"":""Calf Warehouse"",""productDetailID"":3518,""applicableBranch"":{""type"":""ALL"",""branches"":[]}}",2026-08-21 18:25:34.864397+00,2026-08-28 06:30:26.485137+00
452,1,388,1418,ALL,570000.00,true,2025-09-01,Calf Warehouse,SYRUP DRIPP TIRAMISU 760ML,RMSY-00010,CTN@6BTL,Rupiah,,PLS202509010002,3519,342,1,"{""type"":""ALL"",""branches"":[]}","{""ID"":388,""unit"":""CTN@6BTL"",""price"":570000,""uomID"":342,""priceDate"":""2025-09-01"",""productID"":1418,""currencyID"":1,""expireDate"":null,""supplierID"":5,""productCode"":""RMSY-00010"",""productName"":""SYRUP DRIPP TIRAMISU 760ML"",""currencyName"":""Rupiah"",""pricelistNum"":""PLS202509010002"",""supplierName"":""Calf Warehouse"",""productDetailID"":3519,""applicableBranch"":{""type"":""ALL"",""branches"":[]}}",2026-08-21 18:25:34.864397+00,2026-08-28 06:30:26.485137+00
453,1,385,1417,ALL,570000.00,true,2025-09-01,Calf Warehouse,SYRUP DRIPP PISTACHIO 760ML,RMSY-00009,CTN@6BTL,Rupiah,,PLS202509010002,3516,342,1,"{""type"":""ALL"",""branches"":[]}","{""ID"":385,""unit"":""CTN@6BTL"",""price"":570000,""uomID"":342,""priceDate"":""2025-09-01"",""productID"":1417,""currencyID"":1,""expireDate"":null,""supplierID"":5,""productCode"":""RMSY-00009"",""productName"":""SYRUP DRIPP PISTACHIO 760ML"",""currencyName"":""Rupiah"",""pricelistNum"":""PLS202509010002"",""supplierName"":""Calf Warehouse"",""productDetailID"":3516,""applicableBranch"":{""type"":""ALL"",""branches"":[]}}",2026-08-21 18:25:34.864397+00,2026-08-28 06:30:26.485137+00
454,1,387,1417,ALL,102.15,true,2025-09-01,Calf Warehouse,SYRUP DRIPP PISTACHIO 760ML,RMSY-00009,GR,Rupiah,,PLS202509010002,3514,351,1,"{""type"":""ALL"",""branches"":[]}","{""ID"":387,""unit"":""GR"",""price"":102.15,""uomID"":351,""priceDate"":""2025-09-01"",""productID"":1417,""currencyID"":1,""expireDate"":null,""supplierID"":5,""productCode"":""RMSY-00009"",""productName"":""SYRUP DRIPP PISTACHIO 760ML"",""currencyName"":""Rupiah"",""pricelistNum"":""PLS202509010002"",""supplierName"":""Calf Warehouse"",""productDetailID"":3514,""applicableBranch"":{""type"":""ALL"",""branches"":[]}}",2026-08-21 18:25:34.864397+00,2026-08-28 06:30:26.485137+00
455,1,380,1415,ALL,95000.00,true,2025-09-01,Calf Warehouse,SYRUP DRIPP CINNAMON 750ML,RMSY-00007,BTL@930GR,Rupiah,,PLS202509010002,3509,310,1,"{""type"":""ALL"",""branches"":[]}","{""ID"":380,""unit"":""BTL@930GR"",""price"":95000,""uomID"":310,""priceDate"":""2025-09-01"",""productID"":1415,""currencyID"":1,""expireDate"":null,""supplierID"":5,""productCode"":""RMSY-00007"",""productName"":""SYRUP DRIPP CINNAMON 750ML"",""currencyName"":""Rupiah"",""pricelistNum"":""PLS202509010002"",""supplierName"":""Calf Warehouse"",""productDetailID"":3509,""applicableBranch"":{""type"":""ALL"",""branches"":[]}}",2026-08-21 18:25:34.864397+00,2026-08-28 06:30:26.485137+00
456,1,368,1411,ALL,95000.00,true,2025-09-01,Calf Warehouse,SYRUP DRIPP APEL MALANG 760ML,RMSY-00028,BTL@930GR,Rupiah,,PLS202509010002,3497,310,1,"{""type"":""ALL"",""branches"":[]}","{""ID"":368,""unit"":""BTL@930GR"",""price"":95000,""uomID"":310,""priceDate"":""2025-09-01"",""productID"":1411,""currencyID"":1,""expireDate"":null,""supplierID"":5,""productCode"":""RMSY-00028"",""productName"":""SYRUP DRIPP APEL MALANG 760ML"",""currencyName"":""Rupiah"",""pricelistNum"":""PLS202509010002"",""supplierName"":""Calf Warehouse"",""productDetailID"":3497,""applicableBranch"":{""type"":""ALL"",""branches"":[]}}",2026-08-21 18:25:34.864397+00,2026-08-28 06:30:26.485137+00
457,1,360,1399,ALL,961.96,true,2025-09-01,Calf Warehouse,STICKER UNIVERSAL 330ML,PCPB-00023,PCS,Rupiah,,PLS202509010002,3470,402,1,"{""type"":""ALL"",""branches"":[]}","{""ID"":360,""unit"":""PCS"",""price"":961.96,""uomID"":402,""priceDate"":""2025-09-01"",""productID"":1399,""currencyID"":1,""expireDate"":null,""supplierID"":5,""productCode"":""PCPB-00023"",""productName"":""STICKER UNIVERSAL 330ML"",""currencyName"":""Rupiah"",""pricelistNum"":""PLS202509010002"",""supplierName"":""Calf Warehouse"",""productDetailID"":3470,""applicableBranch"":{""type"":""ALL"",""branches"":[]}}",2026-08-21 18:25:34.864397+00,2026-08-28 06:30:26.485137+00
458,1,347,1392,ALL,315000.00,true,2025-09-01,Calf Warehouse,SPORK HITAM,KSUK-00006,CTN@20PACK,Rupiah,,PLS202509010002,3460,326,1,"{""type"":""ALL"",""branches"":[]}","{""ID"":347,""unit"":""CTN@20PACK"",""price"":315000,""uomID"":326,""priceDate"":""2025-09-01"",""productID"":1392,""currencyID"":1,""expireDate"":null,""supplierID"":5,""productCode"":""KSUK-00006"",""productName"":""SPORK HITAM"",""currencyName"":""Rupiah"",""pricelistNum"":""PLS202509010002"",""supplierName"":""Calf Warehouse"",""productDetailID"":3460,""applicableBranch"":{""type"":""ALL"",""branches"":[]}}",2026-08-21 18:25:34.864397+00,2026-08-28 06:30:26.485137+00
459,1,340,1384,ALL,32.66,true,2025-09-01,Calf Warehouse,SKM KALENG 488GR,RMBV-00014,GR,Rupiah,,PLS202509010002,3439,351,1,"{""type"":""ALL"",""branches"":[]}","{""ID"":340,""unit"":""GR"",""price"":32.66,""uomID"":351,""priceDate"":""2025-09-01"",""productID"":1384,""currencyID"":1,""expireDate"":null,""supplierID"":5,""productCode"":""RMBV-00014"",""productName"":""SKM KALENG 488GR"",""currencyName"":""Rupiah"",""pricelistNum"":""PLS202509010002"",""supplierName"":""Calf Warehouse"",""productDetailID"":3439,""applicableBranch"":{""type"":""ALL"",""branches"":[]}}",2026-08-21 18:25:34.864397+00,2026-08-28 06:30:26.485137+00
460,1,335,1383,ALL,572239.20,true,2025-09-01,Calf Warehouse,SKM KALENG 365GR,RMBV-00013,CTN@48PCS,Rupiah,,PLS202509010002,3438,338,1,"{""type"":""ALL"",""branches"":[]}","{""ID"":335,""unit"":""CTN@48PCS"",""price"":572239.2,""uomID"":338,""priceDate"":""2025-09-01"",""productID"":1383,""currencyID"":1,""expireDate"":null,""supplierID"":5,""productCode"":""RMBV-00013"",""productName"":""SKM KALENG 365GR"",""currencyName"":""Rupiah"",""pricelistNum"":""PLS202509010002"",""supplierName"":""Calf Warehouse"",""productDetailID"":3438,""applicableBranch"":{""type"":""ALL"",""branches"":[]}}",2026-08-21 18:25:34.864397+00,2026-08-28 06:30:26.485137+00
461,1,337,1383,ALL,32.66,true,2025-09-01,Calf Warehouse,SKM KALENG 365GR,RMBV-00013,GR,Rupiah,,PLS202509010002,3436,351,1,"{""type"":""ALL"",""branches"":[]}","{""ID"":337,""unit"":""GR"",""price"":32.66,""uomID"":351,""priceDate"":""2025-09-01"",""productID"":1383,""currencyID"":1,""expireDate"":null,""supplierID"":5,""productCode"":""RMBV-00013"",""productName"":""SKM KALENG 365GR"",""currencyName"":""Rupiah"",""pricelistNum"":""PLS202509010002"",""supplierName"":""Calf Warehouse"",""productDetailID"":3436,""applicableBranch"":{""type"":""ALL"",""branches"":[]}}",2026-08-21 18:25:34.864397+00,2026-08-28 06:30:26.485137+00
462,1,330,1379,ALL,23310.00,true,2025-09-01,Calf Warehouse,SEDOTAN 6MM,PCPB-00010,PACK@500PCS,Rupiah,,PLS202509010002,3428,388,1,"{""type"":""ALL"",""branches"":[]}","{""ID"":330,""unit"":""PACK@500PCS"",""price"":23310,""uomID"":388,""priceDate"":""2025-09-01"",""productID"":1379,""currencyID"":1,""expireDate"":null,""supplierID"":5,""productCode"":""PCPB-00010"",""productName"":""SEDOTAN 6MM"",""currencyName"":""Rupiah"",""pricelistNum"":""PLS202509010002"",""supplierName"":""Calf Warehouse"",""productDetailID"":3428,""applicableBranch"":{""type"":""ALL"",""branches"":[]}}",2026-08-21 18:25:34.864397+00,2026-08-28 06:30:26.485137+00
463,1,327,1378,ALL,23310.00,true,2025-09-01,Calf Warehouse,SEDOTAN 5MM,PCPB-00009,PACK@500PCS,Rupiah,,PLS202509010002,3425,388,1,"{""type"":""ALL"",""branches"":[]}","{""ID"":327,""unit"":""PACK@500PCS"",""price"":23310,""uomID"":388,""priceDate"":""2025-09-01"",""productID"":1378,""currencyID"":1,""expireDate"":null,""supplierID"":5,""productCode"":""PCPB-00009"",""productName"":""SEDOTAN 5MM"",""currencyName"":""Rupiah"",""pricelistNum"":""PLS202509010002"",""supplierName"":""Calf Warehouse"",""productDetailID"":3425,""applicableBranch"":{""type"":""ALL"",""branches"":[]}}",2026-08-21 18:25:34.864397+00,2026-08-28 06:30:26.485137+00
464,1,323,1377,ALL,332928.00,true,2025-09-01,Calf Warehouse,SAUS TIRAM PANDA 510 GR,RMKC-00027,CTN@12PCS,Rupiah,,PLS202509010002,3423,319,1,"{""type"":""ALL"",""branches"":[]}","{""ID"":323,""unit"":""CTN@12PCS"",""price"":332928,""uomID"":319,""priceDate"":""2025-09-01"",""productID"":1377,""currencyID"":1,""expireDate"":null,""supplierID"":5,""productCode"":""RMKC-00027"",""productName"":""SAUS TIRAM PANDA 510 GR"",""currencyName"":""Rupiah"",""pricelistNum"":""PLS202509010002"",""supplierName"":""Calf Warehouse"",""productDetailID"":3423,""applicableBranch"":{""type"":""ALL"",""branches"":[]}}",2026-08-21 18:25:34.864397+00,2026-08-28 06:30:26.485137+00
465,1,320,1376,ALL,718044.00,true,2025-09-01,Calf Warehouse,SAUS TIRAM PANDA 2200GR,RMKC-00026,CTN@6PCS,Rupiah,,PLS202509010002,3420,345,1,"{""type"":""ALL"",""branches"":[]}","{""ID"":320,""unit"":""CTN@6PCS"",""price"":718044,""uomID"":345,""priceDate"":""2025-09-01"",""productID"":1376,""currencyID"":1,""expireDate"":null,""supplierID"":5,""productCode"":""RMKC-00026"",""productName"":""SAUS TIRAM PANDA 2200GR"",""currencyName"":""Rupiah"",""pricelistNum"":""PLS202509010002"",""supplierName"":""Calf Warehouse"",""productDetailID"":3420,""applicableBranch"":{""type"":""ALL"",""branches"":[]}}",2026-08-21 18:25:34.864397+00,2026-08-28 06:30:26.485137+00
466,1,311,1372,ALL,484800.00,true,2025-09-01,Calf Warehouse,SAUCE VOYA BUTTERSCOTCH 750ML,RMSC-00005,CTN@6BTL,Rupiah,,PLS202509010002,3408,342,1,"{""type"":""ALL"",""branches"":[]}","{""ID"":311,""unit"":""CTN@6BTL"",""price"":484800,""uomID"":342,""priceDate"":""2025-09-01"",""productID"":1372,""currencyID"":1,""expireDate"":null,""supplierID"":5,""productCode"":""RMSC-00005"",""productName"":""SAUCE VOYA BUTTERSCOTCH 750ML"",""currencyName"":""Rupiah"",""pricelistNum"":""PLS202509010002"",""supplierName"":""Calf Warehouse"",""productDetailID"":3408,""applicableBranch"":{""type"":""ALL"",""branches"":[]}}",2026-08-21 18:25:34.864397+00,2026-08-28 06:30:26.485137+00
467,1,308,1370,ALL,74.97,true,2025-09-01,Calf Warehouse,SAUCE MENTAI 1000GR,RMKC-00023,GR,Rupiah,,PLS202509010002,3401,351,1,"{""type"":""ALL"",""branches"":[]}","{""ID"":308,""unit"":""GR"",""price"":74.97,""uomID"":351,""priceDate"":""2025-09-01"",""productID"":1370,""currencyID"":1,""expireDate"":null,""supplierID"":5,""productCode"":""RMKC-00023"",""productName"":""SAUCE MENTAI 1000GR"",""currencyName"":""Rupiah"",""pricelistNum"":""PLS202509010002"",""supplierName"":""Calf Warehouse"",""productDetailID"":3401,""applicableBranch"":{""type"":""ALL"",""branches"":[]}}",2026-08-21 18:25:34.864397+00,2026-08-28 06:30:26.485137+00
468,1,304,1368,ALL,140679.00,true,2025-09-01,Calf Warehouse,SAUCE GULANAS HONEY PINEAPPLE 700GR,RMSC-00004,PCS@700GR,Rupiah,,PLS202509010002,3396,416,1,"{""type"":""ALL"",""branches"":[]}","{""ID"":304,""unit"":""PCS@700GR"",""price"":140679,""uomID"":416,""priceDate"":""2025-09-01"",""productID"":1368,""currencyID"":1,""expireDate"":null,""supplierID"":5,""productCode"":""RMSC-00004"",""productName"":""SAUCE GULANAS HONEY PINEAPPLE 700GR"",""currencyName"":""Rupiah"",""pricelistNum"":""PLS202509010002"",""supplierName"":""Calf Warehouse"",""productDetailID"":3396,""applicableBranch"":{""type"":""ALL"",""branches"":[]}}",2026-08-21 18:25:34.864397+00,2026-08-28 06:30:26.485137+00
469,1,303,1368,ALL,844074.00,true,2025-09-01,Calf Warehouse,SAUCE GULANAS HONEY PINEAPPLE 700GR,RMSC-00004,CTN@6PCS,Rupiah,,PLS202509010002,3397,345,1,"{""type"":""ALL"",""branches"":[]}","{""ID"":303,""unit"":""CTN@6PCS"",""price"":844074,""uomID"":345,""priceDate"":""2025-09-01"",""productID"":1368,""currencyID"":1,""expireDate"":null,""supplierID"":5,""productCode"":""RMSC-00004"",""productName"":""SAUCE GULANAS HONEY PINEAPPLE 700GR"",""currencyName"":""Rupiah"",""pricelistNum"":""PLS202509010002"",""supplierName"":""Calf Warehouse"",""productDetailID"":3397,""applicableBranch"":{""type"":""ALL"",""branches"":[]}}",2026-08-21 18:25:34.864397+00,2026-08-28 06:30:26.485137+00
470,1,296,1365,ALL,112.62,true,2025-09-01,Calf Warehouse,SAUCE DAVINCI BUTTERSCOTCH 2000ML,RMSC-00001,GR,Rupiah,,PLS202509010002,3386,351,1,"{""type"":""ALL"",""branches"":[]}","{""ID"":296,""unit"":""GR"",""price"":112.62,""uomID"":351,""priceDate"":""2025-09-01"",""productID"":1365,""currencyID"":1,""expireDate"":null,""supplierID"":5,""productCode"":""RMSC-00001"",""productName"":""SAUCE DAVINCI BUTTERSCOTCH 2000ML"",""currencyName"":""Rupiah"",""pricelistNum"":""PLS202509010002"",""supplierName"":""Calf Warehouse"",""productDetailID"":3386,""applicableBranch"":{""type"":""ALL"",""branches"":[]}}",2026-08-21 18:25:34.864397+00,2026-08-28 06:30:26.485137+00
471,1,295,1365,ALL,279300.00,true,2025-09-01,Calf Warehouse,SAUCE DAVINCI BUTTERSCOTCH 2000ML,RMSC-00001,BTL@2480GR,Rupiah,,PLS202509010002,3387,304,1,"{""type"":""ALL"",""branches"":[]}","{""ID"":295,""unit"":""BTL@2480GR"",""price"":279300,""uomID"":304,""priceDate"":""2025-09-01"",""productID"":1365,""currencyID"":1,""expireDate"":null,""supplierID"":5,""productCode"":""RMSC-00001"",""productName"":""SAUCE DAVINCI BUTTERSCOTCH 2000ML"",""currencyName"":""Rupiah"",""pricelistNum"":""PLS202509010002"",""supplierName"":""Calf Warehouse"",""productDetailID"":3387,""applicableBranch"":{""type"":""ALL"",""branches"":[]}}",2026-08-21 18:25:34.864397+00,2026-08-28 06:30:26.485137+00
472,1,289,1361,ALL,81.11,true,2025-09-01,Calf Warehouse,SARI MINANG BUBUK KARI KAMBING 250GR,RMKC-00021,GR,Rupiah,,PLS202509010002,3378,351,1,"{""type"":""ALL"",""branches"":[]}","{""ID"":289,""unit"":""GR"",""price"":81.11,""uomID"":351,""priceDate"":""2025-09-01"",""productID"":1361,""currencyID"":1,""expireDate"":null,""supplierID"":5,""productCode"":""RMKC-00021"",""productName"":""SARI MINANG BUBUK KARI KAMBING 250GR"",""currencyName"":""Rupiah"",""pricelistNum"":""PLS202509010002"",""supplierName"":""Calf Warehouse"",""productDetailID"":3378,""applicableBranch"":{""type"":""ALL"",""branches"":[]}}",2026-08-21 18:25:34.864397+00,2026-08-28 06:30:26.485137+00
473,1,288,1361,ALL,20278.11,true,2025-09-01,Calf Warehouse,SARI MINANG BUBUK KARI KAMBING 250GR,RMKC-00021,PCS@250GR,Rupiah,,PLS202509010002,3379,409,1,"{""type"":""ALL"",""branches"":[]}","{""ID"":288,""unit"":""PCS@250GR"",""price"":20278.11,""uomID"":409,""priceDate"":""2025-09-01"",""productID"":1361,""currencyID"":1,""expireDate"":null,""supplierID"":5,""productCode"":""RMKC-00021"",""productName"":""SARI MINANG BUBUK KARI KAMBING 250GR"",""currencyName"":""Rupiah"",""pricelistNum"":""PLS202509010002"",""supplierName"":""Calf Warehouse"",""productDetailID"":3379,""applicableBranch"":{""type"":""ALL"",""branches"":[]}}",2026-08-21 18:25:34.864397+00,2026-08-28 06:30:26.485137+00
474,1,280,1354,ALL,767340.00,true,2025-09-01,Calf Warehouse,RICH GOLD LABEL 907ML,RMFR-00017,CTN@12PCS,Rupiah,,PLS202509010002,3368,319,1,"{""type"":""ALL"",""branches"":[]}","{""ID"":280,""unit"":""CTN@12PCS"",""price"":767340,""uomID"":319,""priceDate"":""2025-09-01"",""productID"":1354,""currencyID"":1,""expireDate"":null,""supplierID"":5,""productCode"":""RMFR-00017"",""productName"":""RICH GOLD LABEL 907ML"",""currencyName"":""Rupiah"",""pricelistNum"":""PLS202509010002"",""supplierName"":""Calf Warehouse"",""productDetailID"":3368,""applicableBranch"":{""type"":""ALL"",""branches"":[]}}",2026-08-21 18:25:34.864397+00,2026-08-28 06:30:26.485137+00
475,1,277,1352,ALL,360000.00,true,2025-09-01,Calf Warehouse,RAMOE SODA 330ML,RMBV-00018,CTN@24BTL,Rupiah,,PLS202509010002,3362,330,1,"{""type"":""ALL"",""branches"":[]}","{""ID"":277,""unit"":""CTN@24BTL"",""price"":360000,""uomID"":330,""priceDate"":""2025-09-01"",""productID"":1352,""currencyID"":1,""expireDate"":null,""supplierID"":5,""productCode"":""RMBV-00018"",""productName"":""RAMOE SODA 330ML"",""currencyName"":""Rupiah"",""pricelistNum"":""PLS202509010002"",""supplierName"":""Calf Warehouse"",""productDetailID"":3362,""applicableBranch"":{""type"":""ALL"",""branches"":[]}}",2026-08-21 18:25:34.864397+00,2026-08-28 06:30:26.485137+00
476,1,273,1349,ALL,165.62,true,2025-09-01,Calf Warehouse,POWDER STIR UP TIRAMISU 1000GR,RMPD-00011,GR,Rupiah,,PLS202509010002,3352,351,1,"{""type"":""ALL"",""branches"":[]}","{""ID"":273,""unit"":""GR"",""price"":165.62,""uomID"":351,""priceDate"":""2025-09-01"",""productID"":1349,""currencyID"":1,""expireDate"":null,""supplierID"":5,""productCode"":""RMPD-00011"",""productName"":""POWDER STIR UP TIRAMISU 1000GR"",""currencyName"":""Rupiah"",""pricelistNum"":""PLS202509010002"",""supplierName"":""Calf Warehouse"",""productDetailID"":3352,""applicableBranch"":{""type"":""ALL"",""branches"":[]}}",2026-08-21 18:25:34.864397+00,2026-08-28 06:30:26.485137+00
477,1,270,1348,ALL,80.56,true,2025-09-01,Calf Warehouse,POWDER ROASTED GARLIC 1000GR,RMKC-00020,GR,Rupiah,,PLS202509010002,3350,351,1,"{""type"":""ALL"",""branches"":[]}","{""ID"":270,""unit"":""GR"",""price"":80.56,""uomID"":351,""priceDate"":""2025-09-01"",""productID"":1348,""currencyID"":1,""expireDate"":null,""supplierID"":5,""productCode"":""RMKC-00020"",""productName"":""POWDER ROASTED GARLIC 1000GR"",""currencyName"":""Rupiah"",""pricelistNum"":""PLS202509010002"",""supplierName"":""Calf Warehouse"",""productDetailID"":3350,""applicableBranch"":{""type"":""ALL"",""branches"":[]}}",2026-08-21 18:25:34.864397+00,2026-08-28 06:30:26.485137+00
478,1,272,1349,ALL,165617.55,true,2025-09-01,Calf Warehouse,POWDER STIR UP TIRAMISU 1000GR,RMPD-00011,PACK@1000GR,Rupiah,,PLS202509010002,3353,370,1,"{""type"":""ALL"",""branches"":[]}","{""ID"":272,""unit"":""PACK@1000GR"",""price"":165617.55,""uomID"":370,""priceDate"":""2025-09-01"",""productID"":1349,""currencyID"":1,""expireDate"":null,""supplierID"":5,""productCode"":""RMPD-00011"",""productName"":""POWDER STIR UP TIRAMISU 1000GR"",""currencyName"":""Rupiah"",""pricelistNum"":""PLS202509010002"",""supplierName"":""Calf Warehouse"",""productDetailID"":3353,""applicableBranch"":{""type"":""ALL"",""branches"":[]}}",2026-08-21 18:25:34.864397+00,2026-08-28 06:30:26.485137+00
479,1,265,1346,ALL,312.10,true,2025-09-01,Calf Warehouse,POWDER PARSLEY FLAKES 1000GR,RMKC-00019,GR,Rupiah,,PLS202509010002,3345,351,1,"{""type"":""ALL"",""branches"":[]}","{""ID"":265,""unit"":""GR"",""price"":312.1,""uomID"":351,""priceDate"":""2025-09-01"",""productID"":1346,""currencyID"":1,""expireDate"":null,""supplierID"":5,""productCode"":""RMKC-00019"",""productName"":""POWDER PARSLEY FLAKES 1000GR"",""currencyName"":""Rupiah"",""pricelistNum"":""PLS202509010002"",""supplierName"":""Calf Warehouse"",""productDetailID"":3345,""applicableBranch"":{""type"":""ALL"",""branches"":[]}}",2026-08-21 18:25:34.864397+00,2026-08-28 06:30:26.485137+00
480,1,267,1347,ALL,75160.00,true,2025-09-01,Calf Warehouse,POWDER PEACH TEA 1000GR,RMPD-00010,PACK@1000GR,Rupiah,,PLS202509010002,3348,370,1,"{""type"":""ALL"",""branches"":[]}","{""ID"":267,""unit"":""PACK@1000GR"",""price"":75160,""uomID"":370,""priceDate"":""2025-09-01"",""productID"":1347,""currencyID"":1,""expireDate"":null,""supplierID"":5,""productCode"":""RMPD-00010"",""productName"":""POWDER PEACH TEA 1000GR"",""currencyName"":""Rupiah"",""pricelistNum"":""PLS202509010002"",""supplierName"":""Calf Warehouse"",""productDetailID"":3348,""applicableBranch"":{""type"":""ALL"",""branches"":[]}}",2026-08-21 18:25:34.864397+00,2026-08-28 06:30:26.485137+00
481,1,248,1340,ALL,148139.25,true,2025-09-01,Calf Warehouse,POWDER GENOVA MACCHIATO 1000GR,RMPD-00005,PACK@1000GR,Rupiah,,PLS202509010002,3329,370,1,"{""type"":""ALL"",""branches"":[]}","{""ID"":248,""unit"":""PACK@1000GR"",""price"":148139.25,""uomID"":370,""priceDate"":""2025-09-01"",""productID"":1340,""currencyID"":1,""expireDate"":null,""supplierID"":5,""productCode"":""RMPD-00005"",""productName"":""POWDER GENOVA MACCHIATO 1000GR"",""currencyName"":""Rupiah"",""pricelistNum"":""PLS202509010002"",""supplierName"":""Calf Warehouse"",""productDetailID"":3329,""applicableBranch"":{""type"":""ALL"",""branches"":[]}}",2026-08-21 18:25:34.864397+00,2026-08-28 06:30:26.485137+00
482,1,250,1341,ALL,151960.00,true,2025-09-01,Calf Warehouse,POWDER KERRY CHEESE 1000GR,RMKC-00018,PACK@1000GR,Rupiah,,PLS202509010002,3332,370,1,"{""type"":""ALL"",""branches"":[]}","{""ID"":250,""unit"":""PACK@1000GR"",""price"":151960,""uomID"":370,""priceDate"":""2025-09-01"",""productID"":1341,""currencyID"":1,""expireDate"":null,""supplierID"":5,""productCode"":""RMKC-00018"",""productName"":""POWDER KERRY CHEESE 1000GR"",""currencyName"":""Rupiah"",""pricelistNum"":""PLS202509010002"",""supplierName"":""Calf Warehouse"",""productDetailID"":3332,""applicableBranch"":{""type"":""ALL"",""branches"":[]}}",2026-08-21 18:25:34.864397+00,2026-08-28 06:30:26.485137+00
483,1,245,1339,ALL,225400.00,true,2025-09-01,Calf Warehouse,POWDER GELATIN 1000GR,RMKC-00017,PACK@1000GR,Rupiah,,PLS202509010002,3327,370,1,"{""type"":""ALL"",""branches"":[]}","{""ID"":245,""unit"":""PACK@1000GR"",""price"":225400,""uomID"":370,""priceDate"":""2025-09-01"",""productID"":1339,""currencyID"":1,""expireDate"":null,""supplierID"":5,""productCode"":""RMKC-00017"",""productName"":""POWDER GELATIN 1000GR"",""currencyName"":""Rupiah"",""pricelistNum"":""PLS202509010002"",""supplierName"":""Calf Warehouse"",""productDetailID"":3327,""applicableBranch"":{""type"":""ALL"",""branches"":[]}}",2026-08-21 18:25:34.864397+00,2026-08-28 06:30:26.485137+00
484,1,241,1337,ALL,319.74,true,2025-09-01,Calf Warehouse,POWDER DRIPP MATCHA 760GR,RMPD-00013,GR,Rupiah,,PLS202509010002,3320,351,1,"{""type"":""ALL"",""branches"":[]}","{""ID"":241,""unit"":""GR"",""price"":319.74,""uomID"":351,""priceDate"":""2025-09-01"",""productID"":1337,""currencyID"":1,""expireDate"":null,""supplierID"":5,""productCode"":""RMPD-00013"",""productName"":""POWDER DRIPP MATCHA 760GR"",""currencyName"":""Rupiah"",""pricelistNum"":""PLS202509010002"",""supplierName"":""Calf Warehouse"",""productDetailID"":3320,""applicableBranch"":{""type"":""ALL"",""branches"":[]}}",2026-08-21 18:25:34.864397+00,2026-08-28 06:30:26.485137+00
485,1,238,1336,ALL,90.32,true,2025-09-01,Calf Warehouse,POWDER CREAM CHEESE 1000GR,RMPD-00003,GR,Rupiah,,PLS202509010002,3317,351,1,"{""type"":""ALL"",""branches"":[]}","{""ID"":238,""unit"":""GR"",""price"":90.32,""uomID"":351,""priceDate"":""2025-09-01"",""productID"":1336,""currencyID"":1,""expireDate"":null,""supplierID"":5,""productCode"":""RMPD-00003"",""productName"":""POWDER CREAM CHEESE 1000GR"",""currencyName"":""Rupiah"",""pricelistNum"":""PLS202509010002"",""supplierName"":""Calf Warehouse"",""productDetailID"":3317,""applicableBranch"":{""type"":""ALL"",""branches"":[]}}",2026-08-21 18:25:34.864397+00,2026-08-28 06:30:26.485137+00
486,1,240,1337,ALL,243000.00,true,2025-09-01,Calf Warehouse,POWDER DRIPP MATCHA 760GR,RMPD-00013,PACK@760GR,Rupiah,,PLS202509010002,3321,394,1,"{""type"":""ALL"",""branches"":[]}","{""ID"":240,""unit"":""PACK@760GR"",""price"":243000,""uomID"":394,""priceDate"":""2025-09-01"",""productID"":1337,""currencyID"":1,""expireDate"":null,""supplierID"":5,""productCode"":""RMPD-00013"",""productName"":""POWDER DRIPP MATCHA 760GR"",""currencyName"":""Rupiah"",""pricelistNum"":""PLS202509010002"",""supplierName"":""Calf Warehouse"",""productDetailID"":3321,""applicableBranch"":{""type"":""ALL"",""branches"":[]}}",2026-08-21 18:25:34.864397+00,2026-08-28 06:30:26.485137+00
487,1,233,1335,ALL,3225000.00,true,2025-09-01,Calf Warehouse,POWDER COKLAT TR 1000GR,RMPD-00002,CTN@15PACK,Rupiah,,PLS202509010002,3316,322,1,"{""type"":""ALL"",""branches"":[]}","{""ID"":233,""unit"":""CTN@15PACK"",""price"":3225000,""uomID"":322,""priceDate"":""2025-09-01"",""productID"":1335,""currencyID"":1,""expireDate"":null,""supplierID"":5,""productCode"":""RMPD-00002"",""productName"":""POWDER COKLAT TR 1000GR"",""currencyName"":""Rupiah"",""pricelistNum"":""PLS202509010002"",""supplierName"":""Calf Warehouse"",""productDetailID"":3316,""applicableBranch"":{""type"":""ALL"",""branches"":[]}}",2026-08-21 18:25:34.864397+00,2026-08-28 06:30:26.485137+00
488,1,235,1335,ALL,215.00,true,2025-09-01,Calf Warehouse,POWDER COKLAT TR 1000GR,RMPD-00002,GR,Rupiah,,PLS202509010002,3314,351,1,"{""type"":""ALL"",""branches"":[]}","{""ID"":235,""unit"":""GR"",""price"":215,""uomID"":351,""priceDate"":""2025-09-01"",""productID"":1335,""currencyID"":1,""expireDate"":null,""supplierID"":5,""productCode"":""RMPD-00002"",""productName"":""POWDER COKLAT TR 1000GR"",""currencyName"":""Rupiah"",""pricelistNum"":""PLS202509010002"",""supplierName"":""Calf Warehouse"",""productDetailID"":3314,""applicableBranch"":{""type"":""ALL"",""branches"":[]}}",2026-08-21 18:25:34.864397+00,2026-08-28 06:30:26.485137+00
489,1,230,1333,ALL,141.76,true,2025-09-01,Calf Warehouse,POWDER CAJUN SPICE 1000GR,RMKC-00015,GR,Rupiah,,PLS202509010002,3310,351,1,"{""type"":""ALL"",""branches"":[]}","{""ID"":230,""unit"":""GR"",""price"":141.76,""uomID"":351,""priceDate"":""2025-09-01"",""productID"":1333,""currencyID"":1,""expireDate"":null,""supplierID"":5,""productCode"":""RMKC-00015"",""productName"":""POWDER CAJUN SPICE 1000GR"",""currencyName"":""Rupiah"",""pricelistNum"":""PLS202509010002"",""supplierName"":""Calf Warehouse"",""productDetailID"":3310,""applicableBranch"":{""type"":""ALL"",""branches"":[]}}",2026-08-21 18:25:34.864397+00,2026-08-28 06:30:26.485137+00
490,1,232,1334,ALL,77.50,true,2025-09-01,Calf Warehouse,POWDER CHILLI FLAKE 1000GR,RMKC-00016,GR,Rupiah,,PLS202509010002,3312,351,1,"{""type"":""ALL"",""branches"":[]}","{""ID"":232,""unit"":""GR"",""price"":77.5,""uomID"":351,""priceDate"":""2025-09-01"",""productID"":1334,""currencyID"":1,""expireDate"":null,""supplierID"":5,""productCode"":""RMKC-00016"",""productName"":""POWDER CHILLI FLAKE 1000GR"",""currencyName"":""Rupiah"",""pricelistNum"":""PLS202509010002"",""supplierName"":""Calf Warehouse"",""productDetailID"":3312,""applicableBranch"":{""type"":""ALL"",""branches"":[]}}",2026-08-21 18:25:34.864397+00,2026-08-28 06:30:26.485137+00
491,1,226,1332,ALL,902097.00,true,2025-09-01,Calf Warehouse,POWDER APPLE TEA 1000GR,RMPD-00001,CTN@12PACK,Rupiah,,PLS202509010002,3309,318,1,"{""type"":""ALL"",""branches"":[]}","{""ID"":226,""unit"":""CTN@12PACK"",""price"":902097,""uomID"":318,""priceDate"":""2025-09-01"",""productID"":1332,""currencyID"":1,""expireDate"":null,""supplierID"":5,""productCode"":""RMPD-00001"",""productName"":""POWDER APPLE TEA 1000GR"",""currencyName"":""Rupiah"",""pricelistNum"":""PLS202509010002"",""supplierName"":""Calf Warehouse"",""productDetailID"":3309,""applicableBranch"":{""type"":""ALL"",""branches"":[]}}",2026-08-21 18:25:34.864397+00,2026-08-28 06:30:26.485137+00
492,1,228,1332,ALL,75.17,true,2025-09-01,Calf Warehouse,POWDER APPLE TEA 1000GR,RMPD-00001,GR,Rupiah,,PLS202509010002,3307,351,1,"{""type"":""ALL"",""branches"":[]}","{""ID"":228,""unit"":""GR"",""price"":75.17,""uomID"":351,""priceDate"":""2025-09-01"",""productID"":1332,""currencyID"":1,""expireDate"":null,""supplierID"":5,""productCode"":""RMPD-00001"",""productName"":""POWDER APPLE TEA 1000GR"",""currencyName"":""Rupiah"",""pricelistNum"":""PLS202509010002"",""supplierName"":""Calf Warehouse"",""productDetailID"":3307,""applicableBranch"":{""type"":""ALL"",""branches"":[]}}",2026-08-21 18:25:34.864397+00,2026-08-28 06:30:26.485137+00
493,1,223,1330,ALL,15187.50,true,2025-09-01,Calf Warehouse,PLASTIK WRAPPING 30CMX30M,KSUT-00017,ROLL,Rupiah,,PLS202509010002,3303,436,1,"{""type"":""ALL"",""branches"":[]}","{""ID"":223,""unit"":""ROLL"",""price"":15187.5,""uomID"":436,""priceDate"":""2025-09-01"",""productID"":1330,""currencyID"":1,""expireDate"":null,""supplierID"":5,""productCode"":""KSUT-00017"",""productName"":""PLASTIK WRAPPING 30CMX30M"",""currencyName"":""Rupiah"",""pricelistNum"":""PLS202509010002"",""supplierName"":""Calf Warehouse"",""productDetailID"":3303,""applicableBranch"":{""type"":""ALL"",""branches"":[]}}",2026-08-21 18:25:34.864397+00,2026-08-28 06:30:26.485137+00
494,1,225,1331,ALL,121868.18,true,2025-09-01,Calf Warehouse,PLASTIK WRAPPING 40X500M,KSUK-00001,ROLL,Rupiah,,PLS202509010002,3305,436,1,"{""type"":""ALL"",""branches"":[]}","{""ID"":225,""unit"":""ROLL"",""price"":121868.18,""uomID"":436,""priceDate"":""2025-09-01"",""productID"":1331,""currencyID"":1,""expireDate"":null,""supplierID"":5,""productCode"":""KSUK-00001"",""productName"":""PLASTIK WRAPPING 40X500M"",""currencyName"":""Rupiah"",""pricelistNum"":""PLS202509010002"",""supplierName"":""Calf Warehouse"",""productDetailID"":3305,""applicableBranch"":{""type"":""ALL"",""branches"":[]}}",2026-08-21 18:25:34.864397+00,2026-08-28 06:30:26.485137+00
495,1,217,1328,ALL,19497.45,true,2025-09-01,Calf Warehouse,PLASTIK TAKE AWAY 28,KSUT-00015,PACK@36PCS,Rupiah,,PLS202509010002,3298,384,1,"{""type"":""ALL"",""branches"":[]}","{""ID"":217,""unit"":""PACK@36PCS"",""price"":19497.45,""uomID"":384,""priceDate"":""2025-09-01"",""productID"":1328,""currencyID"":1,""expireDate"":null,""supplierID"":5,""productCode"":""KSUT-00015"",""productName"":""PLASTIK TAKE AWAY 28"",""currencyName"":""Rupiah"",""pricelistNum"":""PLS202509010002"",""supplierName"":""Calf Warehouse"",""productDetailID"":3298,""applicableBranch"":{""type"":""ALL"",""branches"":[]}}",2026-08-21 18:25:34.864397+00,2026-08-28 06:30:26.485137+00
496,1,219,1329,ALL,974872.50,true,2025-09-01,Calf Warehouse,PLASTIK TAKE AWAY 35,KSUT-00016,KARUNG@50PACK,Rupiah,,PLS202509010002,3302,363,1,"{""type"":""ALL"",""branches"":[]}","{""ID"":219,""unit"":""KARUNG@50PACK"",""price"":974872.5,""uomID"":363,""priceDate"":""2025-09-01"",""productID"":1329,""currencyID"":1,""expireDate"":null,""supplierID"":5,""productCode"":""KSUT-00016"",""productName"":""PLASTIK TAKE AWAY 35"",""currencyName"":""Rupiah"",""pricelistNum"":""PLS202509010002"",""supplierName"":""Calf Warehouse"",""productDetailID"":3302,""applicableBranch"":{""type"":""ALL"",""branches"":[]}}",2026-08-21 18:25:34.864397+00,2026-08-28 06:30:26.485137+00
497,1,214,1327,ALL,19497.45,true,2025-09-01,Calf Warehouse,PLASTIK TAKE AWAY 24,KSUT-00014,PACK@52PCS,Rupiah,,PLS202509010002,3295,390,1,"{""type"":""ALL"",""branches"":[]}","{""ID"":214,""unit"":""PACK@52PCS"",""price"":19497.45,""uomID"":390,""priceDate"":""2025-09-01"",""productID"":1327,""currencyID"":1,""expireDate"":null,""supplierID"":5,""productCode"":""KSUT-00014"",""productName"":""PLASTIK TAKE AWAY 24"",""currencyName"":""Rupiah"",""pricelistNum"":""PLS202509010002"",""supplierName"":""Calf Warehouse"",""productDetailID"":3295,""applicableBranch"":{""type"":""ALL"",""branches"":[]}}",2026-08-21 18:25:34.864397+00,2026-08-28 06:30:26.485137+00
498,1,216,1328,ALL,974872.50,true,2025-09-01,Calf Warehouse,PLASTIK TAKE AWAY 28,KSUT-00015,KARUNG@50PACK,Rupiah,,PLS202509010002,3299,363,1,"{""type"":""ALL"",""branches"":[]}","{""ID"":216,""unit"":""KARUNG@50PACK"",""price"":974872.5,""uomID"":363,""priceDate"":""2025-09-01"",""productID"":1328,""currencyID"":1,""expireDate"":null,""supplierID"":5,""productCode"":""KSUT-00015"",""productName"":""PLASTIK TAKE AWAY 28"",""currencyName"":""Rupiah"",""pricelistNum"":""PLS202509010002"",""supplierName"":""Calf Warehouse"",""productDetailID"":3299,""applicableBranch"":{""type"":""ALL"",""branches"":[]}}",2026-08-21 18:25:34.864397+00,2026-08-28 06:30:26.485137+00
499,1,210,1326,ALL,974872.50,true,2025-09-01,Calf Warehouse,PLASTIK TAKE AWAY 17,KSUT-00013,KARUNG@50PACK,Rupiah,,PLS202509010002,3293,363,1,"{""type"":""ALL"",""branches"":[]}","{""ID"":210,""unit"":""KARUNG@50PACK"",""price"":974872.5,""uomID"":363,""priceDate"":""2025-09-01"",""productID"":1326,""currencyID"":1,""expireDate"":null,""supplierID"":5,""productCode"":""KSUT-00013"",""productName"":""PLASTIK TAKE AWAY 17"",""currencyName"":""Rupiah"",""pricelistNum"":""PLS202509010002"",""supplierName"":""Calf Warehouse"",""productDetailID"":3293,""applicableBranch"":{""type"":""ALL"",""branches"":[]}}",2026-08-21 18:25:34.864397+00,2026-08-28 06:30:26.485137+00
500,1,212,1326,ALL,211.93,true,2025-09-01,Calf Warehouse,PLASTIK TAKE AWAY 17,KSUT-00013,PCS,Rupiah,,PLS202509010002,3291,402,1,"{""type"":""ALL"",""branches"":[]}","{""ID"":212,""unit"":""PCS"",""price"":211.93,""uomID"":402,""priceDate"":""2025-09-01"",""productID"":1326,""currencyID"":1,""expireDate"":null,""supplierID"":5,""productCode"":""KSUT-00013"",""productName"":""PLASTIK TAKE AWAY 17"",""currencyName"":""Rupiah"",""pricelistNum"":""PLS202509010002"",""supplierName"":""Calf Warehouse"",""productDetailID"":3291,""applicableBranch"":{""type"":""ALL"",""branches"":[]}}",2026-08-21 18:25:34.864397+00,2026-08-28 06:30:26.485137+00
501,1,207,1325,ALL,1706250.00,true,2025-09-01,Calf Warehouse,PLASTIK KLIP 20X12CM,KSUT-00012,KARUNG@125PACK,Rupiah,,PLS202509010002,3290,360,1,"{""type"":""ALL"",""branches"":[]}","{""ID"":207,""unit"":""KARUNG@125PACK"",""price"":1706250,""uomID"":360,""priceDate"":""2025-09-01"",""productID"":1325,""currencyID"":1,""expireDate"":null,""supplierID"":5,""productCode"":""KSUT-00012"",""productName"":""PLASTIK KLIP 20X12CM"",""currencyName"":""Rupiah"",""pricelistNum"":""PLS202509010002"",""supplierName"":""Calf Warehouse"",""productDetailID"":3290,""applicableBranch"":{""type"":""ALL"",""branches"":[]}}",2026-08-21 18:25:34.864397+00,2026-08-28 06:30:26.485137+00
502,1,209,1325,ALL,136.50,true,2025-09-01,Calf Warehouse,PLASTIK KLIP 20X12CM,KSUT-00012,PCS,Rupiah,,PLS202509010002,3288,402,1,"{""type"":""ALL"",""branches"":[]}","{""ID"":209,""unit"":""PCS"",""price"":136.5,""uomID"":402,""priceDate"":""2025-09-01"",""productID"":1325,""currencyID"":1,""expireDate"":null,""supplierID"":5,""productCode"":""KSUT-00012"",""productName"":""PLASTIK KLIP 20X12CM"",""currencyName"":""Rupiah"",""pricelistNum"":""PLS202509010002"",""supplierName"":""Calf Warehouse"",""productDetailID"":3288,""applicableBranch"":{""type"":""ALL"",""branches"":[]}}",2026-08-21 18:25:34.864397+00,2026-08-28 06:30:26.485137+00
503,1,202,1320,ALL,1950.00,true,2025-09-01,Calf Warehouse,PAPER BOX ROTI,KSUK-00002,PCS,Rupiah,,PLS202509010002,3279,402,1,"{""type"":""ALL"",""branches"":[]}","{""ID"":202,""unit"":""PCS"",""price"":1950,""uomID"":402,""priceDate"":""2025-09-01"",""productID"":1320,""currencyID"":1,""expireDate"":null,""supplierID"":5,""productCode"":""KSUK-00002"",""productName"":""PAPER BOX ROTI"",""currencyName"":""Rupiah"",""pricelistNum"":""PLS202509010002"",""supplierName"":""Calf Warehouse"",""productDetailID"":3279,""applicableBranch"":{""type"":""ALL"",""branches"":[]}}",2026-08-21 18:25:34.864397+00,2026-08-28 06:30:26.485137+00
504,1,204,1322,ALL,11760.00,true,2025-09-01,Calf Warehouse,PLASTIK 1/2 KG,KSUK-00003,PACK,Rupiah,,PLS202509010002,3283,369,1,"{""type"":""ALL"",""branches"":[]}","{""ID"":204,""unit"":""PACK"",""price"":11760,""uomID"":369,""priceDate"":""2025-09-01"",""productID"":1322,""currencyID"":1,""expireDate"":null,""supplierID"":5,""productCode"":""KSUK-00003"",""productName"":""PLASTIK 1/2 KG"",""currencyName"":""Rupiah"",""pricelistNum"":""PLS202509010002"",""supplierName"":""Calf Warehouse"",""productDetailID"":3283,""applicableBranch"":{""type"":""ALL"",""branches"":[]}}",2026-08-21 18:25:34.864397+00,2026-08-28 06:30:26.485137+00
505,1,199,1319,ALL,1012500.00,true,2025-09-01,Calf Warehouse,PAPER BAG LARGE BIRU,PCAP-00001,BALL@250PCS,Rupiah,,PLS202509010002,3278,290,1,"{""type"":""ALL"",""branches"":[]}","{""ID"":199,""unit"":""BALL@250PCS"",""price"":1012500,""uomID"":290,""priceDate"":""2025-09-01"",""productID"":1319,""currencyID"":1,""expireDate"":null,""supplierID"":5,""productCode"":""PCAP-00001"",""productName"":""PAPER BAG LARGE BIRU"",""currencyName"":""Rupiah"",""pricelistNum"":""PLS202509010002"",""supplierName"":""Calf Warehouse"",""productDetailID"":3278,""applicableBranch"":{""type"":""ALL"",""branches"":[]}}",2026-08-21 18:25:34.864397+00,2026-08-28 06:30:26.485137+00
506,1,201,1320,ALL,195000.00,true,2025-09-01,Calf Warehouse,PAPER BOX ROTI,KSUK-00002,BALL@100PCS,Rupiah,,PLS202509010002,3280,287,1,"{""type"":""ALL"",""branches"":[]}","{""ID"":201,""unit"":""BALL@100PCS"",""price"":195000,""uomID"":287,""priceDate"":""2025-09-01"",""productID"":1320,""currencyID"":1,""expireDate"":null,""supplierID"":5,""productCode"":""KSUK-00002"",""productName"":""PAPER BOX ROTI"",""currencyName"":""Rupiah"",""pricelistNum"":""PLS202509010002"",""supplierName"":""Calf Warehouse"",""productDetailID"":3280,""applicableBranch"":{""type"":""ALL"",""branches"":[]}}",2026-08-21 18:25:34.864397+00,2026-08-28 06:30:26.485137+00
507,1,195,1315,ALL,37951.00,true,2025-09-01,Calf Warehouse,MAYONNAISE MAESTRO 1000ML,RMKC-00013,PACK@1100GR,Rupiah,,PLS202509010002,3268,374,1,"{""type"":""ALL"",""branches"":[]}","{""ID"":195,""unit"":""PACK@1100GR"",""price"":37951,""uomID"":374,""priceDate"":""2025-09-01"",""productID"":1315,""currencyID"":1,""expireDate"":null,""supplierID"":5,""productCode"":""RMKC-00013"",""productName"":""MAYONNAISE MAESTRO 1000ML"",""currencyName"":""Rupiah"",""pricelistNum"":""PLS202509010002"",""supplierName"":""Calf Warehouse"",""productDetailID"":3268,""applicableBranch"":{""type"":""ALL"",""branches"":[]}}",2026-08-21 18:25:34.864397+00,2026-08-28 06:30:26.485137+00
508,1,197,1318,ALL,389550.00,true,2025-09-01,Calf Warehouse,MINYAK GORENG 18000GR,RMKC-00014,JRG@18000GR,Rupiah,,PLS202509010002,3276,356,1,"{""type"":""ALL"",""branches"":[]}","{""ID"":197,""unit"":""JRG@18000GR"",""price"":389550,""uomID"":356,""priceDate"":""2025-09-01"",""productID"":1318,""currencyID"":1,""expireDate"":null,""supplierID"":5,""productCode"":""RMKC-00014"",""productName"":""MINYAK GORENG 18000GR"",""currencyName"":""Rupiah"",""pricelistNum"":""PLS202509010002"",""supplierName"":""Calf Warehouse"",""productDetailID"":3276,""applicableBranch"":{""type"":""ALL"",""branches"":[]}}",2026-08-21 18:25:34.864397+00,2026-08-28 06:30:26.485137+00
509,1,192,1314,ALL,735000.00,true,2025-09-01,Calf Warehouse,LUNCH BOX M,PCPK-00005,CTN@10PACK,Rupiah,,PLS202509010002,3266,315,1,"{""type"":""ALL"",""branches"":[]}","{""ID"":192,""unit"":""CTN@10PACK"",""price"":735000,""uomID"":315,""priceDate"":""2025-09-01"",""productID"":1314,""currencyID"":1,""expireDate"":null,""supplierID"":5,""productCode"":""PCPK-00005"",""productName"":""LUNCH BOX M"",""currencyName"":""Rupiah"",""pricelistNum"":""PLS202509010002"",""supplierName"":""Calf Warehouse"",""productDetailID"":3266,""applicableBranch"":{""type"":""ALL"",""branches"":[]}}",2026-08-21 18:25:34.864397+00,2026-08-28 06:30:26.485137+00
510,1,194,1314,ALL,1470.00,true,2025-09-01,Calf Warehouse,LUNCH BOX M,PCPK-00005,PCS,Rupiah,,PLS202509010002,3264,402,1,"{""type"":""ALL"",""branches"":[]}","{""ID"":194,""unit"":""PCS"",""price"":1470,""uomID"":402,""priceDate"":""2025-09-01"",""productID"":1314,""currencyID"":1,""expireDate"":null,""supplierID"":5,""productCode"":""PCPK-00005"",""productName"":""LUNCH BOX M"",""currencyName"":""Rupiah"",""pricelistNum"":""PLS202509010002"",""supplierName"":""Calf Warehouse"",""productDetailID"":3264,""applicableBranch"":{""type"":""ALL"",""branches"":[]}}",2026-08-21 18:25:34.864397+00,2026-08-28 06:30:26.485137+00
511,1,184,1306,ALL,105071.40,true,2025-09-01,Calf Warehouse,KNORR CHICKEN POWDER 1000GR,RMKC-00011,PCS@1000GR,Rupiah,,PLS202509010002,3250,403,1,"{""type"":""ALL"",""branches"":[]}","{""ID"":184,""unit"":""PCS@1000GR"",""price"":105071.4,""uomID"":403,""priceDate"":""2025-09-01"",""productID"":1306,""currencyID"":1,""expireDate"":null,""supplierID"":5,""productCode"":""RMKC-00011"",""productName"":""KNORR CHICKEN POWDER 1000GR"",""currencyName"":""Rupiah"",""pricelistNum"":""PLS202509010002"",""supplierName"":""Calf Warehouse"",""productDetailID"":3250,""applicableBranch"":{""type"":""ALL"",""branches"":[]}}",2026-08-21 18:25:34.864397+00,2026-08-28 06:30:26.485137+00
512,1,186,1307,ALL,721167.30,true,2025-09-01,Calf Warehouse,KOEPOE - KOEPOE VANILLA PASTE 1000ML,RMKC-00012,CTN@6PCS,Rupiah,,PLS202509010002,3254,345,1,"{""type"":""ALL"",""branches"":[]}","{""ID"":186,""unit"":""CTN@6PCS"",""price"":721167.3,""uomID"":345,""priceDate"":""2025-09-01"",""productID"":1307,""currencyID"":1,""expireDate"":null,""supplierID"":5,""productCode"":""RMKC-00012"",""productName"":""KOEPOE - KOEPOE VANILLA PASTE 1000ML"",""currencyName"":""Rupiah"",""pricelistNum"":""PLS202509010002"",""supplierName"":""Calf Warehouse"",""productDetailID"":3254,""applicableBranch"":{""type"":""ALL"",""branches"":[]}}",2026-08-21 18:25:34.864397+00,2026-08-28 06:30:26.485137+00
513,1,181,1305,ALL,143325.00,true,2025-09-01,Calf Warehouse,KIKKOMAN SHOYU SAUCE 2000ML,RMKC-00010,PCS@2000GR,Rupiah,,PLS202509010002,3247,406,1,"{""type"":""ALL"",""branches"":[]}","{""ID"":181,""unit"":""PCS@2000GR"",""price"":143325,""uomID"":406,""priceDate"":""2025-09-01"",""productID"":1305,""currencyID"":1,""expireDate"":null,""supplierID"":5,""productCode"":""RMKC-00010"",""productName"":""KIKKOMAN SHOYU SAUCE 2000ML"",""currencyName"":""Rupiah"",""pricelistNum"":""PLS202509010002"",""supplierName"":""Calf Warehouse"",""productDetailID"":3247,""applicableBranch"":{""type"":""ALL"",""branches"":[]}}",2026-08-21 18:25:34.864397+00,2026-08-28 06:30:26.485137+00
514,1,183,1306,ALL,630428.40,true,2025-09-01,Calf Warehouse,KNORR CHICKEN POWDER 1000GR,RMKC-00011,CTN@6PCS,Rupiah,,PLS202509010002,3251,345,1,"{""type"":""ALL"",""branches"":[]}","{""ID"":183,""unit"":""CTN@6PCS"",""price"":630428.4,""uomID"":345,""priceDate"":""2025-09-01"",""productID"":1306,""currencyID"":1,""expireDate"":null,""supplierID"":5,""productCode"":""RMKC-00011"",""productName"":""KNORR CHICKEN POWDER 1000GR"",""currencyName"":""Rupiah"",""pricelistNum"":""PLS202509010002"",""supplierName"":""Calf Warehouse"",""productDetailID"":3251,""applicableBranch"":{""type"":""ALL"",""branches"":[]}}",2026-08-21 18:25:34.864397+00,2026-08-28 06:30:26.485137+00
515,1,177,1302,ALL,625000.00,true,2025-09-01,Calf Warehouse,KERTAS STRUK 80X80MM,KSPS-00002,CTN@10PACK,Rupiah,,PLS202509010002,3243,315,1,"{""type"":""ALL"",""branches"":[]}","{""ID"":177,""unit"":""CTN@10PACK"",""price"":625000,""uomID"":315,""priceDate"":""2025-09-01"",""productID"":1302,""currencyID"":1,""expireDate"":null,""supplierID"":5,""productCode"":""KSPS-00002"",""productName"":""KERTAS STRUK 80X80MM"",""currencyName"":""Rupiah"",""pricelistNum"":""PLS202509010002"",""supplierName"":""Calf Warehouse"",""productDetailID"":3243,""applicableBranch"":{""type"":""ALL"",""branches"":[]}}",2026-08-21 18:25:34.864397+00,2026-08-28 06:30:26.485137+00
516,1,179,1302,ALL,12500.00,true,2025-09-01,Calf Warehouse,KERTAS STRUK 80X80MM,KSPS-00002,ROLL,Rupiah,,PLS202509010002,3241,436,1,"{""type"":""ALL"",""branches"":[]}","{""ID"":179,""unit"":""ROLL"",""price"":12500,""uomID"":436,""priceDate"":""2025-09-01"",""productID"":1302,""currencyID"":1,""expireDate"":null,""supplierID"":5,""productCode"":""KSPS-00002"",""productName"":""KERTAS STRUK 80X80MM"",""currencyName"":""Rupiah"",""pricelistNum"":""PLS202509010002"",""supplierName"":""Calf Warehouse"",""productDetailID"":3241,""applicableBranch"":{""type"":""ALL"",""branches"":[]}}",2026-08-21 18:25:34.864397+00,2026-08-28 06:30:26.485137+00
517,1,174,1301,ALL,273000.00,true,2025-09-01,Calf Warehouse,KERTAS STRUK 58X30MM,KSPS-00001,CTN@10PACK,Rupiah,,PLS202509010002,3240,315,1,"{""type"":""ALL"",""branches"":[]}","{""ID"":174,""unit"":""CTN@10PACK"",""price"":273000,""uomID"":315,""priceDate"":""2025-09-01"",""productID"":1301,""currencyID"":1,""expireDate"":null,""supplierID"":5,""productCode"":""KSPS-00001"",""productName"":""KERTAS STRUK 58X30MM"",""currencyName"":""Rupiah"",""pricelistNum"":""PLS202509010002"",""supplierName"":""Calf Warehouse"",""productDetailID"":3240,""applicableBranch"":{""type"":""ALL"",""branches"":[]}}",2026-08-21 18:25:34.864397+00,2026-08-28 06:30:26.485137+00
518,1,176,1301,ALL,2730.00,true,2025-09-01,Calf Warehouse,KERTAS STRUK 58X30MM,KSPS-00001,ROLL,Rupiah,,PLS202509010002,3238,436,1,"{""type"":""ALL"",""branches"":[]}","{""ID"":176,""unit"":""ROLL"",""price"":2730,""uomID"":436,""priceDate"":""2025-09-01"",""productID"":1301,""currencyID"":1,""expireDate"":null,""supplierID"":5,""productCode"":""KSPS-00001"",""productName"":""KERTAS STRUK 58X30MM"",""currencyName"":""Rupiah"",""pricelistNum"":""PLS202509010002"",""supplierName"":""Calf Warehouse"",""productDetailID"":3238,""applicableBranch"":{""type"":""ALL"",""branches"":[]}}",2026-08-21 18:25:34.864397+00,2026-08-28 06:30:26.485137+00
519,1,169,1299,ALL,220500.00,true,2025-09-01,Calf Warehouse,KECAP BANGO 6200GR,RMKC-00008,JRG@6200GR,Rupiah,,PLS202509010002,3234,357,1,"{""type"":""ALL"",""branches"":[]}","{""ID"":169,""unit"":""JRG@6200GR"",""price"":220500,""uomID"":357,""priceDate"":""2025-09-01"",""productID"":1299,""currencyID"":1,""expireDate"":null,""supplierID"":5,""productCode"":""RMKC-00008"",""productName"":""KECAP BANGO 6200GR"",""currencyName"":""Rupiah"",""pricelistNum"":""PLS202509010002"",""supplierName"":""Calf Warehouse"",""productDetailID"":3234,""applicableBranch"":{""type"":""ALL"",""branches"":[]}}",2026-08-21 18:25:34.864397+00,2026-08-28 06:30:26.485137+00
520,1,171,1300,ALL,624229.20,true,2025-09-01,Calf Warehouse,KEJU CHEDDAR 2000GR,RMKC-00009,CTN@4PACK,Rupiah,,PLS202509010002,3237,339,1,"{""type"":""ALL"",""branches"":[]}","{""ID"":171,""unit"":""CTN@4PACK"",""price"":624229.2,""uomID"":339,""priceDate"":""2025-09-01"",""productID"":1300,""currencyID"":1,""expireDate"":null,""supplierID"":5,""productCode"":""RMKC-00009"",""productName"":""KEJU CHEDDAR 2000GR"",""currencyName"":""Rupiah"",""pricelistNum"":""PLS202509010002"",""supplierName"":""Calf Warehouse"",""productDetailID"":3237,""applicableBranch"":{""type"":""ALL"",""branches"":[]}}",2026-08-21 18:25:34.864397+00,2026-08-28 06:30:26.485137+00
521,1,166,1290,ALL,486255.00,true,2025-09-01,Calf Warehouse,KALENG 330ML,PCPB-00008,PACK@220PCS,Rupiah,,PLS202509010002,3218,378,1,"{""type"":""ALL"",""branches"":[]}","{""ID"":166,""unit"":""PACK@220PCS"",""price"":486255,""uomID"":378,""priceDate"":""2025-09-01"",""productID"":1290,""currencyID"":1,""expireDate"":null,""supplierID"":5,""productCode"":""PCPB-00008"",""productName"":""KALENG 330ML"",""currencyName"":""Rupiah"",""pricelistNum"":""PLS202509010002"",""supplierName"":""Calf Warehouse"",""productDetailID"":3218,""applicableBranch"":{""type"":""ALL"",""branches"":[]}}",2026-08-21 18:25:34.864397+00,2026-08-28 06:30:26.485137+00
522,1,168,1290,ALL,2210.25,true,2025-09-01,Calf Warehouse,KALENG 330ML,PCPB-00008,PCS,Rupiah,,PLS202509010002,3216,402,1,"{""type"":""ALL"",""branches"":[]}","{""ID"":168,""unit"":""PCS"",""price"":2210.25,""uomID"":402,""priceDate"":""2025-09-01"",""productID"":1290,""currencyID"":1,""expireDate"":null,""supplierID"":5,""productCode"":""PCPB-00008"",""productName"":""KALENG 330ML"",""currencyName"":""Rupiah"",""pricelistNum"":""PLS202509010002"",""supplierName"":""Calf Warehouse"",""productDetailID"":3216,""applicableBranch"":{""type"":""ALL"",""branches"":[]}}",2026-08-21 18:25:34.864397+00,2026-08-28 06:30:26.485137+00
523,1,162,1289,ALL,91840.00,true,2025-09-01,Calf Warehouse,KALENG 250ML,PCPB-00007,PACK@40PCS,Rupiah,2026-07-13,PLS202509010002,3213,385,1,"{""type"":""ALL"",""branches"":[]}","{""ID"":162,""unit"":""PACK@40PCS"",""price"":91840,""uomID"":385,""priceDate"":""2025-09-01"",""productID"":1289,""currencyID"":1,""expireDate"":""2026-07-13"",""supplierID"":5,""productCode"":""PCPB-00007"",""productName"":""KALENG 250ML"",""currencyName"":""Rupiah"",""pricelistNum"":""PLS202509010002"",""supplierName"":""Calf Warehouse"",""productDetailID"":3213,""applicableBranch"":{""type"":""ALL"",""branches"":[]}}",2026-08-21 18:25:34.864397+00,2026-08-28 06:30:26.485137+00
524,1,164,1290,ALL,13128885.00,true,2025-09-01,Calf Warehouse,KALENG 330ML,PCPB-00008,PALLET DOUBLE@5940PCS,Rupiah,,PLS202509010002,3220,399,1,"{""type"":""ALL"",""branches"":[]}","{""ID"":164,""unit"":""PALLET DOUBLE@5940PCS"",""price"":13128885,""uomID"":399,""priceDate"":""2025-09-01"",""productID"":1290,""currencyID"":1,""expireDate"":null,""supplierID"":5,""productCode"":""PCPB-00008"",""productName"":""KALENG 330ML"",""currencyName"":""Rupiah"",""pricelistNum"":""PLS202509010002"",""supplierName"":""Calf Warehouse"",""productDetailID"":3220,""applicableBranch"":{""type"":""ALL"",""branches"":[]}}",2026-08-21 18:25:34.864397+00,2026-08-28 06:30:26.485137+00
525,1,159,1288,ALL,120.03,true,2025-09-01,Calf Warehouse,JURUS 1000GR,RMDG-00004,GR,Rupiah,,PLS202509010002,3209,351,1,"{""type"":""ALL"",""branches"":[]}","{""ID"":159,""unit"":""GR"",""price"":120.03,""uomID"":351,""priceDate"":""2025-09-01"",""productID"":1288,""currencyID"":1,""expireDate"":null,""supplierID"":5,""productCode"":""RMDG-00004"",""productName"":""JURUS 1000GR"",""currencyName"":""Rupiah"",""pricelistNum"":""PLS202509010002"",""supplierName"":""Calf Warehouse"",""productDetailID"":3209,""applicableBranch"":{""type"":""ALL"",""branches"":[]}}",2026-08-21 18:25:34.864397+00,2026-08-28 06:30:26.485137+00
526,1,161,1289,ALL,631400.00,true,2025-09-01,Calf Warehouse,KALENG 250ML,PCPB-00007,PACK@275PCS,Rupiah,2026-07-13,PLS202509010002,3214,383,1,"{""type"":""ALL"",""branches"":[]}","{""ID"":161,""unit"":""PACK@275PCS"",""price"":631400,""uomID"":383,""priceDate"":""2025-09-01"",""productID"":1289,""currencyID"":1,""expireDate"":""2026-07-13"",""supplierID"":5,""productCode"":""PCPB-00007"",""productName"":""KALENG 250ML"",""currencyName"":""Rupiah"",""pricelistNum"":""PLS202509010002"",""supplierName"":""Calf Warehouse"",""productDetailID"":3214,""applicableBranch"":{""type"":""ALL"",""branches"":[]}}",2026-08-21 18:25:34.864397+00,2026-08-28 06:30:26.485137+00
527,1,153,1275,ALL,49.78,true,2025-09-01,Calf Warehouse,ICE HOT CREAMER 500ML,RMFR-00014,GR,Rupiah,,PLS202509010002,3174,351,1,"{""type"":""ALL"",""branches"":[]}","{""ID"":153,""unit"":""GR"",""price"":49.78,""uomID"":351,""priceDate"":""2025-09-01"",""productID"":1275,""currencyID"":1,""expireDate"":null,""supplierID"":5,""productCode"":""RMFR-00014"",""productName"":""ICE HOT CREAMER 500ML"",""currencyName"":""Rupiah"",""pricelistNum"":""PLS202509010002"",""supplierName"":""Calf Warehouse"",""productDetailID"":3174,""applicableBranch"":{""type"":""ALL"",""branches"":[]}}",2026-08-21 18:25:34.864397+00,2026-08-28 06:30:26.485137+00
528,1,155,1279,ALL,166000.00,true,2025-09-01,Calf Warehouse,JAM NUTELLA 1000GR,RMBV-00012,JAR@1000GR,Rupiah,,PLS202509010002,3184,353,1,"{""type"":""ALL"",""branches"":[]}","{""ID"":155,""unit"":""JAR@1000GR"",""price"":166000,""uomID"":353,""priceDate"":""2025-09-01"",""productID"":1279,""currencyID"":1,""expireDate"":null,""supplierID"":5,""productCode"":""RMBV-00012"",""productName"":""JAM NUTELLA 1000GR"",""currencyName"":""Rupiah"",""pricelistNum"":""PLS202509010002"",""supplierName"":""Calf Warehouse"",""productDetailID"":3184,""applicableBranch"":{""type"":""ALL"",""branches"":[]}}",2026-08-21 18:25:34.864397+00,2026-08-28 06:30:26.485137+00
529,1,150,1273,ALL,21.98,true,2025-09-01,Calf Warehouse,ICE CREAM VANILLA 8000ML,RMFR-00012,GR,Rupiah,,PLS202509010002,3169,351,1,"{""type"":""ALL"",""branches"":[]}","{""ID"":150,""unit"":""GR"",""price"":21.98,""uomID"":351,""priceDate"":""2025-09-01"",""productID"":1273,""currencyID"":1,""expireDate"":null,""supplierID"":5,""productCode"":""RMFR-00012"",""productName"":""ICE CREAM VANILLA 8000ML"",""currencyName"":""Rupiah"",""pricelistNum"":""PLS202509010002"",""supplierName"":""Calf Warehouse"",""productDetailID"":3169,""applicableBranch"":{""type"":""ALL"",""branches"":[]}}",2026-08-21 18:25:34.864397+00,2026-08-28 06:30:26.485137+00
530,1,152,1275,ALL,26132.40,true,2025-09-01,Calf Warehouse,ICE HOT CREAMER 500ML,RMFR-00014,PCS@525GR,Rupiah,,PLS202509010002,3175,415,1,"{""type"":""ALL"",""branches"":[]}","{""ID"":152,""unit"":""PCS@525GR"",""price"":26132.4,""uomID"":415,""priceDate"":""2025-09-01"",""productID"":1275,""currencyID"":1,""expireDate"":null,""supplierID"":5,""productCode"":""RMFR-00014"",""productName"":""ICE HOT CREAMER 500ML"",""currencyName"":""Rupiah"",""pricelistNum"":""PLS202509010002"",""supplierName"":""Calf Warehouse"",""productDetailID"":3175,""applicableBranch"":{""type"":""ALL"",""branches"":[]}}",2026-08-21 18:25:34.864397+00,2026-08-28 06:30:26.485137+00
531,1,146,1272,ALL,555000.00,true,2025-09-01,Calf Warehouse,HAND GLOVES,KSUT-00006,CTN@10BOX,Rupiah,,PLS202509010002,3168,314,1,"{""type"":""ALL"",""branches"":[]}","{""ID"":146,""unit"":""CTN@10BOX"",""price"":555000,""uomID"":314,""priceDate"":""2025-09-01"",""productID"":1272,""currencyID"":1,""expireDate"":null,""supplierID"":5,""productCode"":""KSUT-00006"",""productName"":""HAND GLOVES"",""currencyName"":""Rupiah"",""pricelistNum"":""PLS202509010002"",""supplierName"":""Calf Warehouse"",""productDetailID"":3168,""applicableBranch"":{""type"":""ALL"",""branches"":[]}}",2026-08-21 18:25:34.864397+00,2026-08-28 06:30:26.485137+00
532,1,148,1272,ALL,555.00,true,2025-09-01,Calf Warehouse,HAND GLOVES,KSUT-00006,PCS,Rupiah,,PLS202509010002,3166,402,1,"{""type"":""ALL"",""branches"":[]}","{""ID"":148,""unit"":""PCS"",""price"":555,""uomID"":402,""priceDate"":""2025-09-01"",""productID"":1272,""currencyID"":1,""expireDate"":null,""supplierID"":5,""productCode"":""KSUT-00006"",""productName"":""HAND GLOVES"",""currencyName"":""Rupiah"",""pricelistNum"":""PLS202509010002"",""supplierName"":""Calf Warehouse"",""productDetailID"":3166,""applicableBranch"":{""type"":""ALL"",""branches"":[]}}",2026-08-21 18:25:34.864397+00,2026-08-28 06:30:26.485137+00
533,1,143,1270,ALL,46.23,true,2025-09-01,Calf Warehouse,GULARE AREN 1300GR,RMBV-00011,GR,Rupiah,,PLS202509010002,3161,351,1,"{""type"":""ALL"",""branches"":[]}","{""ID"":143,""unit"":""GR"",""price"":46.23,""uomID"":351,""priceDate"":""2025-09-01"",""productID"":1270,""currencyID"":1,""expireDate"":null,""supplierID"":5,""productCode"":""RMBV-00011"",""productName"":""GULARE AREN 1300GR"",""currencyName"":""Rupiah"",""pricelistNum"":""PLS202509010002"",""supplierName"":""Calf Warehouse"",""productDetailID"":3161,""applicableBranch"":{""type"":""ALL"",""branches"":[]}}",2026-08-21 18:25:34.864397+00,2026-08-28 06:30:26.485137+00
534,1,145,1271,ALL,7500.00,true,2025-09-01,Calf Warehouse,HAMPERS KALENG,PCAP-00004,PCS,Rupiah,,PLS202509010002,3164,402,1,"{""type"":""ALL"",""branches"":[]}","{""ID"":145,""unit"":""PCS"",""price"":7500,""uomID"":402,""priceDate"":""2025-09-01"",""productID"":1271,""currencyID"":1,""expireDate"":null,""supplierID"":5,""productCode"":""PCAP-00004"",""productName"":""HAMPERS KALENG"",""currencyName"":""Rupiah"",""pricelistNum"":""PLS202509010002"",""supplierName"":""Calf Warehouse"",""productDetailID"":3164,""applicableBranch"":{""type"":""ALL"",""branches"":[]}}",2026-08-21 18:25:34.864397+00,2026-08-28 06:30:26.485137+00
535,1,138,1269,ALL,392196.00,true,2025-09-01,Calf Warehouse,GULANAS SIMPLE SYRUP 1000ML,RMSY-00001,CTN@16BTL,Rupiah,,PLS202509010002,3160,323,1,"{""type"":""ALL"",""branches"":[]}","{""ID"":138,""unit"":""CTN@16BTL"",""price"":392196,""uomID"":323,""priceDate"":""2025-09-01"",""productID"":1269,""currencyID"":1,""expireDate"":null,""supplierID"":5,""productCode"":""RMSY-00001"",""productName"":""GULANAS SIMPLE SYRUP 1000ML"",""currencyName"":""Rupiah"",""pricelistNum"":""PLS202509010002"",""supplierName"":""Calf Warehouse"",""productDetailID"":3160,""applicableBranch"":{""type"":""ALL"",""branches"":[]}}",2026-08-21 18:25:34.864397+00,2026-08-28 06:30:26.485137+00
536,1,140,1269,ALL,19.30,true,2025-09-01,Calf Warehouse,GULANAS SIMPLE SYRUP 1000ML,RMSY-00001,GR,Rupiah,,PLS202509010002,3158,351,1,"{""type"":""ALL"",""branches"":[]}","{""ID"":140,""unit"":""GR"",""price"":19.3,""uomID"":351,""priceDate"":""2025-09-01"",""productID"":1269,""currencyID"":1,""expireDate"":null,""supplierID"":5,""productCode"":""RMSY-00001"",""productName"":""GULANAS SIMPLE SYRUP 1000ML"",""currencyName"":""Rupiah"",""pricelistNum"":""PLS202509010002"",""supplierName"":""Calf Warehouse"",""productDetailID"":3158,""applicableBranch"":{""type"":""ALL"",""branches"":[]}}",2026-08-21 18:25:34.864397+00,2026-08-28 06:30:26.485137+00
537,1,135,1266,ALL,47.25,true,2025-09-01,Calf Warehouse,GOLDENFIL TIRAMISU 1000GR,RMBV-00010,GR,Rupiah,,PLS202509010002,3151,351,1,"{""type"":""ALL"",""branches"":[]}","{""ID"":135,""unit"":""GR"",""price"":47.25,""uomID"":351,""priceDate"":""2025-09-01"",""productID"":1266,""currencyID"":1,""expireDate"":null,""supplierID"":5,""productCode"":""RMBV-00010"",""productName"":""GOLDENFIL TIRAMISU 1000GR"",""currencyName"":""Rupiah"",""pricelistNum"":""PLS202509010002"",""supplierName"":""Calf Warehouse"",""productDetailID"":3151,""applicableBranch"":{""type"":""ALL"",""branches"":[]}}",2026-08-21 18:25:34.864397+00,2026-08-28 06:30:26.485137+00
538,1,137,1268,ALL,22.63,true,2025-09-01,Calf Warehouse,GULA PASIR 1000GR,RMKC-00007,GR,Rupiah,,PLS202509010002,3156,351,1,"{""type"":""ALL"",""branches"":[]}","{""ID"":137,""unit"":""GR"",""price"":22.63,""uomID"":351,""priceDate"":""2025-09-01"",""productID"":1268,""currencyID"":1,""expireDate"":null,""supplierID"":5,""productCode"":""RMKC-00007"",""productName"":""GULA PASIR 1000GR"",""currencyName"":""Rupiah"",""pricelistNum"":""PLS202509010002"",""supplierName"":""Calf Warehouse"",""productDetailID"":3156,""applicableBranch"":{""type"":""ALL"",""branches"":[]}}",2026-08-21 18:25:34.864397+00,2026-08-28 06:30:26.485137+00
539,1,131,1265,ALL,47250.00,true,2025-09-01,Calf Warehouse,GOLDENFIL STRAWBERRY 1000GR,RMBV-00009,PCS@1000GR,Rupiah,,PLS202509010002,3149,403,1,"{""type"":""ALL"",""branches"":[]}","{""ID"":131,""unit"":""PCS@1000GR"",""price"":47250,""uomID"":403,""priceDate"":""2025-09-01"",""productID"":1265,""currencyID"":1,""expireDate"":null,""supplierID"":5,""productCode"":""RMBV-00009"",""productName"":""GOLDENFIL STRAWBERRY 1000GR"",""currencyName"":""Rupiah"",""pricelistNum"":""PLS202509010002"",""supplierName"":""Calf Warehouse"",""productDetailID"":3149,""applicableBranch"":{""type"":""ALL"",""branches"":[]}}",2026-08-21 18:25:34.864397+00,2026-08-28 06:30:26.485137+00
540,1,133,1266,ALL,567000.00,true,2025-09-01,Calf Warehouse,GOLDENFIL TIRAMISU 1000GR,RMBV-00010,CTN@12PCS,Rupiah,,PLS202509010002,3153,319,1,"{""type"":""ALL"",""branches"":[]}","{""ID"":133,""unit"":""CTN@12PCS"",""price"":567000,""uomID"":319,""priceDate"":""2025-09-01"",""productID"":1266,""currencyID"":1,""expireDate"":null,""supplierID"":5,""productCode"":""RMBV-00010"",""productName"":""GOLDENFIL TIRAMISU 1000GR"",""currencyName"":""Rupiah"",""pricelistNum"":""PLS202509010002"",""supplierName"":""Calf Warehouse"",""productDetailID"":3153,""applicableBranch"":{""type"":""ALL"",""branches"":[]}}",2026-08-21 18:25:34.864397+00,2026-08-28 06:30:26.485137+00
541,1,128,1264,ALL,53050.00,true,2025-09-01,Calf Warehouse,GOLDENFIL MATCHA 1000GR,RMBV-00008,PCS@1000GR,Rupiah,,PLS202509010002,3146,403,1,"{""type"":""ALL"",""branches"":[]}","{""ID"":128,""unit"":""PCS@1000GR"",""price"":53050,""uomID"":403,""priceDate"":""2025-09-01"",""productID"":1264,""currencyID"":1,""expireDate"":null,""supplierID"":5,""productCode"":""RMBV-00008"",""productName"":""GOLDENFIL MATCHA 1000GR"",""currencyName"":""Rupiah"",""pricelistNum"":""PLS202509010002"",""supplierName"":""Calf Warehouse"",""productDetailID"":3146,""applicableBranch"":{""type"":""ALL"",""branches"":[]}}",2026-08-21 18:25:34.864397+00,2026-08-28 06:30:26.485137+00
542,1,130,1265,ALL,567000.00,true,2025-09-01,Calf Warehouse,GOLDENFIL STRAWBERRY 1000GR,RMBV-00009,CTN@12PCS,Rupiah,,PLS202509010002,3150,319,1,"{""type"":""ALL"",""branches"":[]}","{""ID"":130,""unit"":""CTN@12PCS"",""price"":567000,""uomID"":319,""priceDate"":""2025-09-01"",""productID"":1265,""currencyID"":1,""expireDate"":null,""supplierID"":5,""productCode"":""RMBV-00009"",""productName"":""GOLDENFIL STRAWBERRY 1000GR"",""currencyName"":""Rupiah"",""pricelistNum"":""PLS202509010002"",""supplierName"":""Calf Warehouse"",""productDetailID"":3150,""applicableBranch"":{""type"":""ALL"",""branches"":[]}}",2026-08-21 18:25:34.864397+00,2026-08-28 06:30:26.485137+00
543,1,121,1262,ALL,612000.00,true,2025-09-01,Calf Warehouse,GOLDENFIL CHOCO 1000GR,RMBV-00006,CTN@12PCS,Rupiah,,PLS202509010002,3141,319,1,"{""type"":""ALL"",""branches"":[]}","{""ID"":121,""unit"":""CTN@12PCS"",""price"":612000,""uomID"":319,""priceDate"":""2025-09-01"",""productID"":1262,""currencyID"":1,""expireDate"":null,""supplierID"":5,""productCode"":""RMBV-00006"",""productName"":""GOLDENFIL CHOCO 1000GR"",""currencyName"":""Rupiah"",""pricelistNum"":""PLS202509010002"",""supplierName"":""Calf Warehouse"",""productDetailID"":3141,""applicableBranch"":{""type"":""ALL"",""branches"":[]}}",2026-08-21 18:25:34.864397+00,2026-08-28 06:30:26.485137+00
544,1,123,1262,ALL,51.00,true,2025-09-01,Calf Warehouse,GOLDENFIL CHOCO 1000GR,RMBV-00006,GR,Rupiah,,PLS202509010002,3139,351,1,"{""type"":""ALL"",""branches"":[]}","{""ID"":123,""unit"":""GR"",""price"":51,""uomID"":351,""priceDate"":""2025-09-01"",""productID"":1262,""currencyID"":1,""expireDate"":null,""supplierID"":5,""productCode"":""RMBV-00006"",""productName"":""GOLDENFIL CHOCO 1000GR"",""currencyName"":""Rupiah"",""pricelistNum"":""PLS202509010002"",""supplierName"":""Calf Warehouse"",""productDetailID"":3139,""applicableBranch"":{""type"":""ALL"",""branches"":[]}}",2026-08-21 18:25:34.864397+00,2026-08-28 06:30:26.485137+00
545,1,118,1261,ALL,567000.00,true,2025-09-01,Calf Warehouse,GOLDENFIL BLUEBERRY 1000GR,RMBV-00005,CTN@12PCS,Rupiah,,PLS202509010002,3138,319,1,"{""type"":""ALL"",""branches"":[]}","{""ID"":118,""unit"":""CTN@12PCS"",""price"":567000,""uomID"":319,""priceDate"":""2025-09-01"",""productID"":1261,""currencyID"":1,""expireDate"":null,""supplierID"":5,""productCode"":""RMBV-00005"",""productName"":""GOLDENFIL BLUEBERRY 1000GR"",""currencyName"":""Rupiah"",""pricelistNum"":""PLS202509010002"",""supplierName"":""Calf Warehouse"",""productDetailID"":3138,""applicableBranch"":{""type"":""ALL"",""branches"":[]}}",2026-08-21 18:25:34.864397+00,2026-08-28 06:30:26.485137+00
546,1,120,1261,ALL,47.25,true,2025-09-01,Calf Warehouse,GOLDENFIL BLUEBERRY 1000GR,RMBV-00005,GR,Rupiah,,PLS202509010002,3136,351,1,"{""type"":""ALL"",""branches"":[]}","{""ID"":120,""unit"":""GR"",""price"":47.25,""uomID"":351,""priceDate"":""2025-09-01"",""productID"":1261,""currencyID"":1,""expireDate"":null,""supplierID"":5,""productCode"":""RMBV-00005"",""productName"":""GOLDENFIL BLUEBERRY 1000GR"",""currencyName"":""Rupiah"",""pricelistNum"":""PLS202509010002"",""supplierName"":""Calf Warehouse"",""productDetailID"":3136,""applicableBranch"":{""type"":""ALL"",""branches"":[]}}",2026-08-21 18:25:34.864397+00,2026-08-28 06:30:26.485137+00
547,1,114,1257,ALL,19293.75,true,2025-09-01,Calf Warehouse,GARAM,RMKC-00006,PACK@1000GR,Rupiah,,PLS202509010002,3132,370,1,"{""type"":""ALL"",""branches"":[]}","{""ID"":114,""unit"":""PACK@1000GR"",""price"":19293.75,""uomID"":370,""priceDate"":""2025-09-01"",""productID"":1257,""currencyID"":1,""expireDate"":null,""supplierID"":5,""productCode"":""RMKC-00006"",""productName"":""GARAM"",""currencyName"":""Rupiah"",""pricelistNum"":""PLS202509010002"",""supplierName"":""Calf Warehouse"",""productDetailID"":3132,""applicableBranch"":{""type"":""ALL"",""branches"":[]}}",2026-08-21 18:25:34.864397+00,2026-08-28 06:30:26.485137+00
548,1,116,1257,ALL,19.29,true,2025-09-01,Calf Warehouse,GARAM,RMKC-00006,GR,Rupiah,,PLS202509010002,3130,351,1,"{""type"":""ALL"",""branches"":[]}","{""ID"":116,""unit"":""GR"",""price"":19.29,""uomID"":351,""priceDate"":""2025-09-01"",""productID"":1257,""currencyID"":1,""expireDate"":null,""supplierID"":5,""productCode"":""RMKC-00006"",""productName"":""GARAM"",""currencyName"":""Rupiah"",""pricelistNum"":""PLS202509010002"",""supplierName"":""Calf Warehouse"",""productDetailID"":3130,""applicableBranch"":{""type"":""ALL"",""branches"":[]}}",2026-08-21 18:25:34.864397+00,2026-08-28 06:30:26.485137+00
549,1,111,1253,ALL,19.93,true,2025-09-01,Calf Warehouse,FRESHMILK GREENFIELDS 1000ML,RMFR-00009,GR,Rupiah,,PLS202509010002,3119,351,1,"{""type"":""ALL"",""branches"":[]}","{""ID"":111,""unit"":""GR"",""price"":19.93,""uomID"":351,""priceDate"":""2025-09-01"",""productID"":1253,""currencyID"":1,""expireDate"":null,""supplierID"":5,""productCode"":""RMFR-00009"",""productName"":""FRESHMILK GREENFIELDS 1000ML"",""currencyName"":""Rupiah"",""pricelistNum"":""PLS202509010002"",""supplierName"":""Calf Warehouse"",""productDetailID"":3119,""applicableBranch"":{""type"":""ALL"",""branches"":[]}}",2026-08-21 18:25:34.864397+00,2026-08-28 06:30:26.485137+00
550,1,113,1256,ALL,18000.00,true,2025-09-01,Calf Warehouse,GALON 5L,PCPB-00021,PCS,Rupiah,,PLS202509010002,3128,402,1,"{""type"":""ALL"",""branches"":[]}","{""ID"":113,""unit"":""PCS"",""price"":18000,""uomID"":402,""priceDate"":""2025-09-01"",""productID"":1256,""currencyID"":1,""expireDate"":null,""supplierID"":5,""productCode"":""PCPB-00021"",""productName"":""GALON 5L"",""currencyName"":""Rupiah"",""pricelistNum"":""PLS202509010002"",""supplierName"":""Calf Warehouse"",""productDetailID"":3128,""applicableBranch"":{""type"":""ALL"",""branches"":[]}}",2026-08-21 18:25:34.864397+00,2026-08-28 06:30:26.485137+00
551,1,106,1249,ALL,231900.00,true,2025-09-01,Calf Warehouse,FRESH MILK DIAMOND 946ML,RMFR-00008,CTN@12PCS,Rupiah,,PLS202509010002,3109,319,1,"{""type"":""ALL"",""branches"":[]}","{""ID"":106,""unit"":""CTN@12PCS"",""price"":231900,""uomID"":319,""priceDate"":""2025-09-01"",""productID"":1249,""currencyID"":1,""expireDate"":null,""supplierID"":5,""productCode"":""RMFR-00008"",""productName"":""FRESH MILK DIAMOND 946ML"",""currencyName"":""Rupiah"",""pricelistNum"":""PLS202509010002"",""supplierName"":""Calf Warehouse"",""productDetailID"":3109,""applicableBranch"":{""type"":""ALL"",""branches"":[]}}",2026-08-21 18:25:34.864397+00,2026-08-28 06:30:26.485137+00
552,1,108,1249,ALL,20.34,true,2025-09-01,Calf Warehouse,FRESH MILK DIAMOND 946ML,RMFR-00008,GR,Rupiah,,PLS202509010002,3107,351,1,"{""type"":""ALL"",""branches"":[]}","{""ID"":108,""unit"":""GR"",""price"":20.34,""uomID"":351,""priceDate"":""2025-09-01"",""productID"":1249,""currencyID"":1,""expireDate"":null,""supplierID"":5,""productCode"":""RMFR-00008"",""productName"":""FRESH MILK DIAMOND 946ML"",""currencyName"":""Rupiah"",""pricelistNum"":""PLS202509010002"",""supplierName"":""Calf Warehouse"",""productDetailID"":3107,""applicableBranch"":{""type"":""ALL"",""branches"":[]}}",2026-08-21 18:25:34.864397+00,2026-08-28 06:30:26.485137+00
553,1,103,1247,ALL,231900.00,true,2025-09-01,Calf Warehouse,FRESH MILK CIMORY 950ML,RMFR-00006,CTN@12PCS,Rupiah,,PLS202509010002,3103,319,1,"{""type"":""ALL"",""branches"":[]}","{""ID"":103,""unit"":""CTN@12PCS"",""price"":231900,""uomID"":319,""priceDate"":""2025-09-01"",""productID"":1247,""currencyID"":1,""expireDate"":null,""supplierID"":5,""productCode"":""RMFR-00006"",""productName"":""FRESH MILK CIMORY 950ML"",""currencyName"":""Rupiah"",""pricelistNum"":""PLS202509010002"",""supplierName"":""Calf Warehouse"",""productDetailID"":3103,""applicableBranch"":{""type"":""ALL"",""branches"":[]}}",2026-08-21 18:25:34.864397+00,2026-08-28 06:30:26.485137+00
554,1,105,1247,ALL,20.34,true,2025-09-01,Calf Warehouse,FRESH MILK CIMORY 950ML,RMFR-00006,GR,Rupiah,,PLS202509010002,3101,351,1,"{""type"":""ALL"",""branches"":[]}","{""ID"":105,""unit"":""GR"",""price"":20.34,""uomID"":351,""priceDate"":""2025-09-01"",""productID"":1247,""currencyID"":1,""expireDate"":null,""supplierID"":5,""productCode"":""RMFR-00006"",""productName"":""FRESH MILK CIMORY 950ML"",""currencyName"":""Rupiah"",""pricelistNum"":""PLS202509010002"",""supplierName"":""Calf Warehouse"",""productDetailID"":3101,""applicableBranch"":{""type"":""ALL"",""branches"":[]}}",2026-08-21 18:25:34.864397+00,2026-08-28 06:30:26.485137+00
555,1,99,1239,ALL,47.37,true,2025-09-01,Calf Warehouse,EVAPORATED MILK FN 380GR,RMBV-00004,GR,Rupiah,,PLS202509010002,3080,351,1,"{""type"":""ALL"",""branches"":[]}","{""ID"":99,""unit"":""GR"",""price"":47.37,""uomID"":351,""priceDate"":""2025-09-01"",""productID"":1239,""currencyID"":1,""expireDate"":null,""supplierID"":5,""productCode"":""RMBV-00004"",""productName"":""EVAPORATED MILK FN 380GR"",""currencyName"":""Rupiah"",""pricelistNum"":""PLS202509010002"",""supplierName"":""Calf Warehouse"",""productDetailID"":3080,""applicableBranch"":{""type"":""ALL"",""branches"":[]}}",2026-08-21 18:25:34.864397+00,2026-08-28 06:30:26.485137+00
556,1,101,1242,ALL,103653.90,true,2025-09-01,Calf Warehouse,FRENCH FRIES STRAIGHT CUT 2000GR,RMFR-00005,PACK@2000GR,Rupiah,,PLS202509010002,3088,377,1,"{""type"":""ALL"",""branches"":[]}","{""ID"":101,""unit"":""PACK@2000GR"",""price"":103653.9,""uomID"":377,""priceDate"":""2025-09-01"",""productID"":1242,""currencyID"":1,""expireDate"":null,""supplierID"":5,""productCode"":""RMFR-00005"",""productName"":""FRENCH FRIES STRAIGHT CUT 2000GR"",""currencyName"":""Rupiah"",""pricelistNum"":""PLS202509010002"",""supplierName"":""Calf Warehouse"",""productDetailID"":3088,""applicableBranch"":{""type"":""ALL"",""branches"":[]}}",2026-08-21 18:25:34.864397+00,2026-08-28 06:30:26.485137+00
557,1,96,1233,ALL,342.00,true,2025-09-01,Calf Warehouse,DRIED ROSELLA 500GR,RMDG-00006,GR,Rupiah,,PLS202509010002,3066,351,1,"{""type"":""ALL"",""branches"":[]}","{""ID"":96,""unit"":""GR"",""price"":342,""uomID"":351,""priceDate"":""2025-09-01"",""productID"":1233,""currencyID"":1,""expireDate"":null,""supplierID"":5,""productCode"":""RMDG-00006"",""productName"":""DRIED ROSELLA 500GR"",""currencyName"":""Rupiah"",""pricelistNum"":""PLS202509010002"",""supplierName"":""Calf Warehouse"",""productDetailID"":3066,""applicableBranch"":{""type"":""ALL"",""branches"":[]}}",2026-08-21 18:25:34.864397+00,2026-08-28 06:30:26.485137+00
558,1,98,1239,ALL,18000.00,true,2025-09-01,Calf Warehouse,EVAPORATED MILK FN 380GR,RMBV-00004,PCS@380GR,Rupiah,,PLS202509010002,3081,411,1,"{""type"":""ALL"",""branches"":[]}","{""ID"":98,""unit"":""PCS@380GR"",""price"":18000,""uomID"":411,""priceDate"":""2025-09-01"",""productID"":1239,""currencyID"":1,""expireDate"":null,""supplierID"":5,""productCode"":""RMBV-00004"",""productName"":""EVAPORATED MILK FN 380GR"",""currencyName"":""Rupiah"",""pricelistNum"":""PLS202509010002"",""supplierName"":""Calf Warehouse"",""productDetailID"":3081,""applicableBranch"":{""type"":""ALL"",""branches"":[]}}",2026-08-21 18:25:34.864397+00,2026-08-28 06:30:26.485137+00
559,1,90,1230,ALL,2000.00,true,2025-09-01,Calf Warehouse,DIMSUM,RMFR-00003,PCS,Rupiah,,PLS202509010002,3060,402,1,"{""type"":""ALL"",""branches"":[]}","{""ID"":90,""unit"":""PCS"",""price"":2000,""uomID"":402,""priceDate"":""2025-09-01"",""productID"":1230,""currencyID"":1,""expireDate"":null,""supplierID"":5,""productCode"":""RMFR-00003"",""productName"":""DIMSUM"",""currencyName"":""Rupiah"",""pricelistNum"":""PLS202509010002"",""supplierName"":""Calf Warehouse"",""productDetailID"":3060,""applicableBranch"":{""type"":""ALL"",""branches"":[]}}",2026-08-21 18:25:34.864397+00,2026-08-28 06:30:26.485137+00
560,1,92,1231,ALL,636.00,true,2025-09-01,Calf Warehouse,DRIED ORANGE 500GR,RMDG-00008,GR,Rupiah,,PLS202509010002,3062,351,1,"{""type"":""ALL"",""branches"":[]}","{""ID"":92,""unit"":""GR"",""price"":636,""uomID"":351,""priceDate"":""2025-09-01"",""productID"":1231,""currencyID"":1,""expireDate"":null,""supplierID"":5,""productCode"":""RMDG-00008"",""productName"":""DRIED ORANGE 500GR"",""currencyName"":""Rupiah"",""pricelistNum"":""PLS202509010002"",""supplierName"":""Calf Warehouse"",""productDetailID"":3062,""applicableBranch"":{""type"":""ALL"",""branches"":[]}}",2026-08-21 18:25:34.864397+00,2026-08-28 06:30:26.485137+00
561,1,87,1228,ALL,29925.00,true,2025-09-01,Calf Warehouse,CUP SEALER,KSUT-00004,ROLL@1000PCS,Rupiah,,PLS202509010002,3056,437,1,"{""type"":""ALL"",""branches"":[]}","{""ID"":87,""unit"":""ROLL@1000PCS"",""price"":29925,""uomID"":437,""priceDate"":""2025-09-01"",""productID"":1228,""currencyID"":1,""expireDate"":null,""supplierID"":5,""productCode"":""KSUT-00004"",""productName"":""CUP SEALER"",""currencyName"":""Rupiah"",""pricelistNum"":""PLS202509010002"",""supplierName"":""Calf Warehouse"",""productDetailID"":3056,""applicableBranch"":{""type"":""ALL"",""branches"":[]}}",2026-08-21 18:25:34.864397+00,2026-08-28 06:30:26.485137+00
562,1,89,1230,ALL,200000.00,true,2025-09-01,Calf Warehouse,DIMSUM,RMFR-00003,PACK@100PCS,Rupiah,,PLS202509010002,3061,371,1,"{""type"":""ALL"",""branches"":[]}","{""ID"":89,""unit"":""PACK@100PCS"",""price"":200000,""uomID"":371,""priceDate"":""2025-09-01"",""productID"":1230,""currencyID"":1,""expireDate"":null,""supplierID"":5,""productCode"":""RMFR-00003"",""productName"":""DIMSUM"",""currencyName"":""Rupiah"",""pricelistNum"":""PLS202509010002"",""supplierName"":""Calf Warehouse"",""productDetailID"":3061,""applicableBranch"":{""type"":""ALL"",""branches"":[]}}",2026-08-21 18:25:34.864397+00,2026-08-28 06:30:26.485137+00
563,1,83,1227,ALL,332280.00,true,2025-09-01,Calf Warehouse,CUP SAUCE 60ML,PCPK-00003,CTN@24PACK,Rupiah,,PLS202509010002,3054,331,1,"{""type"":""ALL"",""branches"":[]}","{""ID"":83,""unit"":""CTN@24PACK"",""price"":332280,""uomID"":331,""priceDate"":""2025-09-01"",""productID"":1227,""currencyID"":1,""expireDate"":null,""supplierID"":5,""productCode"":""PCPK-00003"",""productName"":""CUP SAUCE 60ML"",""currencyName"":""Rupiah"",""pricelistNum"":""PLS202509010002"",""supplierName"":""Calf Warehouse"",""productDetailID"":3054,""applicableBranch"":{""type"":""ALL"",""branches"":[]}}",2026-08-21 18:25:34.864397+00,2026-08-28 06:30:26.485137+00
564,1,409,1425,ALL,709789.50,true,2025-09-01,Calf Warehouse,SYRUP STIR UP PEACH 800ML,RMSY-00017,CTN@6BTL,Rupiah,,PLS202509010002,3540,342,1,"{""type"":""ALL"",""branches"":[]}","{""ID"":409,""unit"":""CTN@6BTL"",""price"":709789.5,""uomID"":342,""priceDate"":""2025-09-01"",""productID"":1425,""currencyID"":1,""expireDate"":null,""supplierID"":5,""productCode"":""RMSY-00017"",""productName"":""SYRUP STIR UP PEACH 800ML"",""currencyName"":""Rupiah"",""pricelistNum"":""PLS202509010002"",""supplierName"":""Calf Warehouse"",""productDetailID"":3540,""applicableBranch"":{""type"":""ALL"",""branches"":[]}}",2026-08-21 18:25:34.864397+00,2026-08-28 06:30:26.485137+00
565,1,369,1411,ALL,102.15,true,2025-09-01,Calf Warehouse,SYRUP DRIPP APEL MALANG 760ML,RMSY-00028,GR,Rupiah,,PLS202509010002,3496,351,1,"{""type"":""ALL"",""branches"":[]}","{""ID"":369,""unit"":""GR"",""price"":102.15,""uomID"":351,""priceDate"":""2025-09-01"",""productID"":1411,""currencyID"":1,""expireDate"":null,""supplierID"":5,""productCode"":""RMSY-00028"",""productName"":""SYRUP DRIPP APEL MALANG 760ML"",""currencyName"":""Rupiah"",""pricelistNum"":""PLS202509010002"",""supplierName"":""Calf Warehouse"",""productDetailID"":3496,""applicableBranch"":{""type"":""ALL"",""branches"":[]}}",2026-08-21 18:25:34.864397+00,2026-08-28 06:30:26.485137+00
566,1,544,1484,ALL,37275.00,true,2025-10-01,Calf Warehouse,GULA AREN 1300GR,RMBV-00025,BTL@1300GR,Rupiah,,PLS202510010001,3697,302,1,"{""type"":""ALL"",""branches"":[]}","{""ID"":544,""unit"":""BTL@1300GR"",""price"":37275,""uomID"":302,""priceDate"":""2025-10-01"",""productID"":1484,""currencyID"":1,""expireDate"":null,""supplierID"":5,""productCode"":""RMBV-00025"",""productName"":""GULA AREN 1300GR"",""currencyName"":""Rupiah"",""pricelistNum"":""PLS202510010001"",""supplierName"":""Calf Warehouse"",""productDetailID"":3697,""applicableBranch"":{""type"":""ALL"",""branches"":[]}}",2026-08-21 18:25:34.864397+00,2026-08-28 06:30:26.485137+00
567,1,577,1171,ALL,26.25,true,2025-10-01,Calf Warehouse,AREN BIASA,RMBV-00001,GR,Rupiah,2026-12-31,PLS202510010003,2914,351,1,"{""type"":""ALL"",""branches"":[]}","{""ID"":577,""unit"":""GR"",""price"":26.25,""uomID"":351,""priceDate"":""2025-10-01"",""productID"":1171,""currencyID"":1,""expireDate"":""2026-12-31"",""supplierID"":5,""productCode"":""RMBV-00001"",""productName"":""AREN BIASA"",""currencyName"":""Rupiah"",""pricelistNum"":""PLS202510010003"",""supplierName"":""Calf Warehouse"",""productDetailID"":2914,""applicableBranch"":{""type"":""ALL"",""branches"":[]}}",2026-08-21 18:25:34.864397+00,2026-08-28 06:30:26.485137+00
568,1,576,1171,ALL,26250.00,true,2025-10-01,Calf Warehouse,AREN BIASA,RMBV-00001,PACK@1000GR,Rupiah,2026-12-31,PLS202510010003,2915,370,1,"{""type"":""ALL"",""branches"":[]}","{""ID"":576,""unit"":""PACK@1000GR"",""price"":26250,""uomID"":370,""priceDate"":""2025-10-01"",""productID"":1171,""currencyID"":1,""expireDate"":""2026-12-31"",""supplierID"":5,""productCode"":""RMBV-00001"",""productName"":""AREN BIASA"",""currencyName"":""Rupiah"",""pricelistNum"":""PLS202510010003"",""supplierName"":""Calf Warehouse"",""productDetailID"":2915,""applicableBranch"":{""type"":""ALL"",""branches"":[]}}",2026-08-21 18:25:34.864397+00,2026-08-28 06:30:26.485137+00
569,1,575,1171,ALL,262500.00,true,2025-10-01,Calf Warehouse,AREN BIASA,RMBV-00001,BALL@10PACK,Rupiah,2026-12-31,PLS202510010003,2916,288,1,"{""type"":""ALL"",""branches"":[]}","{""ID"":575,""unit"":""BALL@10PACK"",""price"":262500,""uomID"":288,""priceDate"":""2025-10-01"",""productID"":1171,""currencyID"":1,""expireDate"":""2026-12-31"",""supplierID"":5,""productCode"":""RMBV-00001"",""productName"":""AREN BIASA"",""currencyName"":""Rupiah"",""pricelistNum"":""PLS202510010003"",""supplierName"":""Calf Warehouse"",""productDetailID"":2916,""applicableBranch"":{""type"":""ALL"",""branches"":[]}}",2026-08-21 18:25:34.864397+00,2026-08-28 06:30:26.485137+00
570,1,545,1484,ALL,28.67,true,2025-10-01,Calf Warehouse,GULA AREN 1300GR,RMBV-00025,GR,Rupiah,,PLS202510010001,3696,351,1,"{""type"":""ALL"",""branches"":[]}","{""ID"":545,""unit"":""GR"",""price"":28.673,""uomID"":351,""priceDate"":""2025-10-01"",""productID"":1484,""currencyID"":1,""expireDate"":null,""supplierID"":5,""productCode"":""RMBV-00025"",""productName"":""GULA AREN 1300GR"",""currencyName"":""Rupiah"",""pricelistNum"":""PLS202510010001"",""supplierName"":""Calf Warehouse"",""productDetailID"":3696,""applicableBranch"":{""type"":""ALL"",""branches"":[]}}",2026-08-21 18:25:34.864397+00,2026-08-28 06:30:26.485137+00
571,1,546,1484,ALL,372750.00,true,2025-10-01,Calf Warehouse,GULA AREN 1300GR,RMBV-00025,CTN@10BTL,Rupiah,,PLS202510010001,3717,449,1,"{""type"":""ALL"",""branches"":[]}","{""ID"":546,""unit"":""CTN@10BTL"",""price"":372750,""uomID"":449,""priceDate"":""2025-10-01"",""productID"":1484,""currencyID"":1,""expireDate"":null,""supplierID"":5,""productCode"":""RMBV-00025"",""productName"":""GULA AREN 1300GR"",""currencyName"":""Rupiah"",""pricelistNum"":""PLS202510010001"",""supplierName"":""Calf Warehouse"",""productDetailID"":3717,""applicableBranch"":{""type"":""ALL"",""branches"":[]}}",2026-08-21 18:25:34.864397+00,2026-08-28 06:30:26.485137+00
572,1,550,1369,ALL,957600.00,true,2025-10-01,Calf Warehouse,SAUCE HT CARAMEL 750ML,RMSC-00007,CTN@12BTL,Rupiah,,PLS202510010002,3400,317,1,"{""type"":""ALL"",""branches"":[]}","{""ID"":550,""unit"":""CTN@12BTL"",""price"":957600,""uomID"":317,""priceDate"":""2025-10-01"",""productID"":1369,""currencyID"":1,""expireDate"":null,""supplierID"":5,""productCode"":""RMSC-00007"",""productName"":""SAUCE HT CARAMEL 750ML"",""currencyName"":""Rupiah"",""pricelistNum"":""PLS202510010002"",""supplierName"":""Calf Warehouse"",""productDetailID"":3400,""applicableBranch"":{""type"":""ALL"",""branches"":[]}}",2026-08-21 18:25:34.864397+00,2026-08-28 06:30:26.485137+00
573,1,549,1369,ALL,85.80,true,2025-10-01,Calf Warehouse,SAUCE HT CARAMEL 750ML,RMSC-00007,GR,Rupiah,,PLS202510010002,3398,351,1,"{""type"":""ALL"",""branches"":[]}","{""ID"":549,""unit"":""GR"",""price"":85.8,""uomID"":351,""priceDate"":""2025-10-01"",""productID"":1369,""currencyID"":1,""expireDate"":null,""supplierID"":5,""productCode"":""RMSC-00007"",""productName"":""SAUCE HT CARAMEL 750ML"",""currencyName"":""Rupiah"",""pricelistNum"":""PLS202510010002"",""supplierName"":""Calf Warehouse"",""productDetailID"":3398,""applicableBranch"":{""type"":""ALL"",""branches"":[]}}",2026-08-21 18:25:34.864397+00,2026-08-28 06:30:26.485137+00
574,1,548,1369,ALL,79800.00,true,2025-10-01,Calf Warehouse,SAUCE HT CARAMEL 750ML,RMSC-00007,BTL@930GR,Rupiah,,PLS202510010002,3399,310,1,"{""type"":""ALL"",""branches"":[]}","{""ID"":548,""unit"":""BTL@930GR"",""price"":79800,""uomID"":310,""priceDate"":""2025-10-01"",""productID"":1369,""currencyID"":1,""expireDate"":null,""supplierID"":5,""productCode"":""RMSC-00007"",""productName"":""SAUCE HT CARAMEL 750ML"",""currencyName"":""Rupiah"",""pricelistNum"":""PLS202510010002"",""supplierName"":""Calf Warehouse"",""productDetailID"":3399,""applicableBranch"":{""type"":""ALL"",""branches"":[]}}",2026-08-21 18:25:34.864397+00,2026-08-28 06:30:26.485137+00
575,1,547,1484,ALL,745500.00,true,2025-10-01,Calf Warehouse,GULA AREN 1300GR,RMBV-00025,CTN@20BTL,Rupiah,,PLS202510010001,3698,448,1,"{""type"":""ALL"",""branches"":[]}","{""ID"":547,""unit"":""CTN@20BTL"",""price"":745500,""uomID"":448,""priceDate"":""2025-10-01"",""productID"":1484,""currencyID"":1,""expireDate"":null,""supplierID"":5,""productCode"":""RMBV-00025"",""productName"":""GULA AREN 1300GR"",""currencyName"":""Rupiah"",""pricelistNum"":""PLS202510010001"",""supplierName"":""Calf Warehouse"",""productDetailID"":3698,""applicableBranch"":{""type"":""ALL"",""branches"":[]}}",2026-08-21 18:25:34.864397+00,2026-08-28 06:30:26.485137+00
576,1,569,1525,ALL,19.50,true,2025-11-01,Calf Warehouse,MINYAK GORENG NEW,RMKC-00043,GR,Rupiah,2025-12-31,PLS202511010014,3771,351,1,"{""type"":""ALL"",""branches"":[]}","{""ID"":569,""unit"":""GR"",""price"":19.5,""uomID"":351,""priceDate"":""2025-11-01"",""productID"":1525,""currencyID"":1,""expireDate"":""2025-12-31"",""supplierID"":5,""productCode"":""RMKC-00043"",""productName"":""MINYAK GORENG NEW"",""currencyName"":""Rupiah"",""pricelistNum"":""PLS202511010014"",""supplierName"":""Calf Warehouse"",""productDetailID"":3771,""applicableBranch"":{""type"":""ALL"",""branches"":[]}}",2026-08-21 18:25:34.864397+00,2026-08-28 06:30:26.485137+00
577,1,568,1525,ALL,39000.00,true,2025-11-01,Calf Warehouse,MINYAK GORENG NEW,RMKC-00043,PACK@2000GR,Rupiah,2025-12-31,PLS202511010014,3772,377,1,"{""type"":""ALL"",""branches"":[]}","{""ID"":568,""unit"":""PACK@2000GR"",""price"":39000,""uomID"":377,""priceDate"":""2025-11-01"",""productID"":1525,""currencyID"":1,""expireDate"":""2025-12-31"",""supplierID"":5,""productCode"":""RMKC-00043"",""productName"":""MINYAK GORENG NEW"",""currencyName"":""Rupiah"",""pricelistNum"":""PLS202511010014"",""supplierName"":""Calf Warehouse"",""productDetailID"":3772,""applicableBranch"":{""type"":""ALL"",""branches"":[]}}",2026-08-21 18:25:34.864397+00,2026-08-28 06:30:26.485137+00
578,1,567,1375,ALL,25200.00,true,2025-11-01,Calf Central Kitchen,SAUS SAMBAL DEL MONTE 1000GR,RMKC-00025,PCS@1000GR,Rupiah,2025-12-31,PLS202511010013,3416,403,1,"{""type"":""ALL"",""branches"":[]}","{""ID"":567,""unit"":""PCS@1000GR"",""price"":25200,""uomID"":403,""priceDate"":""2025-11-01"",""productID"":1375,""currencyID"":1,""expireDate"":""2025-12-31"",""supplierID"":6,""productCode"":""RMKC-00025"",""productName"":""SAUS SAMBAL DEL MONTE 1000GR"",""currencyName"":""Rupiah"",""pricelistNum"":""PLS202511010013"",""supplierName"":""Calf Central Kitchen"",""productDetailID"":3416,""applicableBranch"":{""type"":""ALL"",""branches"":[]}}",2026-08-21 18:25:34.864397+00,2026-08-28 06:30:26.485137+00
579,1,566,1230,ALL,190000.00,true,2025-11-01,Calf Central Kitchen,DIMSUM,RMFR-00003,PACK@100PCS,Rupiah,2025-12-31,PLS202511010012,3061,371,1,"{""type"":""ALL"",""branches"":[]}","{""ID"":566,""unit"":""PACK@100PCS"",""price"":190000,""uomID"":371,""priceDate"":""2025-11-01"",""productID"":1230,""currencyID"":1,""expireDate"":""2025-12-31"",""supplierID"":6,""productCode"":""RMFR-00003"",""productName"":""DIMSUM"",""currencyName"":""Rupiah"",""pricelistNum"":""PLS202511010012"",""supplierName"":""Calf Central Kitchen"",""productDetailID"":3061,""applicableBranch"":{""type"":""ALL"",""branches"":[]}}",2026-08-21 18:25:34.864397+00,2026-08-28 06:30:26.485137+00
580,1,565,1230,ALL,1900.00,true,2025-11-01,Calf Central Kitchen,DIMSUM,RMFR-00003,PCS,Rupiah,2025-12-31,PLS202511010012,3060,402,1,"{""type"":""ALL"",""branches"":[]}","{""ID"":565,""unit"":""PCS"",""price"":1900,""uomID"":402,""priceDate"":""2025-11-01"",""productID"":1230,""currencyID"":1,""expireDate"":""2025-12-31"",""supplierID"":6,""productCode"":""RMFR-00003"",""productName"":""DIMSUM"",""currencyName"":""Rupiah"",""pricelistNum"":""PLS202511010012"",""supplierName"":""Calf Central Kitchen"",""productDetailID"":3060,""applicableBranch"":{""type"":""ALL"",""branches"":[]}}",2026-08-21 18:25:34.864397+00,2026-08-28 06:30:26.485137+00
581,1,564,1511,ALL,64.80,true,2025-11-01,Calf Warehouse,TARTAR SAUCE KEWPIE 1KG,RMKC-00036,GR,Rupiah,2025-12-31,PLS202511010011,3746,351,1,"{""type"":""ALL"",""branches"":[]}","{""ID"":564,""unit"":""GR"",""price"":64.7955,""uomID"":351,""priceDate"":""2025-11-01"",""productID"":1511,""currencyID"":1,""expireDate"":""2025-12-31"",""supplierID"":5,""productCode"":""RMKC-00036"",""productName"":""TARTAR SAUCE KEWPIE 1KG"",""currencyName"":""Rupiah"",""pricelistNum"":""PLS202511010011"",""supplierName"":""Calf Warehouse"",""productDetailID"":3746,""applicableBranch"":{""type"":""ALL"",""branches"":[]}}",2026-08-21 18:25:34.864397+00,2026-08-28 06:30:26.485137+00
582,1,563,1511,ALL,64795.50,true,2025-11-01,Calf Warehouse,TARTAR SAUCE KEWPIE 1KG,RMKC-00036,PACK@1000GR,Rupiah,2025-12-31,PLS202511010010,3747,370,1,"{""type"":""ALL"",""branches"":[]}","{""ID"":563,""unit"":""PACK@1000GR"",""price"":64795.5,""uomID"":370,""priceDate"":""2025-11-01"",""productID"":1511,""currencyID"":1,""expireDate"":""2025-12-31"",""supplierID"":5,""productCode"":""RMKC-00036"",""productName"":""TARTAR SAUCE KEWPIE 1KG"",""currencyName"":""Rupiah"",""pricelistNum"":""PLS202511010010"",""supplierName"":""Calf Warehouse"",""productDetailID"":3747,""applicableBranch"":{""type"":""ALL"",""branches"":[]}}",2026-08-21 18:25:34.864397+00,2026-08-28 06:30:26.485137+00
583,1,562,1283,ALL,37300.00,true,2025-11-01,Calf Warehouse,JUICE CRANBERRY 946ML,RMJC-00006,PCS@950GR,Rupiah,2025-12-31,PLS202511010009,3195,418,1,"{""type"":""ALL"",""branches"":[]}","{""ID"":562,""unit"":""PCS@950GR"",""price"":37300,""uomID"":418,""priceDate"":""2025-11-01"",""productID"":1283,""currencyID"":1,""expireDate"":""2025-12-31"",""supplierID"":5,""productCode"":""RMJC-00006"",""productName"":""JUICE CRANBERRY 946ML"",""currencyName"":""Rupiah"",""pricelistNum"":""PLS202511010009"",""supplierName"":""Calf Warehouse"",""productDetailID"":3195,""applicableBranch"":{""type"":""ALL"",""branches"":[]}}",2026-08-21 18:25:34.864397+00,2026-08-28 06:30:26.485137+00
584,1,561,1285,ALL,37300.00,true,2025-11-01,Calf Warehouse,JUICE MANGO 946ML,RMJC-00007,PCS@950GR,Rupiah,2025-12-31,PLS202511010008,3201,418,1,"{""type"":""ALL"",""branches"":[]}","{""ID"":561,""unit"":""PCS@950GR"",""price"":37300,""uomID"":418,""priceDate"":""2025-11-01"",""productID"":1285,""currencyID"":1,""expireDate"":""2025-12-31"",""supplierID"":5,""productCode"":""RMJC-00007"",""productName"":""JUICE MANGO 946ML"",""currencyName"":""Rupiah"",""pricelistNum"":""PLS202511010008"",""supplierName"":""Calf Warehouse"",""productDetailID"":3201,""applicableBranch"":{""type"":""ALL"",""branches"":[]}}",2026-08-21 18:25:34.864397+00,2026-08-28 06:30:26.485137+00
585,1,560,1242,ALL,51826.95,true,2025-11-01,Calf Warehouse,FRENCH FRIES STRAIGHT CUT 2000GR,RMFR-00005,KG@1000GR,Rupiah,2025-12-31,PLS202511010007,3755,365,1,"{""type"":""ALL"",""branches"":[]}","{""ID"":560,""unit"":""KG@1000GR"",""price"":51826.95,""uomID"":365,""priceDate"":""2025-11-01"",""productID"":1242,""currencyID"":1,""expireDate"":""2025-12-31"",""supplierID"":5,""productCode"":""RMFR-00005"",""productName"":""FRENCH FRIES STRAIGHT CUT 2000GR"",""currencyName"":""Rupiah"",""pricelistNum"":""PLS202511010007"",""supplierName"":""Calf Warehouse"",""productDetailID"":3755,""applicableBranch"":{""type"":""ALL"",""branches"":[]}}",2026-08-21 18:25:34.864397+00,2026-08-28 06:30:26.485137+00
586,1,559,1522,ALL,43.97,true,2025-11-01,Calf Warehouse,ICE CREAM VANILLA NEW,RMFR-00064,GR,Rupiah,2026-04-14,PLS202511010006,3765,351,1,"{""type"":""ALL"",""branches"":[]}","{""ID"":559,""unit"":""GR"",""price"":43.969,""uomID"":351,""priceDate"":""2025-11-01"",""productID"":1522,""currencyID"":1,""expireDate"":""2026-04-14"",""supplierID"":5,""productCode"":""RMFR-00064"",""productName"":""ICE CREAM VANILLA NEW"",""currencyName"":""Rupiah"",""pricelistNum"":""PLS202511010006"",""supplierName"":""Calf Warehouse"",""productDetailID"":3765,""applicableBranch"":{""type"":""ALL"",""branches"":[]}}",2026-08-21 18:25:34.864397+00,2026-08-28 06:30:26.485137+00
587,1,558,1522,ALL,175875.00,true,2025-11-01,Calf Warehouse,ICE CREAM VANILLA NEW,RMFR-00064,PAIL@4000GR (8L),Rupiah,2026-04-14,PLS202511010005,3766,452,1,"{""type"":""ALL"",""branches"":[]}","{""ID"":558,""unit"":""PAIL@4000GR (8L)"",""price"":175875,""uomID"":452,""priceDate"":""2025-11-01"",""productID"":1522,""currencyID"":1,""expireDate"":""2026-04-14"",""supplierID"":5,""productCode"":""RMFR-00064"",""productName"":""ICE CREAM VANILLA NEW"",""currencyName"":""Rupiah"",""pricelistNum"":""PLS202511010005"",""supplierName"":""Calf Warehouse"",""productDetailID"":3766,""applicableBranch"":{""type"":""ALL"",""branches"":[]}}",2026-08-21 18:25:34.864397+00,2026-08-28 06:30:26.485137+00
588,1,556,1515,ALL,18.74,true,2025-11-01,Calf Central Kitchen,BERAS NEW,RMKC-00042,GR,Rupiah,,PLS202511010004,3753,351,1,"{""type"":""ALL"",""branches"":[]}","{""ID"":556,""unit"":""GR"",""price"":18.7425,""uomID"":351,""priceDate"":""2025-11-01"",""productID"":1515,""currencyID"":1,""expireDate"":null,""supplierID"":6,""productCode"":""RMKC-00042"",""productName"":""BERAS NEW"",""currencyName"":""Rupiah"",""pricelistNum"":""PLS202511010004"",""supplierName"":""Calf Central Kitchen"",""productDetailID"":3753,""applicableBranch"":{""type"":""ALL"",""branches"":[]}}",2026-08-21 18:25:34.864397+00,2026-08-28 06:30:26.485137+00
589,1,555,1515,ALL,187425.00,true,2025-11-01,Calf Warehouse,BERAS NEW,RMKC-00042,BALL@10KG,Rupiah,,PLS202511010003,3754,450,1,"{""type"":""ALL"",""branches"":[]}","{""ID"":555,""unit"":""BALL@10KG"",""price"":187425,""uomID"":450,""priceDate"":""2025-11-01"",""productID"":1515,""currencyID"":1,""expireDate"":null,""supplierID"":5,""productCode"":""RMKC-00042"",""productName"":""BERAS NEW"",""currencyName"":""Rupiah"",""pricelistNum"":""PLS202511010003"",""supplierName"":""Calf Warehouse"",""productDetailID"":3754,""applicableBranch"":{""type"":""ALL"",""branches"":[]}}",2026-08-21 18:25:34.864397+00,2026-08-28 06:30:26.485137+00
590,1,554,1323,ALL,12810.00,true,2025-11-01,Calf Warehouse,PLASTIK 1/4 KG,KSUK-00005,PACK,Rupiah,,PLS202511010002,3285,369,1,"{""type"":""ALL"",""branches"":[]}","{""ID"":554,""unit"":""PACK"",""price"":12810,""uomID"":369,""priceDate"":""2025-11-01"",""productID"":1323,""currencyID"":1,""expireDate"":null,""supplierID"":5,""productCode"":""KSUK-00005"",""productName"":""PLASTIK 1/4 KG"",""currencyName"":""Rupiah"",""pricelistNum"":""PLS202511010002"",""supplierName"":""Calf Warehouse"",""productDetailID"":3285,""applicableBranch"":{""type"":""ALL"",""branches"":[]}}",2026-08-21 18:25:34.864397+00,2026-08-28 06:30:26.485137+00
591,1,551,1375,ALL,26460.00,true,2025-11-01,Calf Warehouse,SAUS SAMBAL DEL MONTE 1000GR,RMKC-00025,PCS@1000GR,Rupiah,,PLS202511010001,3416,403,1,"{""type"":""ALL"",""branches"":[]}","{""ID"":551,""unit"":""PCS@1000GR"",""price"":26460,""uomID"":403,""priceDate"":""2025-11-01"",""productID"":1375,""currencyID"":1,""expireDate"":null,""supplierID"":5,""productCode"":""RMKC-00025"",""productName"":""SAUS SAMBAL DEL MONTE 1000GR"",""currencyName"":""Rupiah"",""pricelistNum"":""PLS202511010001"",""supplierName"":""Calf Warehouse"",""productDetailID"":3416,""applicableBranch"":{""type"":""ALL"",""branches"":[]}}",2026-08-21 18:25:34.864397+00,2026-08-28 06:30:26.485137+00
592,1,553,1375,ALL,158760.00,true,2025-11-11,Calf Warehouse,SAUS SAMBAL DEL MONTE 1000GR,RMKC-00025,CTN@6PCS,Rupiah,,PLS202511110002,3417,345,1,"{""type"":""ALL"",""branches"":[]}","{""ID"":553,""unit"":""CTN@6PCS"",""price"":158760,""uomID"":345,""priceDate"":""2025-11-11"",""productID"":1375,""currencyID"":1,""expireDate"":null,""supplierID"":5,""productCode"":""RMKC-00025"",""productName"":""SAUS SAMBAL DEL MONTE 1000GR"",""currencyName"":""Rupiah"",""pricelistNum"":""PLS202511110002"",""supplierName"":""Calf Warehouse"",""productDetailID"":3417,""applicableBranch"":{""type"":""ALL"",""branches"":[]}}",2026-08-21 18:25:34.864397+00,2026-08-28 06:30:26.485137+00
593,1,552,1375,ALL,26.46,true,2025-11-11,Calf Warehouse,SAUS SAMBAL DEL MONTE 1000GR,RMKC-00025,GR,Rupiah,,PLS202511110001,3415,351,1,"{""type"":""ALL"",""branches"":[]}","{""ID"":552,""unit"":""GR"",""price"":26.46,""uomID"":351,""priceDate"":""2025-11-11"",""productID"":1375,""currencyID"":1,""expireDate"":null,""supplierID"":5,""productCode"":""RMKC-00025"",""productName"":""SAUS SAMBAL DEL MONTE 1000GR"",""currencyName"":""Rupiah"",""pricelistNum"":""PLS202511110001"",""supplierName"":""Calf Warehouse"",""productDetailID"":3415,""applicableBranch"":{""type"":""ALL"",""branches"":[]}}",2026-08-21 18:25:34.864397+00,2026-08-28 06:30:26.485137+00
594,1,557,1273,ALL,175875.00,true,2025-11-15,Calf Warehouse,ICE CREAM VANILLA 8000ML,RMFR-00012,PAIL@4000GR (8L),Rupiah,,PLS202511150001,3761,452,1,"{""type"":""ALL"",""branches"":[]}","{""ID"":557,""unit"":""PAIL@4000GR (8L)"",""price"":175875,""uomID"":452,""priceDate"":""2025-11-15"",""productID"":1273,""currencyID"":1,""expireDate"":null,""supplierID"":5,""productCode"":""RMFR-00012"",""productName"":""ICE CREAM VANILLA 8000ML"",""currencyName"":""Rupiah"",""pricelistNum"":""PLS202511150001"",""supplierName"":""Calf Warehouse"",""productDetailID"":3761,""applicableBranch"":{""type"":""ALL"",""branches"":[]}}",2026-08-21 18:25:34.864397+00,2026-08-28 06:30:26.485137+00
595,1,573,1519,ALL,76500.00,true,2025-12-01,Calf Warehouse,SABUN DETERGEN CAIR,GNCH-00007,JRG,Rupiah,2025-12-31,PLS202512010002,3760,355,1,"{""type"":""ALL"",""branches"":[]}","{""ID"":573,""unit"":""JRG"",""price"":76500,""uomID"":355,""priceDate"":""2025-12-01"",""productID"":1519,""currencyID"":1,""expireDate"":""2025-12-31"",""supplierID"":5,""productCode"":""GNCH-00007"",""productName"":""SABUN DETERGEN CAIR"",""currencyName"":""Rupiah"",""pricelistNum"":""PLS202512010002"",""supplierName"":""Calf Warehouse"",""productDetailID"":3760,""applicableBranch"":{""type"":""ALL"",""branches"":[]}}",2026-08-21 18:25:34.864397+00,2026-08-28 06:30:26.485137+00
596,1,572,1518,ALL,43000.00,true,2025-12-01,Calf Warehouse,SABUN MPC,GNCH-00006,JRG,Rupiah,2025-12-31,PLS202512010002,3759,355,1,"{""type"":""ALL"",""branches"":[]}","{""ID"":572,""unit"":""JRG"",""price"":43000,""uomID"":355,""priceDate"":""2025-12-01"",""productID"":1518,""currencyID"":1,""expireDate"":""2025-12-31"",""supplierID"":5,""productCode"":""GNCH-00006"",""productName"":""SABUN MPC"",""currencyName"":""Rupiah"",""pricelistNum"":""PLS202512010002"",""supplierName"":""Calf Warehouse"",""productDetailID"":3759,""applicableBranch"":{""type"":""ALL"",""branches"":[]}}",2026-08-21 18:25:34.864397+00,2026-08-28 06:30:26.485137+00
597,1,571,1517,ALL,41000.00,true,2025-12-01,Calf Warehouse,SABUN PEMBERSIH KERAK KERAMIK,GNCH-00005,JRG,Rupiah,2025-12-31,PLS202512010002,3758,355,1,"{""type"":""ALL"",""branches"":[]}","{""ID"":571,""unit"":""JRG"",""price"":41000,""uomID"":355,""priceDate"":""2025-12-01"",""productID"":1517,""currencyID"":1,""expireDate"":""2025-12-31"",""supplierID"":5,""productCode"":""GNCH-00005"",""productName"":""SABUN PEMBERSIH KERAK KERAMIK"",""currencyName"":""Rupiah"",""pricelistNum"":""PLS202512010002"",""supplierName"":""Calf Warehouse"",""productDetailID"":3758,""applicableBranch"":{""type"":""ALL"",""branches"":[]}}",2026-08-21 18:25:34.864397+00,2026-08-28 06:30:26.485137+00
598,1,570,1526,ALL,40000.00,true,2025-12-01,Calf Warehouse,CREOLIN,GNCH-00008,JRG,Rupiah,2025-12-31,PLS202512010001,3773,355,1,"{""type"":""ALL"",""branches"":[]}","{""ID"":570,""unit"":""JRG"",""price"":40000,""uomID"":355,""priceDate"":""2025-12-01"",""productID"":1526,""currencyID"":1,""expireDate"":""2025-12-31"",""supplierID"":5,""productCode"":""GNCH-00008"",""productName"":""CREOLIN"",""currencyName"":""Rupiah"",""pricelistNum"":""PLS202512010001"",""supplierName"":""Calf Warehouse"",""productDetailID"":3773,""applicableBranch"":{""type"":""ALL"",""branches"":[]}}",2026-08-21 18:25:34.864397+00,2026-08-28 06:30:26.485137+00
599,1,574,1248,ALL,36100.00,true,2025-12-23,Calf Warehouse,FRESH MILK DELUXE MILK MEIJI 946ML,RMFR-00007,PCS@950GR,Rupiah,2025-12-31,PLS202512230001,3105,418,1,"{""type"":""ALL"",""branches"":[]}","{""ID"":574,""unit"":""PCS@950GR"",""price"":36100,""uomID"":418,""priceDate"":""2025-12-23"",""productID"":1248,""currencyID"":1,""expireDate"":""2025-12-31"",""supplierID"":5,""productCode"":""RMFR-00007"",""productName"":""FRESH MILK DELUXE MILK MEIJI 946ML"",""currencyName"":""Rupiah"",""pricelistNum"":""PLS202512230001"",""supplierName"":""Calf Warehouse"",""productDetailID"":3105,""applicableBranch"":{""type"":""ALL"",""branches"":[]}}",2026-08-21 18:25:34.864397+00,2026-08-28 06:30:26.485137+00
600,1,698,1263,ALL,938400.00,true,2025-12-31,Calf Warehouse,GOLDENFIL HAZELNUT 1000GR,RMBV-00007,CTN@12PCS,Rupiah,2026-12-31,PLS202512310001,3144,319,1,"{""type"":""ALL"",""branches"":[]}","{""ID"":698,""unit"":""CTN@12PCS"",""price"":938400,""uomID"":319,""priceDate"":""2025-12-31"",""productID"":1263,""currencyID"":1,""expireDate"":""2026-12-31"",""supplierID"":5,""productCode"":""RMBV-00007"",""productName"":""GOLDENFIL HAZELNUT 1000GR"",""currencyName"":""Rupiah"",""pricelistNum"":""PLS202512310001"",""supplierName"":""Calf Warehouse"",""productDetailID"":3144,""applicableBranch"":{""type"":""ALL"",""branches"":[]}}",2026-08-21 18:25:34.864397+00,2026-08-28 06:30:26.485137+00
601,1,640,1221,ALL,21338.75,true,2025-12-31,Calf Warehouse,CUP FROSTED,PCPB-00004,BALL@25PCS,Rupiah,2026-12-31,PLS202512310001,3035,291,1,"{""type"":""ALL"",""branches"":[]}","{""ID"":640,""unit"":""BALL@25PCS"",""price"":21338.75,""uomID"":291,""priceDate"":""2025-12-31"",""productID"":1221,""currencyID"":1,""expireDate"":""2026-12-31"",""supplierID"":5,""productCode"":""PCPB-00004"",""productName"":""CUP FROSTED"",""currencyName"":""Rupiah"",""pricelistNum"":""PLS202512310001"",""supplierName"":""Calf Warehouse"",""productDetailID"":3035,""applicableBranch"":{""type"":""ALL"",""branches"":[]}}",2026-08-21 18:25:34.864397+00,2026-08-28 06:30:26.485137+00
602,1,639,1221,ALL,426775.00,true,2025-12-31,Calf Warehouse,CUP FROSTED,PCPB-00004,CTN@20BALL,Rupiah,2026-12-31,PLS202512310001,3036,325,1,"{""type"":""ALL"",""branches"":[]}","{""ID"":639,""unit"":""CTN@20BALL"",""price"":426775,""uomID"":325,""priceDate"":""2025-12-31"",""productID"":1221,""currencyID"":1,""expireDate"":""2026-12-31"",""supplierID"":5,""productCode"":""PCPB-00004"",""productName"":""CUP FROSTED"",""currencyName"":""Rupiah"",""pricelistNum"":""PLS202512310001"",""supplierName"":""Calf Warehouse"",""productDetailID"":3036,""applicableBranch"":{""type"":""ALL"",""branches"":[]}}",2026-08-21 18:25:34.864397+00,2026-08-28 06:30:26.485137+00
603,1,585,1179,ALL,330000.00,true,2025-12-31,Calf Central Kitchen,BEANS AUTHENTIC,RBBA-00001,KG@1000GR,Rupiah,2026-12-31,PLS202512310001,2933,365,1,"{""type"":""ALL"",""branches"":[]}","{""ID"":585,""unit"":""KG@1000GR"",""price"":330000,""uomID"":365,""priceDate"":""2025-12-31"",""productID"":1179,""currencyID"":1,""expireDate"":""2026-12-31"",""supplierID"":6,""productCode"":""RBBA-00001"",""productName"":""BEANS AUTHENTIC"",""currencyName"":""Rupiah"",""pricelistNum"":""PLS202512310001"",""supplierName"":""Calf Central Kitchen"",""productDetailID"":2933,""applicableBranch"":{""type"":""ALL"",""branches"":[]}}",2026-08-21 18:25:34.864397+00,2026-08-28 06:30:26.485137+00
604,1,582,1182,ALL,143000.00,true,2025-12-31,Calf Central Kitchen,BEANS REGULER,RBRR-00001,KG@1000GR,Rupiah,2026-12-31,PLS202512310001,2942,365,1,"{""type"":""ALL"",""branches"":[]}","{""ID"":582,""unit"":""KG@1000GR"",""price"":143000,""uomID"":365,""priceDate"":""2025-12-31"",""productID"":1182,""currencyID"":1,""expireDate"":""2026-12-31"",""supplierID"":6,""productCode"":""RBRR-00001"",""productName"":""BEANS REGULER"",""currencyName"":""Rupiah"",""pricelistNum"":""PLS202512310001"",""supplierName"":""Calf Central Kitchen"",""productDetailID"":2942,""applicableBranch"":{""type"":""ALL"",""branches"":[]}}",2026-08-21 18:25:34.864397+00,2026-08-28 06:30:26.485137+00
605,1,581,1182,ALL,3575000.00,true,2025-12-31,Calf Central Kitchen,BEANS REGULER,RBRR-00001,KARUNG@25KG,Rupiah,2026-12-31,PLS202512310001,2943,361,1,"{""type"":""ALL"",""branches"":[]}","{""ID"":581,""unit"":""KARUNG@25KG"",""price"":3575000,""uomID"":361,""priceDate"":""2025-12-31"",""productID"":1182,""currencyID"":1,""expireDate"":""2026-12-31"",""supplierID"":6,""productCode"":""RBRR-00001"",""productName"":""BEANS REGULER"",""currencyName"":""Rupiah"",""pricelistNum"":""PLS202512310001"",""supplierName"":""Calf Central Kitchen"",""productDetailID"":2943,""applicableBranch"":{""type"":""ALL"",""branches"":[]}}",2026-08-21 18:25:34.864397+00,2026-08-28 06:30:26.485137+00
606,1,580,1181,ALL,180.00,true,2025-12-31,Calf Central Kitchen,BEANS PREMIUM,RBAP-00001,GR,Rupiah,2026-12-31,PLS202512310001,2938,351,1,"{""type"":""ALL"",""branches"":[]}","{""ID"":580,""unit"":""GR"",""price"":180,""uomID"":351,""priceDate"":""2025-12-31"",""productID"":1181,""currencyID"":1,""expireDate"":""2026-12-31"",""supplierID"":6,""productCode"":""RBAP-00001"",""productName"":""BEANS PREMIUM"",""currencyName"":""Rupiah"",""pricelistNum"":""PLS202512310001"",""supplierName"":""Calf Central Kitchen"",""productDetailID"":2938,""applicableBranch"":{""type"":""ALL"",""branches"":[]}}",2026-08-21 18:25:34.864397+00,2026-08-28 06:30:26.485137+00
607,1,579,1181,ALL,180000.00,true,2025-12-31,Calf Central Kitchen,BEANS PREMIUM,RBAP-00001,KG@1000GR,Rupiah,2026-12-31,PLS202512310001,2939,365,1,"{""type"":""ALL"",""branches"":[]}","{""ID"":579,""unit"":""KG@1000GR"",""price"":180000,""uomID"":365,""priceDate"":""2025-12-31"",""productID"":1181,""currencyID"":1,""expireDate"":""2026-12-31"",""supplierID"":6,""productCode"":""RBAP-00001"",""productName"":""BEANS PREMIUM"",""currencyName"":""Rupiah"",""pricelistNum"":""PLS202512310001"",""supplierName"":""Calf Central Kitchen"",""productDetailID"":2939,""applicableBranch"":{""type"":""ALL"",""branches"":[]}}",2026-08-21 18:25:34.864397+00,2026-08-28 06:30:26.485137+00
608,1,1077,1177,ALL,90000.00,true,2025-12-31,Calf Warehouse,BAWANG MERAH KUPAS,RMVG-00001,KG,Rupiah,2026-12-31,PLS202512310001,2929,364,1,"{""type"":""ALL"",""branches"":[]}","{""ID"":1077,""unit"":""KG"",""price"":90000,""uomID"":364,""priceDate"":""2025-12-31"",""productID"":1177,""currencyID"":1,""expireDate"":""2026-12-31"",""supplierID"":5,""productCode"":""RMVG-00001"",""productName"":""BAWANG MERAH KUPAS"",""currencyName"":""Rupiah"",""pricelistNum"":""PLS202512310001"",""supplierName"":""Calf Warehouse"",""productDetailID"":2929,""applicableBranch"":{""type"":""ALL"",""branches"":[]}}",2026-08-21 18:25:34.864397+00,2026-08-28 06:30:26.485137+00
609,1,1076,1259,ALL,119000.00,true,2025-12-31,Calf Warehouse,GAS 5KG,EGGS-00003,TABUNG,Rupiah,2026-12-31,PLS202512310001,3134,439,1,"{""type"":""ALL"",""branches"":[]}","{""ID"":1076,""unit"":""TABUNG"",""price"":119000,""uomID"":439,""priceDate"":""2025-12-31"",""productID"":1259,""currencyID"":1,""expireDate"":""2026-12-31"",""supplierID"":5,""productCode"":""EGGS-00003"",""productName"":""GAS 5KG"",""currencyName"":""Rupiah"",""pricelistNum"":""PLS202512310001"",""supplierName"":""Calf Warehouse"",""productDetailID"":3134,""applicableBranch"":{""type"":""ALL"",""branches"":[]}}",2026-08-21 18:25:34.864397+00,2026-08-28 06:30:26.485137+00
610,1,1075,1258,ALL,205000.00,true,2025-12-31,Calf Warehouse,GAS 12KG,EGGS-00002,TABUNG,Rupiah,2026-07-13,PLS202512310001,3133,439,1,"{""type"":""ALL"",""branches"":[]}","{""ID"":1075,""unit"":""TABUNG"",""price"":205000,""uomID"":439,""priceDate"":""2025-12-31"",""productID"":1258,""currencyID"":1,""expireDate"":""2026-07-13"",""supplierID"":5,""productCode"":""EGGS-00002"",""productName"":""GAS 12KG"",""currencyName"":""Rupiah"",""pricelistNum"":""PLS202512310001"",""supplierName"":""Calf Warehouse"",""productDetailID"":3133,""applicableBranch"":{""type"":""ALL"",""branches"":[]}}",2026-08-21 18:25:34.864397+00,2026-08-28 06:30:26.485137+00
611,1,1074,1435,ALL,33.00,true,2025-12-31,Calf Warehouse,TELUR,RMMT-00004,GR,Rupiah,2026-12-31,PLS202512310001,3566,351,1,"{""type"":""ALL"",""branches"":[]}","{""ID"":1074,""unit"":""GR"",""price"":33,""uomID"":351,""priceDate"":""2025-12-31"",""productID"":1435,""currencyID"":1,""expireDate"":""2026-12-31"",""supplierID"":5,""productCode"":""RMMT-00004"",""productName"":""TELUR"",""currencyName"":""Rupiah"",""pricelistNum"":""PLS202512310001"",""supplierName"":""Calf Warehouse"",""productDetailID"":3566,""applicableBranch"":{""type"":""ALL"",""branches"":[]}}",2026-08-21 18:25:34.864397+00,2026-08-28 06:30:26.485137+00
612,1,1073,1435,ALL,33000.00,true,2025-12-31,Calf Warehouse,TELUR,RMMT-00004,KG,Rupiah,2026-12-31,PLS202512310001,3567,364,1,"{""type"":""ALL"",""branches"":[]}","{""ID"":1073,""unit"":""KG"",""price"":33000,""uomID"":364,""priceDate"":""2025-12-31"",""productID"":1435,""currencyID"":1,""expireDate"":""2026-12-31"",""supplierID"":5,""productCode"":""RMMT-00004"",""productName"":""TELUR"",""currencyName"":""Rupiah"",""pricelistNum"":""PLS202512310001"",""supplierName"":""Calf Warehouse"",""productDetailID"":3567,""applicableBranch"":{""type"":""ALL"",""branches"":[]}}",2026-08-21 18:25:34.864397+00,2026-08-28 06:30:26.485137+00
613,1,1072,1174,ALL,60.00,true,2025-12-31,Calf Warehouse,AYAM PAHA FILLET,RMMT-00003,GR,Rupiah,2026-07-12,PLS202512310001,2921,351,1,"{""type"":""ALL"",""branches"":[]}","{""ID"":1072,""unit"":""GR"",""price"":60,""uomID"":351,""priceDate"":""2025-12-31"",""productID"":1174,""currencyID"":1,""expireDate"":""2026-07-12"",""supplierID"":5,""productCode"":""RMMT-00003"",""productName"":""AYAM PAHA FILLET"",""currencyName"":""Rupiah"",""pricelistNum"":""PLS202512310001"",""supplierName"":""Calf Warehouse"",""productDetailID"":2921,""applicableBranch"":{""type"":""ALL"",""branches"":[]}}",2026-08-21 18:25:34.864397+00,2026-08-28 06:30:26.485137+00
614,1,1071,1174,ALL,60000.00,true,2025-12-31,Calf Warehouse,AYAM PAHA FILLET,RMMT-00003,KG,Rupiah,2026-07-12,PLS202512310001,2922,364,1,"{""type"":""ALL"",""branches"":[]}","{""ID"":1071,""unit"":""KG"",""price"":60000,""uomID"":364,""priceDate"":""2025-12-31"",""productID"":1174,""currencyID"":1,""expireDate"":""2026-07-12"",""supplierID"":5,""productCode"":""RMMT-00003"",""productName"":""AYAM PAHA FILLET"",""currencyName"":""Rupiah"",""pricelistNum"":""PLS202512310001"",""supplierName"":""Calf Warehouse"",""productDetailID"":2922,""applicableBranch"":{""type"":""ALL"",""branches"":[]}}",2026-08-21 18:25:34.864397+00,2026-08-28 06:30:26.485137+00
615,1,1070,1267,ALL,140.00,true,2025-12-31,Calf Warehouse,GROUND BEEF,RMMT-00002,GR,Rupiah,2026-12-31,PLS202512310001,3154,351,1,"{""type"":""ALL"",""branches"":[]}","{""ID"":1070,""unit"":""GR"",""price"":140,""uomID"":351,""priceDate"":""2025-12-31"",""productID"":1267,""currencyID"":1,""expireDate"":""2026-12-31"",""supplierID"":5,""productCode"":""RMMT-00002"",""productName"":""GROUND BEEF"",""currencyName"":""Rupiah"",""pricelistNum"":""PLS202512310001"",""supplierName"":""Calf Warehouse"",""productDetailID"":3154,""applicableBranch"":{""type"":""ALL"",""branches"":[]}}",2026-08-21 18:25:34.864397+00,2026-08-28 06:30:26.485137+00
616,1,1069,1267,ALL,140000.00,true,2025-12-31,Calf Warehouse,GROUND BEEF,RMMT-00002,KG,Rupiah,2026-12-31,PLS202512310001,3155,364,1,"{""type"":""ALL"",""branches"":[]}","{""ID"":1069,""unit"":""KG"",""price"":140000,""uomID"":364,""priceDate"":""2025-12-31"",""productID"":1267,""currencyID"":1,""expireDate"":""2026-12-31"",""supplierID"":5,""productCode"":""RMMT-00002"",""productName"":""GROUND BEEF"",""currencyName"":""Rupiah"",""pricelistNum"":""PLS202512310001"",""supplierName"":""Calf Warehouse"",""productDetailID"":3155,""applicableBranch"":{""type"":""ALL"",""branches"":[]}}",2026-08-21 18:25:34.864397+00,2026-08-28 06:30:26.485137+00
617,1,1068,1183,ALL,138.00,true,2025-12-31,Calf Warehouse,BEEF SHORTPLATE,RMMT-00001,GR,Rupiah,2026-12-31,PLS202512310001,2944,351,1,"{""type"":""ALL"",""branches"":[]}","{""ID"":1068,""unit"":""GR"",""price"":138,""uomID"":351,""priceDate"":""2025-12-31"",""productID"":1183,""currencyID"":1,""expireDate"":""2026-12-31"",""supplierID"":5,""productCode"":""RMMT-00001"",""productName"":""BEEF SHORTPLATE"",""currencyName"":""Rupiah"",""pricelistNum"":""PLS202512310001"",""supplierName"":""Calf Warehouse"",""productDetailID"":2944,""applicableBranch"":{""type"":""ALL"",""branches"":[]}}",2026-08-21 18:25:34.864397+00,2026-08-28 06:30:26.485137+00
618,1,833,1344,ALL,77505.75,true,2025-12-31,Calf Warehouse,POWDER LYCHEE TEA 1000GR,RMPD-00008,PACK@1000GR,Rupiah,2026-12-31,PLS202512310001,3340,370,1,"{""type"":""ALL"",""branches"":[]}","{""ID"":833,""unit"":""PACK@1000GR"",""price"":77505.75,""uomID"":370,""priceDate"":""2025-12-31"",""productID"":1344,""currencyID"":1,""expireDate"":""2026-12-31"",""supplierID"":5,""productCode"":""RMPD-00008"",""productName"":""POWDER LYCHEE TEA 1000GR"",""currencyName"":""Rupiah"",""pricelistNum"":""PLS202512310001"",""supplierName"":""Calf Warehouse"",""productDetailID"":3340,""applicableBranch"":{""type"":""ALL"",""branches"":[]}}",2026-08-21 18:25:34.864397+00,2026-08-28 06:30:26.485137+00
619,1,831,1343,ALL,69.93,true,2025-12-31,Calf Warehouse,POWDER LEMON TEA 1000GR,RMPD-00007,GR,Rupiah,2026-12-31,PLS202512310001,3336,351,1,"{""type"":""ALL"",""branches"":[]}","{""ID"":831,""unit"":""GR"",""price"":69.93,""uomID"":351,""priceDate"":""2025-12-31"",""productID"":1343,""currencyID"":1,""expireDate"":""2026-12-31"",""supplierID"":5,""productCode"":""RMPD-00007"",""productName"":""POWDER LEMON TEA 1000GR"",""currencyName"":""Rupiah"",""pricelistNum"":""PLS202512310001"",""supplierName"":""Calf Warehouse"",""productDetailID"":3336,""applicableBranch"":{""type"":""ALL"",""branches"":[]}}",2026-08-21 18:25:34.864397+00,2026-08-28 06:30:26.485137+00
620,1,830,1343,ALL,69930.00,true,2025-12-31,Calf Warehouse,POWDER LEMON TEA 1000GR,RMPD-00007,PACK@1000GR,Rupiah,2026-12-31,PLS202512310001,3337,370,1,"{""type"":""ALL"",""branches"":[]}","{""ID"":830,""unit"":""PACK@1000GR"",""price"":69930,""uomID"":370,""priceDate"":""2025-12-31"",""productID"":1343,""currencyID"":1,""expireDate"":""2026-12-31"",""supplierID"":5,""productCode"":""RMPD-00007"",""productName"":""POWDER LEMON TEA 1000GR"",""currencyName"":""Rupiah"",""pricelistNum"":""PLS202512310001"",""supplierName"":""Calf Warehouse"",""productDetailID"":3337,""applicableBranch"":{""type"":""ALL"",""branches"":[]}}",2026-08-21 18:25:34.864397+00,2026-08-28 06:30:26.485137+00
621,1,829,1343,ALL,839160.00,true,2025-12-31,Calf Warehouse,POWDER LEMON TEA 1000GR,RMPD-00007,CTN@12PACK,Rupiah,2026-12-31,PLS202512310001,3338,318,1,"{""type"":""ALL"",""branches"":[]}","{""ID"":829,""unit"":""CTN@12PACK"",""price"":839160,""uomID"":318,""priceDate"":""2025-12-31"",""productID"":1343,""currencyID"":1,""expireDate"":""2026-12-31"",""supplierID"":5,""productCode"":""RMPD-00007"",""productName"":""POWDER LEMON TEA 1000GR"",""currencyName"":""Rupiah"",""pricelistNum"":""PLS202512310001"",""supplierName"":""Calf Warehouse"",""productDetailID"":3338,""applicableBranch"":{""type"":""ALL"",""branches"":[]}}",2026-08-21 18:25:34.864397+00,2026-08-28 06:30:26.485137+00
622,1,828,1342,ALL,71.86,true,2025-12-31,Calf Warehouse,POWDER LA KREIVA CRUMBLE 2500GR,RMPD-00006,GR,Rupiah,2026-12-31,PLS202512310001,3333,351,1,"{""type"":""ALL"",""branches"":[]}","{""ID"":828,""unit"":""GR"",""price"":71.86,""uomID"":351,""priceDate"":""2025-12-31"",""productID"":1342,""currencyID"":1,""expireDate"":""2026-12-31"",""supplierID"":5,""productCode"":""RMPD-00006"",""productName"":""POWDER LA KREIVA CRUMBLE 2500GR"",""currencyName"":""Rupiah"",""pricelistNum"":""PLS202512310001"",""supplierName"":""Calf Warehouse"",""productDetailID"":3333,""applicableBranch"":{""type"":""ALL"",""branches"":[]}}",2026-08-21 18:25:34.864397+00,2026-08-28 06:30:26.485137+00
623,1,827,1342,ALL,179642.30,true,2025-12-31,Calf Warehouse,POWDER LA KREIVA CRUMBLE 2500GR,RMPD-00006,PACK@2500GR,Rupiah,2026-12-31,PLS202512310001,3334,381,1,"{""type"":""ALL"",""branches"":[]}","{""ID"":827,""unit"":""PACK@2500GR"",""price"":179642.3,""uomID"":381,""priceDate"":""2025-12-31"",""productID"":1342,""currencyID"":1,""expireDate"":""2026-12-31"",""supplierID"":5,""productCode"":""RMPD-00006"",""productName"":""POWDER LA KREIVA CRUMBLE 2500GR"",""currencyName"":""Rupiah"",""pricelistNum"":""PLS202512310001"",""supplierName"":""Calf Warehouse"",""productDetailID"":3334,""applicableBranch"":{""type"":""ALL"",""branches"":[]}}",2026-08-21 18:25:34.864397+00,2026-08-28 06:30:26.485137+00
624,1,826,1342,ALL,718569.20,true,2025-12-31,Calf Warehouse,POWDER LA KREIVA CRUMBLE 2500GR,RMPD-00006,CTN@4PACK,Rupiah,2026-12-31,PLS202512310001,3335,339,1,"{""type"":""ALL"",""branches"":[]}","{""ID"":826,""unit"":""CTN@4PACK"",""price"":718569.2,""uomID"":339,""priceDate"":""2025-12-31"",""productID"":1342,""currencyID"":1,""expireDate"":""2026-12-31"",""supplierID"":5,""productCode"":""RMPD-00006"",""productName"":""POWDER LA KREIVA CRUMBLE 2500GR"",""currencyName"":""Rupiah"",""pricelistNum"":""PLS202512310001"",""supplierName"":""Calf Warehouse"",""productDetailID"":3335,""applicableBranch"":{""type"":""ALL"",""branches"":[]}}",2026-08-21 18:25:34.864397+00,2026-08-28 06:30:26.485137+00
625,1,825,1341,ALL,151.96,true,2025-12-31,Calf Warehouse,POWDER KERRY CHEESE 1000GR,RMKC-00018,GR,Rupiah,2026-12-31,PLS202512310001,3331,351,1,"{""type"":""ALL"",""branches"":[]}","{""ID"":825,""unit"":""GR"",""price"":151.96,""uomID"":351,""priceDate"":""2025-12-31"",""productID"":1341,""currencyID"":1,""expireDate"":""2026-12-31"",""supplierID"":5,""productCode"":""RMKC-00018"",""productName"":""POWDER KERRY CHEESE 1000GR"",""currencyName"":""Rupiah"",""pricelistNum"":""PLS202512310001"",""supplierName"":""Calf Warehouse"",""productDetailID"":3331,""applicableBranch"":{""type"":""ALL"",""branches"":[]}}",2026-08-21 18:25:34.864397+00,2026-08-28 06:30:26.485137+00
626,1,824,1341,ALL,151960.00,true,2025-12-31,Calf Warehouse,POWDER KERRY CHEESE 1000GR,RMKC-00018,PACK@1000GR,Rupiah,2026-12-31,PLS202512310001,3332,370,1,"{""type"":""ALL"",""branches"":[]}","{""ID"":824,""unit"":""PACK@1000GR"",""price"":151960,""uomID"":370,""priceDate"":""2025-12-31"",""productID"":1341,""currencyID"":1,""expireDate"":""2026-12-31"",""supplierID"":5,""productCode"":""RMKC-00018"",""productName"":""POWDER KERRY CHEESE 1000GR"",""currencyName"":""Rupiah"",""pricelistNum"":""PLS202512310001"",""supplierName"":""Calf Warehouse"",""productDetailID"":3332,""applicableBranch"":{""type"":""ALL"",""branches"":[]}}",2026-08-21 18:25:34.864397+00,2026-08-28 06:30:26.485137+00
627,1,823,1340,ALL,148.14,true,2025-12-31,Calf Warehouse,POWDER GENOVA MACCHIATO 1000GR,RMPD-00005,GR,Rupiah,2026-12-31,PLS202512310001,3328,351,1,"{""type"":""ALL"",""branches"":[]}","{""ID"":823,""unit"":""GR"",""price"":148.14,""uomID"":351,""priceDate"":""2025-12-31"",""productID"":1340,""currencyID"":1,""expireDate"":""2026-12-31"",""supplierID"":5,""productCode"":""RMPD-00005"",""productName"":""POWDER GENOVA MACCHIATO 1000GR"",""currencyName"":""Rupiah"",""pricelistNum"":""PLS202512310001"",""supplierName"":""Calf Warehouse"",""productDetailID"":3328,""applicableBranch"":{""type"":""ALL"",""branches"":[]}}",2026-08-21 18:25:34.864397+00,2026-08-28 06:30:26.485137+00
628,1,822,1340,ALL,148139.25,true,2025-12-31,Calf Warehouse,POWDER GENOVA MACCHIATO 1000GR,RMPD-00005,PACK@1000GR,Rupiah,2026-12-31,PLS202512310001,3329,370,1,"{""type"":""ALL"",""branches"":[]}","{""ID"":822,""unit"":""PACK@1000GR"",""price"":148139.25,""uomID"":370,""priceDate"":""2025-12-31"",""productID"":1340,""currencyID"":1,""expireDate"":""2026-12-31"",""supplierID"":5,""productCode"":""RMPD-00005"",""productName"":""POWDER GENOVA MACCHIATO 1000GR"",""currencyName"":""Rupiah"",""pricelistNum"":""PLS202512310001"",""supplierName"":""Calf Warehouse"",""productDetailID"":3329,""applicableBranch"":{""type"":""ALL"",""branches"":[]}}",2026-08-21 18:25:34.864397+00,2026-08-28 06:30:26.485137+00
629,1,821,1340,ALL,2222088.75,true,2025-12-31,Calf Warehouse,POWDER GENOVA MACCHIATO 1000GR,RMPD-00005,CTN@15PACK,Rupiah,2026-12-31,PLS202512310001,3330,322,1,"{""type"":""ALL"",""branches"":[]}","{""ID"":821,""unit"":""CTN@15PACK"",""price"":2222088.75,""uomID"":322,""priceDate"":""2025-12-31"",""productID"":1340,""currencyID"":1,""expireDate"":""2026-12-31"",""supplierID"":5,""productCode"":""RMPD-00005"",""productName"":""POWDER GENOVA MACCHIATO 1000GR"",""currencyName"":""Rupiah"",""pricelistNum"":""PLS202512310001"",""supplierName"":""Calf Warehouse"",""productDetailID"":3330,""applicableBranch"":{""type"":""ALL"",""branches"":[]}}",2026-08-21 18:25:34.864397+00,2026-08-28 06:30:26.485137+00
630,1,820,1339,ALL,225.40,true,2025-12-31,Calf Warehouse,POWDER GELATIN 1000GR,RMKC-00017,GR,Rupiah,2026-12-31,PLS202512310001,3326,351,1,"{""type"":""ALL"",""branches"":[]}","{""ID"":820,""unit"":""GR"",""price"":225.4,""uomID"":351,""priceDate"":""2025-12-31"",""productID"":1339,""currencyID"":1,""expireDate"":""2026-12-31"",""supplierID"":5,""productCode"":""RMKC-00017"",""productName"":""POWDER GELATIN 1000GR"",""currencyName"":""Rupiah"",""pricelistNum"":""PLS202512310001"",""supplierName"":""Calf Warehouse"",""productDetailID"":3326,""applicableBranch"":{""type"":""ALL"",""branches"":[]}}",2026-08-21 18:25:34.864397+00,2026-08-28 06:30:26.485137+00
631,1,819,1339,ALL,225400.00,true,2025-12-31,Calf Warehouse,POWDER GELATIN 1000GR,RMKC-00017,PACK@1000GR,Rupiah,2026-12-31,PLS202512310001,3327,370,1,"{""type"":""ALL"",""branches"":[]}","{""ID"":819,""unit"":""PACK@1000GR"",""price"":225400,""uomID"":370,""priceDate"":""2025-12-31"",""productID"":1339,""currencyID"":1,""expireDate"":""2026-12-31"",""supplierID"":5,""productCode"":""RMKC-00017"",""productName"":""POWDER GELATIN 1000GR"",""currencyName"":""Rupiah"",""pricelistNum"":""PLS202512310001"",""supplierName"":""Calf Warehouse"",""productDetailID"":3327,""applicableBranch"":{""type"":""ALL"",""branches"":[]}}",2026-08-21 18:25:34.864397+00,2026-08-28 06:30:26.485137+00
632,1,818,1338,ALL,153.20,true,2025-12-31,Calf Warehouse,POWDER FRAPPE DENALI 800GR,RMPD-00004,GR,Rupiah,2026-12-31,PLS202512310001,3323,351,1,"{""type"":""ALL"",""branches"":[]}","{""ID"":818,""unit"":""GR"",""price"":153.2,""uomID"":351,""priceDate"":""2025-12-31"",""productID"":1338,""currencyID"":1,""expireDate"":""2026-12-31"",""supplierID"":5,""productCode"":""RMPD-00004"",""productName"":""POWDER FRAPPE DENALI 800GR"",""currencyName"":""Rupiah"",""pricelistNum"":""PLS202512310001"",""supplierName"":""Calf Warehouse"",""productDetailID"":3323,""applicableBranch"":{""type"":""ALL"",""branches"":[]}}",2026-08-21 18:25:34.864397+00,2026-08-28 06:30:26.485137+00
633,1,817,1338,ALL,122561.25,true,2025-12-31,Calf Warehouse,POWDER FRAPPE DENALI 800GR,RMPD-00004,PACK@800GR,Rupiah,2026-12-31,PLS202512310001,3324,395,1,"{""type"":""ALL"",""branches"":[]}","{""ID"":817,""unit"":""PACK@800GR"",""price"":122561.25,""uomID"":395,""priceDate"":""2025-12-31"",""productID"":1338,""currencyID"":1,""expireDate"":""2026-12-31"",""supplierID"":5,""productCode"":""RMPD-00004"",""productName"":""POWDER FRAPPE DENALI 800GR"",""currencyName"":""Rupiah"",""pricelistNum"":""PLS202512310001"",""supplierName"":""Calf Warehouse"",""productDetailID"":3324,""applicableBranch"":{""type"":""ALL"",""branches"":[]}}",2026-08-21 18:25:34.864397+00,2026-08-28 06:30:26.485137+00
634,1,816,1338,ALL,980490.00,true,2025-12-31,Calf Warehouse,POWDER FRAPPE DENALI 800GR,RMPD-00004,CTN@8PACK,Rupiah,2026-12-31,PLS202512310001,3325,348,1,"{""type"":""ALL"",""branches"":[]}","{""ID"":816,""unit"":""CTN@8PACK"",""price"":980490,""uomID"":348,""priceDate"":""2025-12-31"",""productID"":1338,""currencyID"":1,""expireDate"":""2026-12-31"",""supplierID"":5,""productCode"":""RMPD-00004"",""productName"":""POWDER FRAPPE DENALI 800GR"",""currencyName"":""Rupiah"",""pricelistNum"":""PLS202512310001"",""supplierName"":""Calf Warehouse"",""productDetailID"":3325,""applicableBranch"":{""type"":""ALL"",""branches"":[]}}",2026-08-21 18:25:34.864397+00,2026-08-28 06:30:26.485137+00
635,1,815,1337,ALL,319.74,true,2025-12-31,Calf Warehouse,POWDER DRIPP MATCHA 760GR,RMPD-00013,GR,Rupiah,2026-02-28,PLS202512310001,3320,351,1,"{""type"":""ALL"",""branches"":[]}","{""ID"":815,""unit"":""GR"",""price"":319.74,""uomID"":351,""priceDate"":""2025-12-31"",""productID"":1337,""currencyID"":1,""expireDate"":""2026-02-28"",""supplierID"":5,""productCode"":""RMPD-00013"",""productName"":""POWDER DRIPP MATCHA 760GR"",""currencyName"":""Rupiah"",""pricelistNum"":""PLS202512310001"",""supplierName"":""Calf Warehouse"",""productDetailID"":3320,""applicableBranch"":{""type"":""ALL"",""branches"":[]}}",2026-08-21 18:25:34.864397+00,2026-08-28 06:30:26.485137+00
636,1,814,1337,ALL,243000.00,true,2025-12-31,Calf Warehouse,POWDER DRIPP MATCHA 760GR,RMPD-00013,PACK@760GR,Rupiah,2026-02-28,PLS202512310001,3321,394,1,"{""type"":""ALL"",""branches"":[]}","{""ID"":814,""unit"":""PACK@760GR"",""price"":243000,""uomID"":394,""priceDate"":""2025-12-31"",""productID"":1337,""currencyID"":1,""expireDate"":""2026-02-28"",""supplierID"":5,""productCode"":""RMPD-00013"",""productName"":""POWDER DRIPP MATCHA 760GR"",""currencyName"":""Rupiah"",""pricelistNum"":""PLS202512310001"",""supplierName"":""Calf Warehouse"",""productDetailID"":3321,""applicableBranch"":{""type"":""ALL"",""branches"":[]}}",2026-08-21 18:25:34.864397+00,2026-08-28 06:30:26.485137+00
637,1,813,1337,ALL,1458000.00,true,2025-12-31,Calf Warehouse,POWDER DRIPP MATCHA 760GR,RMPD-00013,CTN@6PACK,Rupiah,2026-02-28,PLS202512310001,3322,344,1,"{""type"":""ALL"",""branches"":[]}","{""ID"":813,""unit"":""CTN@6PACK"",""price"":1458000,""uomID"":344,""priceDate"":""2025-12-31"",""productID"":1337,""currencyID"":1,""expireDate"":""2026-02-28"",""supplierID"":5,""productCode"":""RMPD-00013"",""productName"":""POWDER DRIPP MATCHA 760GR"",""currencyName"":""Rupiah"",""pricelistNum"":""PLS202512310001"",""supplierName"":""Calf Warehouse"",""productDetailID"":3322,""applicableBranch"":{""type"":""ALL"",""branches"":[]}}",2026-08-21 18:25:34.864397+00,2026-08-28 06:30:26.485137+00
638,1,1080,1178,ALL,54.00,true,2025-12-31,Calf Warehouse,BAWANG PUTIH KUPAS,RMVG-00002,GR,Rupiah,2026-12-31,PLS202512310001,2930,351,1,"{""type"":""ALL"",""branches"":[]}","{""ID"":1080,""unit"":""GR"",""price"":54,""uomID"":351,""priceDate"":""2025-12-31"",""productID"":1178,""currencyID"":1,""expireDate"":""2026-12-31"",""supplierID"":5,""productCode"":""RMVG-00002"",""productName"":""BAWANG PUTIH KUPAS"",""currencyName"":""Rupiah"",""pricelistNum"":""PLS202512310001"",""supplierName"":""Calf Warehouse"",""productDetailID"":2930,""applicableBranch"":{""type"":""ALL"",""branches"":[]}}",2026-08-21 18:25:34.864397+00,2026-08-28 06:30:26.485137+00
639,1,1079,1178,ALL,54000.00,true,2025-12-31,Calf Warehouse,BAWANG PUTIH KUPAS,RMVG-00002,KG,Rupiah,2026-12-31,PLS202512310001,2931,364,1,"{""type"":""ALL"",""branches"":[]}","{""ID"":1079,""unit"":""KG"",""price"":54000,""uomID"":364,""priceDate"":""2025-12-31"",""productID"":1178,""currencyID"":1,""expireDate"":""2026-12-31"",""supplierID"":5,""productCode"":""RMVG-00002"",""productName"":""BAWANG PUTIH KUPAS"",""currencyName"":""Rupiah"",""pricelistNum"":""PLS202512310001"",""supplierName"":""Calf Warehouse"",""productDetailID"":2931,""applicableBranch"":{""type"":""ALL"",""branches"":[]}}",2026-08-21 18:25:34.864397+00,2026-08-28 06:30:26.485137+00
640,1,1078,1177,ALL,90.00,true,2025-12-31,Calf Warehouse,BAWANG MERAH KUPAS,RMVG-00001,GR,Rupiah,2026-12-31,PLS202512310001,2928,351,1,"{""type"":""ALL"",""branches"":[]}","{""ID"":1078,""unit"":""GR"",""price"":90,""uomID"":351,""priceDate"":""2025-12-31"",""productID"":1177,""currencyID"":1,""expireDate"":""2026-12-31"",""supplierID"":5,""productCode"":""RMVG-00001"",""productName"":""BAWANG MERAH KUPAS"",""currencyName"":""Rupiah"",""pricelistNum"":""PLS202512310001"",""supplierName"":""Calf Warehouse"",""productDetailID"":2928,""applicableBranch"":{""type"":""ALL"",""branches"":[]}}",2026-08-21 18:25:34.864397+00,2026-08-28 06:30:26.485137+00
641,1,899,1377,ALL,54.40,true,2025-12-31,Calf Warehouse,SAUS TIRAM PANDA 510 GR,RMKC-00027,GR,Rupiah,2026-12-31,PLS202512310001,3421,351,1,"{""type"":""ALL"",""branches"":[]}","{""ID"":899,""unit"":""GR"",""price"":54.4,""uomID"":351,""priceDate"":""2025-12-31"",""productID"":1377,""currencyID"":1,""expireDate"":""2026-12-31"",""supplierID"":5,""productCode"":""RMKC-00027"",""productName"":""SAUS TIRAM PANDA 510 GR"",""currencyName"":""Rupiah"",""pricelistNum"":""PLS202512310001"",""supplierName"":""Calf Warehouse"",""productDetailID"":3421,""applicableBranch"":{""type"":""ALL"",""branches"":[]}}",2026-08-21 18:25:34.864397+00,2026-08-28 06:30:26.485137+00
642,1,898,1377,ALL,27744.00,true,2025-12-31,Calf Warehouse,SAUS TIRAM PANDA 510 GR,RMKC-00027,PCS@510GR,Rupiah,2026-12-31,PLS202512310001,3422,414,1,"{""type"":""ALL"",""branches"":[]}","{""ID"":898,""unit"":""PCS@510GR"",""price"":27744,""uomID"":414,""priceDate"":""2025-12-31"",""productID"":1377,""currencyID"":1,""expireDate"":""2026-12-31"",""supplierID"":5,""productCode"":""RMKC-00027"",""productName"":""SAUS TIRAM PANDA 510 GR"",""currencyName"":""Rupiah"",""pricelistNum"":""PLS202512310001"",""supplierName"":""Calf Warehouse"",""productDetailID"":3422,""applicableBranch"":{""type"":""ALL"",""branches"":[]}}",2026-08-21 18:25:34.864397+00,2026-08-28 06:30:26.485137+00
643,1,897,1377,ALL,332928.00,true,2025-12-31,Calf Warehouse,SAUS TIRAM PANDA 510 GR,RMKC-00027,CTN@12PCS,Rupiah,2026-12-31,PLS202512310001,3423,319,1,"{""type"":""ALL"",""branches"":[]}","{""ID"":897,""unit"":""CTN@12PCS"",""price"":332928,""uomID"":319,""priceDate"":""2025-12-31"",""productID"":1377,""currencyID"":1,""expireDate"":""2026-12-31"",""supplierID"":5,""productCode"":""RMKC-00027"",""productName"":""SAUS TIRAM PANDA 510 GR"",""currencyName"":""Rupiah"",""pricelistNum"":""PLS202512310001"",""supplierName"":""Calf Warehouse"",""productDetailID"":3423,""applicableBranch"":{""type"":""ALL"",""branches"":[]}}",2026-08-21 18:25:34.864397+00,2026-08-28 06:30:26.485137+00
644,1,896,1376,ALL,54.40,true,2025-12-31,Calf Warehouse,SAUS TIRAM PANDA 2200GR,RMKC-00026,GR,Rupiah,2026-12-31,PLS202512310001,3418,351,1,"{""type"":""ALL"",""branches"":[]}","{""ID"":896,""unit"":""GR"",""price"":54.4,""uomID"":351,""priceDate"":""2025-12-31"",""productID"":1376,""currencyID"":1,""expireDate"":""2026-12-31"",""supplierID"":5,""productCode"":""RMKC-00026"",""productName"":""SAUS TIRAM PANDA 2200GR"",""currencyName"":""Rupiah"",""pricelistNum"":""PLS202512310001"",""supplierName"":""Calf Warehouse"",""productDetailID"":3418,""applicableBranch"":{""type"":""ALL"",""branches"":[]}}",2026-08-21 18:25:34.864397+00,2026-08-28 06:30:26.485137+00
645,1,895,1376,ALL,119674.00,true,2025-12-31,Calf Warehouse,SAUS TIRAM PANDA 2200GR,RMKC-00026,PCS@2200GR,Rupiah,2026-12-31,PLS202512310001,3419,408,1,"{""type"":""ALL"",""branches"":[]}","{""ID"":895,""unit"":""PCS@2200GR"",""price"":119674,""uomID"":408,""priceDate"":""2025-12-31"",""productID"":1376,""currencyID"":1,""expireDate"":""2026-12-31"",""supplierID"":5,""productCode"":""RMKC-00026"",""productName"":""SAUS TIRAM PANDA 2200GR"",""currencyName"":""Rupiah"",""pricelistNum"":""PLS202512310001"",""supplierName"":""Calf Warehouse"",""productDetailID"":3419,""applicableBranch"":{""type"":""ALL"",""branches"":[]}}",2026-08-21 18:25:34.864397+00,2026-08-28 06:30:26.485137+00
646,1,894,1376,ALL,718044.00,true,2025-12-31,Calf Warehouse,SAUS TIRAM PANDA 2200GR,RMKC-00026,CTN@6PCS,Rupiah,2026-12-31,PLS202512310001,3420,345,1,"{""type"":""ALL"",""branches"":[]}","{""ID"":894,""unit"":""CTN@6PCS"",""price"":718044,""uomID"":345,""priceDate"":""2025-12-31"",""productID"":1376,""currencyID"":1,""expireDate"":""2026-12-31"",""supplierID"":5,""productCode"":""RMKC-00026"",""productName"":""SAUS TIRAM PANDA 2200GR"",""currencyName"":""Rupiah"",""pricelistNum"":""PLS202512310001"",""supplierName"":""Calf Warehouse"",""productDetailID"":3420,""applicableBranch"":{""type"":""ALL"",""branches"":[]}}",2026-08-21 18:25:34.864397+00,2026-08-28 06:30:26.485137+00
647,1,893,1374,ALL,46.31,true,2025-12-31,Calf Warehouse,SAUS SAMBAL ABC 1000GR,RMKC-00024,GR,Rupiah,2026-12-31,PLS202512310001,3412,351,1,"{""type"":""ALL"",""branches"":[]}","{""ID"":893,""unit"":""GR"",""price"":46.31,""uomID"":351,""priceDate"":""2025-12-31"",""productID"":1374,""currencyID"":1,""expireDate"":""2026-12-31"",""supplierID"":5,""productCode"":""RMKC-00024"",""productName"":""SAUS SAMBAL ABC 1000GR"",""currencyName"":""Rupiah"",""pricelistNum"":""PLS202512310001"",""supplierName"":""Calf Warehouse"",""productDetailID"":3412,""applicableBranch"":{""type"":""ALL"",""branches"":[]}}",2026-08-21 18:25:34.864397+00,2026-08-28 06:30:26.485137+00
648,1,892,1374,ALL,46305.00,true,2025-12-31,Calf Warehouse,SAUS SAMBAL ABC 1000GR,RMKC-00024,PCS@1000GR,Rupiah,2026-12-31,PLS202512310001,3413,403,1,"{""type"":""ALL"",""branches"":[]}","{""ID"":892,""unit"":""PCS@1000GR"",""price"":46305,""uomID"":403,""priceDate"":""2025-12-31"",""productID"":1374,""currencyID"":1,""expireDate"":""2026-12-31"",""supplierID"":5,""productCode"":""RMKC-00024"",""productName"":""SAUS SAMBAL ABC 1000GR"",""currencyName"":""Rupiah"",""pricelistNum"":""PLS202512310001"",""supplierName"":""Calf Warehouse"",""productDetailID"":3413,""applicableBranch"":{""type"":""ALL"",""branches"":[]}}",2026-08-21 18:25:34.864397+00,2026-08-28 06:30:26.485137+00
649,1,891,1374,ALL,277830.00,true,2025-12-31,Calf Warehouse,SAUS SAMBAL ABC 1000GR,RMKC-00024,CTN@6PCS,Rupiah,2026-12-31,PLS202512310001,3414,345,1,"{""type"":""ALL"",""branches"":[]}","{""ID"":891,""unit"":""CTN@6PCS"",""price"":277830,""uomID"":345,""priceDate"":""2025-12-31"",""productID"":1374,""currencyID"":1,""expireDate"":""2026-12-31"",""supplierID"":5,""productCode"":""RMKC-00024"",""productName"":""SAUS SAMBAL ABC 1000GR"",""currencyName"":""Rupiah"",""pricelistNum"":""PLS202512310001"",""supplierName"":""Calf Warehouse"",""productDetailID"":3414,""applicableBranch"":{""type"":""ALL"",""branches"":[]}}",2026-08-21 18:25:34.864397+00,2026-08-28 06:30:26.485137+00
650,1,890,1373,ALL,84.17,true,2025-12-31,Calf Warehouse,SAUCE VOYA CARAMEL 750ML,RMSC-00006,GR,Rupiah,2026-12-31,PLS202512310001,3409,351,1,"{""type"":""ALL"",""branches"":[]}","{""ID"":890,""unit"":""GR"",""price"":84.17,""uomID"":351,""priceDate"":""2025-12-31"",""productID"":1373,""currencyID"":1,""expireDate"":""2026-12-31"",""supplierID"":5,""productCode"":""RMSC-00006"",""productName"":""SAUCE VOYA CARAMEL 750ML"",""currencyName"":""Rupiah"",""pricelistNum"":""PLS202512310001"",""supplierName"":""Calf Warehouse"",""productDetailID"":3409,""applicableBranch"":{""type"":""ALL"",""branches"":[]}}",2026-08-21 18:25:34.864397+00,2026-08-28 06:30:26.485137+00
651,1,889,1373,ALL,80800.00,true,2025-12-31,Calf Warehouse,SAUCE VOYA CARAMEL 750ML,RMSC-00006,BTL@960GR,Rupiah,2026-12-31,PLS202512310001,3410,311,1,"{""type"":""ALL"",""branches"":[]}","{""ID"":889,""unit"":""BTL@960GR"",""price"":80800,""uomID"":311,""priceDate"":""2025-12-31"",""productID"":1373,""currencyID"":1,""expireDate"":""2026-12-31"",""supplierID"":5,""productCode"":""RMSC-00006"",""productName"":""SAUCE VOYA CARAMEL 750ML"",""currencyName"":""Rupiah"",""pricelistNum"":""PLS202512310001"",""supplierName"":""Calf Warehouse"",""productDetailID"":3410,""applicableBranch"":{""type"":""ALL"",""branches"":[]}}",2026-08-21 18:25:34.864397+00,2026-08-28 06:30:26.485137+00
652,1,888,1373,ALL,484800.00,true,2025-12-31,Calf Warehouse,SAUCE VOYA CARAMEL 750ML,RMSC-00006,CTN@6BTL,Rupiah,2026-12-31,PLS202512310001,3411,342,1,"{""type"":""ALL"",""branches"":[]}","{""ID"":888,""unit"":""CTN@6BTL"",""price"":484800,""uomID"":342,""priceDate"":""2025-12-31"",""productID"":1373,""currencyID"":1,""expireDate"":""2026-12-31"",""supplierID"":5,""productCode"":""RMSC-00006"",""productName"":""SAUCE VOYA CARAMEL 750ML"",""currencyName"":""Rupiah"",""pricelistNum"":""PLS202512310001"",""supplierName"":""Calf Warehouse"",""productDetailID"":3411,""applicableBranch"":{""type"":""ALL"",""branches"":[]}}",2026-08-21 18:25:34.864397+00,2026-08-28 06:30:26.485137+00
653,1,887,1372,ALL,84.17,true,2025-12-31,Calf Warehouse,SAUCE VOYA BUTTERSCOTCH 750ML,RMSC-00005,GR,Rupiah,2026-12-31,PLS202512310001,3406,351,1,"{""type"":""ALL"",""branches"":[]}","{""ID"":887,""unit"":""GR"",""price"":84.17,""uomID"":351,""priceDate"":""2025-12-31"",""productID"":1372,""currencyID"":1,""expireDate"":""2026-12-31"",""supplierID"":5,""productCode"":""RMSC-00005"",""productName"":""SAUCE VOYA BUTTERSCOTCH 750ML"",""currencyName"":""Rupiah"",""pricelistNum"":""PLS202512310001"",""supplierName"":""Calf Warehouse"",""productDetailID"":3406,""applicableBranch"":{""type"":""ALL"",""branches"":[]}}",2026-08-21 18:25:34.864397+00,2026-08-28 06:30:26.485137+00
654,1,886,1372,ALL,80800.00,true,2025-12-31,Calf Warehouse,SAUCE VOYA BUTTERSCOTCH 750ML,RMSC-00005,BTL@960GR,Rupiah,2026-12-31,PLS202512310001,3407,311,1,"{""type"":""ALL"",""branches"":[]}","{""ID"":886,""unit"":""BTL@960GR"",""price"":80800,""uomID"":311,""priceDate"":""2025-12-31"",""productID"":1372,""currencyID"":1,""expireDate"":""2026-12-31"",""supplierID"":5,""productCode"":""RMSC-00005"",""productName"":""SAUCE VOYA BUTTERSCOTCH 750ML"",""currencyName"":""Rupiah"",""pricelistNum"":""PLS202512310001"",""supplierName"":""Calf Warehouse"",""productDetailID"":3407,""applicableBranch"":{""type"":""ALL"",""branches"":[]}}",2026-08-21 18:25:34.864397+00,2026-08-28 06:30:26.485137+00
655,1,885,1372,ALL,484800.00,true,2025-12-31,Calf Warehouse,SAUCE VOYA BUTTERSCOTCH 750ML,RMSC-00005,CTN@6BTL,Rupiah,2026-12-31,PLS202512310001,3408,342,1,"{""type"":""ALL"",""branches"":[]}","{""ID"":885,""unit"":""CTN@6BTL"",""price"":484800,""uomID"":342,""priceDate"":""2025-12-31"",""productID"":1372,""currencyID"":1,""expireDate"":""2026-12-31"",""supplierID"":5,""productCode"":""RMSC-00005"",""productName"":""SAUCE VOYA BUTTERSCOTCH 750ML"",""currencyName"":""Rupiah"",""pricelistNum"":""PLS202512310001"",""supplierName"":""Calf Warehouse"",""productDetailID"":3408,""applicableBranch"":{""type"":""ALL"",""branches"":[]}}",2026-08-21 18:25:34.864397+00,2026-08-28 06:30:26.485137+00
656,1,884,1371,ALL,209.48,true,2025-12-31,Calf Warehouse,SAUCE TOMAT 1000GR,RMKC-00034,GR,Rupiah,2026-12-31,PLS202512310001,3404,351,1,"{""type"":""ALL"",""branches"":[]}","{""ID"":884,""unit"":""GR"",""price"":209.48,""uomID"":351,""priceDate"":""2025-12-31"",""productID"":1371,""currencyID"":1,""expireDate"":""2026-12-31"",""supplierID"":5,""productCode"":""RMKC-00034"",""productName"":""SAUCE TOMAT 1000GR"",""currencyName"":""Rupiah"",""pricelistNum"":""PLS202512310001"",""supplierName"":""Calf Warehouse"",""productDetailID"":3404,""applicableBranch"":{""type"":""ALL"",""branches"":[]}}",2026-08-21 18:25:34.864397+00,2026-08-28 06:30:26.485137+00
657,1,883,1371,ALL,209475.50,true,2025-12-31,Calf Warehouse,SAUCE TOMAT 1000GR,RMKC-00034,KG,Rupiah,2026-12-31,PLS202512310001,3405,364,1,"{""type"":""ALL"",""branches"":[]}","{""ID"":883,""unit"":""KG"",""price"":209475.5,""uomID"":364,""priceDate"":""2025-12-31"",""productID"":1371,""currencyID"":1,""expireDate"":""2026-12-31"",""supplierID"":5,""productCode"":""RMKC-00034"",""productName"":""SAUCE TOMAT 1000GR"",""currencyName"":""Rupiah"",""pricelistNum"":""PLS202512310001"",""supplierName"":""Calf Warehouse"",""productDetailID"":3405,""applicableBranch"":{""type"":""ALL"",""branches"":[]}}",2026-08-21 18:25:34.864397+00,2026-08-28 06:30:26.485137+00
658,1,882,1370,ALL,74.97,true,2025-12-31,Calf Warehouse,SAUCE MENTAI 1000GR,RMKC-00023,GR,Rupiah,2026-12-31,PLS202512310001,3401,351,1,"{""type"":""ALL"",""branches"":[]}","{""ID"":882,""unit"":""GR"",""price"":74.97,""uomID"":351,""priceDate"":""2025-12-31"",""productID"":1370,""currencyID"":1,""expireDate"":""2026-12-31"",""supplierID"":5,""productCode"":""RMKC-00023"",""productName"":""SAUCE MENTAI 1000GR"",""currencyName"":""Rupiah"",""pricelistNum"":""PLS202512310001"",""supplierName"":""Calf Warehouse"",""productDetailID"":3401,""applicableBranch"":{""type"":""ALL"",""branches"":[]}}",2026-08-21 18:25:34.864397+00,2026-08-28 06:30:26.485137+00
659,1,881,1370,ALL,74970.00,true,2025-12-31,Calf Warehouse,SAUCE MENTAI 1000GR,RMKC-00023,PCS@1000GR,Rupiah,2026-12-31,PLS202512310001,3402,403,1,"{""type"":""ALL"",""branches"":[]}","{""ID"":881,""unit"":""PCS@1000GR"",""price"":74970,""uomID"":403,""priceDate"":""2025-12-31"",""productID"":1370,""currencyID"":1,""expireDate"":""2026-12-31"",""supplierID"":5,""productCode"":""RMKC-00023"",""productName"":""SAUCE MENTAI 1000GR"",""currencyName"":""Rupiah"",""pricelistNum"":""PLS202512310001"",""supplierName"":""Calf Warehouse"",""productDetailID"":3402,""applicableBranch"":{""type"":""ALL"",""branches"":[]}}",2026-08-21 18:25:34.864397+00,2026-08-28 06:30:26.485137+00
660,1,880,1370,ALL,899640.00,true,2025-12-31,Calf Warehouse,SAUCE MENTAI 1000GR,RMKC-00023,CTN@12PCS,Rupiah,2026-12-31,PLS202512310001,3403,319,1,"{""type"":""ALL"",""branches"":[]}","{""ID"":880,""unit"":""CTN@12PCS"",""price"":899640,""uomID"":319,""priceDate"":""2025-12-31"",""productID"":1370,""currencyID"":1,""expireDate"":""2026-12-31"",""supplierID"":5,""productCode"":""RMKC-00023"",""productName"":""SAUCE MENTAI 1000GR"",""currencyName"":""Rupiah"",""pricelistNum"":""PLS202512310001"",""supplierName"":""Calf Warehouse"",""productDetailID"":3403,""applicableBranch"":{""type"":""ALL"",""branches"":[]}}",2026-08-21 18:25:34.864397+00,2026-08-28 06:30:26.485137+00
661,1,879,1368,ALL,200.97,true,2025-12-31,Calf Warehouse,SAUCE GULANAS HONEY PINEAPPLE 700GR,RMSC-00004,GR,Rupiah,2026-12-31,PLS202512310001,3395,351,1,"{""type"":""ALL"",""branches"":[]}","{""ID"":879,""unit"":""GR"",""price"":200.97,""uomID"":351,""priceDate"":""2025-12-31"",""productID"":1368,""currencyID"":1,""expireDate"":""2026-12-31"",""supplierID"":5,""productCode"":""RMSC-00004"",""productName"":""SAUCE GULANAS HONEY PINEAPPLE 700GR"",""currencyName"":""Rupiah"",""pricelistNum"":""PLS202512310001"",""supplierName"":""Calf Warehouse"",""productDetailID"":3395,""applicableBranch"":{""type"":""ALL"",""branches"":[]}}",2026-08-21 18:25:34.864397+00,2026-08-28 06:30:26.485137+00
662,1,878,1368,ALL,140679.00,true,2025-12-31,Calf Warehouse,SAUCE GULANAS HONEY PINEAPPLE 700GR,RMSC-00004,PCS@700GR,Rupiah,2026-12-31,PLS202512310001,3396,416,1,"{""type"":""ALL"",""branches"":[]}","{""ID"":878,""unit"":""PCS@700GR"",""price"":140679,""uomID"":416,""priceDate"":""2025-12-31"",""productID"":1368,""currencyID"":1,""expireDate"":""2026-12-31"",""supplierID"":5,""productCode"":""RMSC-00004"",""productName"":""SAUCE GULANAS HONEY PINEAPPLE 700GR"",""currencyName"":""Rupiah"",""pricelistNum"":""PLS202512310001"",""supplierName"":""Calf Warehouse"",""productDetailID"":3396,""applicableBranch"":{""type"":""ALL"",""branches"":[]}}",2026-08-21 18:25:34.864397+00,2026-08-28 06:30:26.485137+00
663,1,877,1368,ALL,844074.00,true,2025-12-31,Calf Warehouse,SAUCE GULANAS HONEY PINEAPPLE 700GR,RMSC-00004,CTN@6PCS,Rupiah,2026-12-31,PLS202512310001,3397,345,1,"{""type"":""ALL"",""branches"":[]}","{""ID"":877,""unit"":""CTN@6PCS"",""price"":844074,""uomID"":345,""priceDate"":""2025-12-31"",""productID"":1368,""currencyID"":1,""expireDate"":""2026-12-31"",""supplierID"":5,""productCode"":""RMSC-00004"",""productName"":""SAUCE GULANAS HONEY PINEAPPLE 700GR"",""currencyName"":""Rupiah"",""pricelistNum"":""PLS202512310001"",""supplierName"":""Calf Warehouse"",""productDetailID"":3397,""applicableBranch"":{""type"":""ALL"",""branches"":[]}}",2026-08-21 18:25:34.864397+00,2026-08-28 06:30:26.485137+00
664,1,876,1367,ALL,200.97,true,2025-12-31,Calf Warehouse,SAUCE GULANAS HONEY LEMON 700GR,RMSC-00003,GR,Rupiah,2026-12-31,PLS202512310001,3392,351,1,"{""type"":""ALL"",""branches"":[]}","{""ID"":876,""unit"":""GR"",""price"":200.97,""uomID"":351,""priceDate"":""2025-12-31"",""productID"":1367,""currencyID"":1,""expireDate"":""2026-12-31"",""supplierID"":5,""productCode"":""RMSC-00003"",""productName"":""SAUCE GULANAS HONEY LEMON 700GR"",""currencyName"":""Rupiah"",""pricelistNum"":""PLS202512310001"",""supplierName"":""Calf Warehouse"",""productDetailID"":3392,""applicableBranch"":{""type"":""ALL"",""branches"":[]}}",2026-08-21 18:25:34.864397+00,2026-08-28 06:30:26.485137+00
665,1,664,1230,ALL,1900.00,true,2025-12-31,Calf Warehouse,DIMSUM,RMFR-00003,PCS,Rupiah,2026-12-31,PLS202512310001,3060,402,1,"{""type"":""ALL"",""branches"":[]}","{""ID"":664,""unit"":""PCS"",""price"":1900,""uomID"":402,""priceDate"":""2025-12-31"",""productID"":1230,""currencyID"":1,""expireDate"":""2026-12-31"",""supplierID"":5,""productCode"":""RMFR-00003"",""productName"":""DIMSUM"",""currencyName"":""Rupiah"",""pricelistNum"":""PLS202512310001"",""supplierName"":""Calf Warehouse"",""productDetailID"":3060,""applicableBranch"":{""type"":""ALL"",""branches"":[]}}",2026-08-21 18:25:34.864397+00,2026-08-28 06:30:26.485137+00
666,1,875,1367,ALL,140679.00,true,2025-12-31,Calf Warehouse,SAUCE GULANAS HONEY LEMON 700GR,RMSC-00003,JAR@700GR,Rupiah,2026-12-31,PLS202512310001,3393,354,1,"{""type"":""ALL"",""branches"":[]}","{""ID"":875,""unit"":""JAR@700GR"",""price"":140679,""uomID"":354,""priceDate"":""2025-12-31"",""productID"":1367,""currencyID"":1,""expireDate"":""2026-12-31"",""supplierID"":5,""productCode"":""RMSC-00003"",""productName"":""SAUCE GULANAS HONEY LEMON 700GR"",""currencyName"":""Rupiah"",""pricelistNum"":""PLS202512310001"",""supplierName"":""Calf Warehouse"",""productDetailID"":3393,""applicableBranch"":{""type"":""ALL"",""branches"":[]}}",2026-08-21 18:25:34.864397+00,2026-08-28 06:30:26.485137+00
667,1,874,1367,ALL,844074.00,true,2025-12-31,Calf Warehouse,SAUCE GULANAS HONEY LEMON 700GR,RMSC-00003,CTN@6JAR,Rupiah,2026-12-31,PLS202512310001,3394,343,1,"{""type"":""ALL"",""branches"":[]}","{""ID"":874,""unit"":""CTN@6JAR"",""price"":844074,""uomID"":343,""priceDate"":""2025-12-31"",""productID"":1367,""currencyID"":1,""expireDate"":""2026-12-31"",""supplierID"":5,""productCode"":""RMSC-00003"",""productName"":""SAUCE GULANAS HONEY LEMON 700GR"",""currencyName"":""Rupiah"",""pricelistNum"":""PLS202512310001"",""supplierName"":""Calf Warehouse"",""productDetailID"":3394,""applicableBranch"":{""type"":""ALL"",""branches"":[]}}",2026-08-21 18:25:34.864397+00,2026-08-28 06:30:26.485137+00
668,1,873,1366,ALL,112.62,true,2025-12-31,Calf Warehouse,SAUCE DAVINCI CARAMEL 2000ML,RMSC-00002,GR,Rupiah,2026-12-31,PLS202512310001,3389,351,1,"{""type"":""ALL"",""branches"":[]}","{""ID"":873,""unit"":""GR"",""price"":112.62,""uomID"":351,""priceDate"":""2025-12-31"",""productID"":1366,""currencyID"":1,""expireDate"":""2026-12-31"",""supplierID"":5,""productCode"":""RMSC-00002"",""productName"":""SAUCE DAVINCI CARAMEL 2000ML"",""currencyName"":""Rupiah"",""pricelistNum"":""PLS202512310001"",""supplierName"":""Calf Warehouse"",""productDetailID"":3389,""applicableBranch"":{""type"":""ALL"",""branches"":[]}}",2026-08-21 18:25:34.864397+00,2026-08-28 06:30:26.485137+00
669,1,872,1366,ALL,279300.00,true,2025-12-31,Calf Warehouse,SAUCE DAVINCI CARAMEL 2000ML,RMSC-00002,BTL@2480GR,Rupiah,2026-12-31,PLS202512310001,3390,304,1,"{""type"":""ALL"",""branches"":[]}","{""ID"":872,""unit"":""BTL@2480GR"",""price"":279300,""uomID"":304,""priceDate"":""2025-12-31"",""productID"":1366,""currencyID"":1,""expireDate"":""2026-12-31"",""supplierID"":5,""productCode"":""RMSC-00002"",""productName"":""SAUCE DAVINCI CARAMEL 2000ML"",""currencyName"":""Rupiah"",""pricelistNum"":""PLS202512310001"",""supplierName"":""Calf Warehouse"",""productDetailID"":3390,""applicableBranch"":{""type"":""ALL"",""branches"":[]}}",2026-08-21 18:25:34.864397+00,2026-08-28 06:30:26.485137+00
670,1,871,1366,ALL,837900.00,true,2025-12-31,Calf Warehouse,SAUCE DAVINCI CARAMEL 2000ML,RMSC-00002,CTN@3BTL,Rupiah,2026-12-31,PLS202512310001,3391,335,1,"{""type"":""ALL"",""branches"":[]}","{""ID"":871,""unit"":""CTN@3BTL"",""price"":837900,""uomID"":335,""priceDate"":""2025-12-31"",""productID"":1366,""currencyID"":1,""expireDate"":""2026-12-31"",""supplierID"":5,""productCode"":""RMSC-00002"",""productName"":""SAUCE DAVINCI CARAMEL 2000ML"",""currencyName"":""Rupiah"",""pricelistNum"":""PLS202512310001"",""supplierName"":""Calf Warehouse"",""productDetailID"":3391,""applicableBranch"":{""type"":""ALL"",""branches"":[]}}",2026-08-21 18:25:34.864397+00,2026-08-28 06:30:26.485137+00
671,1,870,1365,ALL,112.62,true,2025-12-31,Calf Warehouse,SAUCE DAVINCI BUTTERSCOTCH 2000ML,RMSC-00001,GR,Rupiah,2026-12-31,PLS202512310001,3386,351,1,"{""type"":""ALL"",""branches"":[]}","{""ID"":870,""unit"":""GR"",""price"":112.62,""uomID"":351,""priceDate"":""2025-12-31"",""productID"":1365,""currencyID"":1,""expireDate"":""2026-12-31"",""supplierID"":5,""productCode"":""RMSC-00001"",""productName"":""SAUCE DAVINCI BUTTERSCOTCH 2000ML"",""currencyName"":""Rupiah"",""pricelistNum"":""PLS202512310001"",""supplierName"":""Calf Warehouse"",""productDetailID"":3386,""applicableBranch"":{""type"":""ALL"",""branches"":[]}}",2026-08-21 18:25:34.864397+00,2026-08-28 06:30:26.485137+00
672,1,869,1365,ALL,279300.00,true,2025-12-31,Calf Warehouse,SAUCE DAVINCI BUTTERSCOTCH 2000ML,RMSC-00001,BTL@2480GR,Rupiah,2026-12-31,PLS202512310001,3387,304,1,"{""type"":""ALL"",""branches"":[]}","{""ID"":869,""unit"":""BTL@2480GR"",""price"":279300,""uomID"":304,""priceDate"":""2025-12-31"",""productID"":1365,""currencyID"":1,""expireDate"":""2026-12-31"",""supplierID"":5,""productCode"":""RMSC-00001"",""productName"":""SAUCE DAVINCI BUTTERSCOTCH 2000ML"",""currencyName"":""Rupiah"",""pricelistNum"":""PLS202512310001"",""supplierName"":""Calf Warehouse"",""productDetailID"":3387,""applicableBranch"":{""type"":""ALL"",""branches"":[]}}",2026-08-21 18:25:34.864397+00,2026-08-28 06:30:26.485137+00
673,1,868,1365,ALL,837900.00,true,2025-12-31,Calf Warehouse,SAUCE DAVINCI BUTTERSCOTCH 2000ML,RMSC-00001,CTN@3BTL,Rupiah,2026-12-31,PLS202512310001,3388,335,1,"{""type"":""ALL"",""branches"":[]}","{""ID"":868,""unit"":""CTN@3BTL"",""price"":837900,""uomID"":335,""priceDate"":""2025-12-31"",""productID"":1365,""currencyID"":1,""expireDate"":""2026-12-31"",""supplierID"":5,""productCode"":""RMSC-00001"",""productName"":""SAUCE DAVINCI BUTTERSCOTCH 2000ML"",""currencyName"":""Rupiah"",""pricelistNum"":""PLS202512310001"",""supplierName"":""Calf Warehouse"",""productDetailID"":3388,""applicableBranch"":{""type"":""ALL"",""branches"":[]}}",2026-08-21 18:25:34.864397+00,2026-08-28 06:30:26.485137+00
674,1,867,1363,ALL,55.13,true,2025-12-31,Calf Warehouse,SASA MSG 1000GR,RMKC-00022,GR,Rupiah,2026-12-31,PLS202512310001,3381,351,1,"{""type"":""ALL"",""branches"":[]}","{""ID"":867,""unit"":""GR"",""price"":55.13,""uomID"":351,""priceDate"":""2025-12-31"",""productID"":1363,""currencyID"":1,""expireDate"":""2026-12-31"",""supplierID"":5,""productCode"":""RMKC-00022"",""productName"":""SASA MSG 1000GR"",""currencyName"":""Rupiah"",""pricelistNum"":""PLS202512310001"",""supplierName"":""Calf Warehouse"",""productDetailID"":3381,""applicableBranch"":{""type"":""ALL"",""branches"":[]}}",2026-08-21 18:25:34.864397+00,2026-08-28 06:30:26.485137+00
675,1,866,1363,ALL,55125.00,true,2025-12-31,Calf Warehouse,SASA MSG 1000GR,RMKC-00022,PCS@1000GR,Rupiah,2026-12-31,PLS202512310001,3382,403,1,"{""type"":""ALL"",""branches"":[]}","{""ID"":866,""unit"":""PCS@1000GR"",""price"":55125,""uomID"":403,""priceDate"":""2025-12-31"",""productID"":1363,""currencyID"":1,""expireDate"":""2026-12-31"",""supplierID"":5,""productCode"":""RMKC-00022"",""productName"":""SASA MSG 1000GR"",""currencyName"":""Rupiah"",""pricelistNum"":""PLS202512310001"",""supplierName"":""Calf Warehouse"",""productDetailID"":3382,""applicableBranch"":{""type"":""ALL"",""branches"":[]}}",2026-08-21 18:25:34.864397+00,2026-08-28 06:30:26.485137+00
676,1,865,1363,ALL,661500.00,true,2025-12-31,Calf Warehouse,SASA MSG 1000GR,RMKC-00022,CTN@12PCS,Rupiah,2026-12-31,PLS202512310001,3383,319,1,"{""type"":""ALL"",""branches"":[]}","{""ID"":865,""unit"":""CTN@12PCS"",""price"":661500,""uomID"":319,""priceDate"":""2025-12-31"",""productID"":1363,""currencyID"":1,""expireDate"":""2026-12-31"",""supplierID"":5,""productCode"":""RMKC-00022"",""productName"":""SASA MSG 1000GR"",""currencyName"":""Rupiah"",""pricelistNum"":""PLS202512310001"",""supplierName"":""Calf Warehouse"",""productDetailID"":3383,""applicableBranch"":{""type"":""ALL"",""branches"":[]}}",2026-08-21 18:25:34.864397+00,2026-08-28 06:30:26.485137+00
677,1,864,1362,ALL,145000.00,true,2025-12-31,Calf Warehouse,SARINGAN COLD BREW,KSUT-00018,PCS,Rupiah,2026-12-31,PLS202512310001,3380,402,1,"{""type"":""ALL"",""branches"":[]}","{""ID"":864,""unit"":""PCS"",""price"":145000,""uomID"":402,""priceDate"":""2025-12-31"",""productID"":1362,""currencyID"":1,""expireDate"":""2026-12-31"",""supplierID"":5,""productCode"":""KSUT-00018"",""productName"":""SARINGAN COLD BREW"",""currencyName"":""Rupiah"",""pricelistNum"":""PLS202512310001"",""supplierName"":""Calf Warehouse"",""productDetailID"":3380,""applicableBranch"":{""type"":""ALL"",""branches"":[]}}",2026-08-21 18:25:34.864397+00,2026-08-28 06:30:26.485137+00
678,1,863,1361,ALL,81.11,true,2025-12-31,Calf Warehouse,SARI MINANG BUBUK KARI KAMBING 250GR,RMKC-00021,GR,Rupiah,2026-12-31,PLS202512310001,3378,351,1,"{""type"":""ALL"",""branches"":[]}","{""ID"":863,""unit"":""GR"",""price"":81.11,""uomID"":351,""priceDate"":""2025-12-31"",""productID"":1361,""currencyID"":1,""expireDate"":""2026-12-31"",""supplierID"":5,""productCode"":""RMKC-00021"",""productName"":""SARI MINANG BUBUK KARI KAMBING 250GR"",""currencyName"":""Rupiah"",""pricelistNum"":""PLS202512310001"",""supplierName"":""Calf Warehouse"",""productDetailID"":3378,""applicableBranch"":{""type"":""ALL"",""branches"":[]}}",2026-08-21 18:25:34.864397+00,2026-08-28 06:30:26.485137+00
679,1,862,1361,ALL,20278.11,true,2025-12-31,Calf Warehouse,SARI MINANG BUBUK KARI KAMBING 250GR,RMKC-00021,PCS@250GR,Rupiah,2026-12-31,PLS202512310001,3379,409,1,"{""type"":""ALL"",""branches"":[]}","{""ID"":862,""unit"":""PCS@250GR"",""price"":20278.11,""uomID"":409,""priceDate"":""2025-12-31"",""productID"":1361,""currencyID"":1,""expireDate"":""2026-12-31"",""supplierID"":5,""productCode"":""RMKC-00021"",""productName"":""SARI MINANG BUBUK KARI KAMBING 250GR"",""currencyName"":""Rupiah"",""pricelistNum"":""PLS202512310001"",""supplierName"":""Calf Warehouse"",""productDetailID"":3379,""applicableBranch"":{""type"":""ALL"",""branches"":[]}}",2026-08-21 18:25:34.864397+00,2026-08-28 06:30:26.485137+00
680,1,861,1356,ALL,4200.00,true,2025-12-31,Calf Warehouse,ROTI TAWAR 2 CM,RMFR-00019,PCS,Rupiah,2026-12-31,PLS202512310001,3371,402,1,"{""type"":""ALL"",""branches"":[]}","{""ID"":861,""unit"":""PCS"",""price"":4200,""uomID"":402,""priceDate"":""2025-12-31"",""productID"":1356,""currencyID"":1,""expireDate"":""2026-12-31"",""supplierID"":5,""productCode"":""RMFR-00019"",""productName"":""ROTI TAWAR 2 CM"",""currencyName"":""Rupiah"",""pricelistNum"":""PLS202512310001"",""supplierName"":""Calf Warehouse"",""productDetailID"":3371,""applicableBranch"":{""type"":""ALL"",""branches"":[]}}",2026-08-21 18:25:34.864397+00,2026-08-28 06:30:26.485137+00
681,1,860,1356,ALL,21000.00,true,2025-12-31,Calf Warehouse,ROTI TAWAR 2 CM,RMFR-00019,PACK@5PCS,Rupiah,2026-12-31,PLS202512310001,3372,391,1,"{""type"":""ALL"",""branches"":[]}","{""ID"":860,""unit"":""PACK@5PCS"",""price"":21000,""uomID"":391,""priceDate"":""2025-12-31"",""productID"":1356,""currencyID"":1,""expireDate"":""2026-12-31"",""supplierID"":5,""productCode"":""RMFR-00019"",""productName"":""ROTI TAWAR 2 CM"",""currencyName"":""Rupiah"",""pricelistNum"":""PLS202512310001"",""supplierName"":""Calf Warehouse"",""productDetailID"":3372,""applicableBranch"":{""type"":""ALL"",""branches"":[]}}",2026-08-21 18:25:34.864397+00,2026-08-28 06:30:26.485137+00
682,1,859,1356,ALL,42000.00,true,2025-12-31,Calf Warehouse,ROTI TAWAR 2 CM,RMFR-00019,PACK@10PCS,Rupiah,2026-12-31,PLS202512310001,3373,372,1,"{""type"":""ALL"",""branches"":[]}","{""ID"":859,""unit"":""PACK@10PCS"",""price"":42000,""uomID"":372,""priceDate"":""2025-12-31"",""productID"":1356,""currencyID"":1,""expireDate"":""2026-12-31"",""supplierID"":5,""productCode"":""RMFR-00019"",""productName"":""ROTI TAWAR 2 CM"",""currencyName"":""Rupiah"",""pricelistNum"":""PLS202512310001"",""supplierName"":""Calf Warehouse"",""productDetailID"":3373,""applicableBranch"":{""type"":""ALL"",""branches"":[]}}",2026-08-21 18:25:34.864397+00,2026-08-28 06:30:26.485137+00
683,1,858,1355,ALL,3098.00,true,2025-12-31,Calf Warehouse,ROTI PANDAN,RMFR-00018,PCS,Rupiah,2026-12-31,PLS202512310001,3369,402,1,"{""type"":""ALL"",""branches"":[]}","{""ID"":858,""unit"":""PCS"",""price"":3098,""uomID"":402,""priceDate"":""2025-12-31"",""productID"":1355,""currencyID"":1,""expireDate"":""2026-12-31"",""supplierID"":5,""productCode"":""RMFR-00018"",""productName"":""ROTI PANDAN"",""currencyName"":""Rupiah"",""pricelistNum"":""PLS202512310001"",""supplierName"":""Calf Warehouse"",""productDetailID"":3369,""applicableBranch"":{""type"":""ALL"",""branches"":[]}}",2026-08-21 18:25:34.864397+00,2026-08-28 06:30:26.485137+00
684,1,857,1355,ALL,18588.00,true,2025-12-31,Calf Warehouse,ROTI PANDAN,RMFR-00018,PACK@6PCS,Rupiah,2026-12-31,PLS202512310001,3370,393,1,"{""type"":""ALL"",""branches"":[]}","{""ID"":857,""unit"":""PACK@6PCS"",""price"":18588,""uomID"":393,""priceDate"":""2025-12-31"",""productID"":1355,""currencyID"":1,""expireDate"":""2026-12-31"",""supplierID"":5,""productCode"":""RMFR-00018"",""productName"":""ROTI PANDAN"",""currencyName"":""Rupiah"",""pricelistNum"":""PLS202512310001"",""supplierName"":""Calf Warehouse"",""productDetailID"":3370,""applicableBranch"":{""type"":""ALL"",""branches"":[]}}",2026-08-21 18:25:34.864397+00,2026-08-28 06:30:26.485137+00
685,1,856,1354,ALL,63.95,true,2025-12-31,Calf Warehouse,RICH GOLD LABEL 907ML,RMFR-00017,GR,Rupiah,2026-12-31,PLS202512310001,3366,351,1,"{""type"":""ALL"",""branches"":[]}","{""ID"":856,""unit"":""GR"",""price"":63.95,""uomID"":351,""priceDate"":""2025-12-31"",""productID"":1354,""currencyID"":1,""expireDate"":""2026-12-31"",""supplierID"":5,""productCode"":""RMFR-00017"",""productName"":""RICH GOLD LABEL 907ML"",""currencyName"":""Rupiah"",""pricelistNum"":""PLS202512310001"",""supplierName"":""Calf Warehouse"",""productDetailID"":3366,""applicableBranch"":{""type"":""ALL"",""branches"":[]}}",2026-08-21 18:25:34.864397+00,2026-08-28 06:30:26.485137+00
686,1,855,1354,ALL,63945.00,true,2025-12-31,Calf Warehouse,RICH GOLD LABEL 907ML,RMFR-00017,PCS@1000GR,Rupiah,2026-12-31,PLS202512310001,3367,403,1,"{""type"":""ALL"",""branches"":[]}","{""ID"":855,""unit"":""PCS@1000GR"",""price"":63945,""uomID"":403,""priceDate"":""2025-12-31"",""productID"":1354,""currencyID"":1,""expireDate"":""2026-12-31"",""supplierID"":5,""productCode"":""RMFR-00017"",""productName"":""RICH GOLD LABEL 907ML"",""currencyName"":""Rupiah"",""pricelistNum"":""PLS202512310001"",""supplierName"":""Calf Warehouse"",""productDetailID"":3367,""applicableBranch"":{""type"":""ALL"",""branches"":[]}}",2026-08-21 18:25:34.864397+00,2026-08-28 06:30:26.485137+00
687,1,854,1354,ALL,767340.00,true,2025-12-31,Calf Warehouse,RICH GOLD LABEL 907ML,RMFR-00017,CTN@12PCS,Rupiah,2026-12-31,PLS202512310001,3368,319,1,"{""type"":""ALL"",""branches"":[]}","{""ID"":854,""unit"":""CTN@12PCS"",""price"":767340,""uomID"":319,""priceDate"":""2025-12-31"",""productID"":1354,""currencyID"":1,""expireDate"":""2026-12-31"",""supplierID"":5,""productCode"":""RMFR-00017"",""productName"":""RICH GOLD LABEL 907ML"",""currencyName"":""Rupiah"",""pricelistNum"":""PLS202512310001"",""supplierName"":""Calf Warehouse"",""productDetailID"":3368,""applicableBranch"":{""type"":""ALL"",""branches"":[]}}",2026-08-21 18:25:34.864397+00,2026-08-28 06:30:26.485137+00
688,1,853,1352,ALL,45.45,true,2025-12-31,Calf Warehouse,RAMOE SODA 330ML,RMBV-00018,GR,Rupiah,2026-12-31,PLS202512310001,3360,351,1,"{""type"":""ALL"",""branches"":[]}","{""ID"":853,""unit"":""GR"",""price"":45.45,""uomID"":351,""priceDate"":""2025-12-31"",""productID"":1352,""currencyID"":1,""expireDate"":""2026-12-31"",""supplierID"":5,""productCode"":""RMBV-00018"",""productName"":""RAMOE SODA 330ML"",""currencyName"":""Rupiah"",""pricelistNum"":""PLS202512310001"",""supplierName"":""Calf Warehouse"",""productDetailID"":3360,""applicableBranch"":{""type"":""ALL"",""branches"":[]}}",2026-08-21 18:25:34.864397+00,2026-08-28 06:30:26.485137+00
689,1,852,1352,ALL,15000.00,true,2025-12-31,Calf Warehouse,RAMOE SODA 330ML,RMBV-00018,BTL@300GR,Rupiah,2026-12-31,PLS202512310001,3361,306,1,"{""type"":""ALL"",""branches"":[]}","{""ID"":852,""unit"":""BTL@300GR"",""price"":15000,""uomID"":306,""priceDate"":""2025-12-31"",""productID"":1352,""currencyID"":1,""expireDate"":""2026-12-31"",""supplierID"":5,""productCode"":""RMBV-00018"",""productName"":""RAMOE SODA 330ML"",""currencyName"":""Rupiah"",""pricelistNum"":""PLS202512310001"",""supplierName"":""Calf Warehouse"",""productDetailID"":3361,""applicableBranch"":{""type"":""ALL"",""branches"":[]}}",2026-08-21 18:25:34.864397+00,2026-08-28 06:30:26.485137+00
690,1,851,1352,ALL,360000.00,true,2025-12-31,Calf Warehouse,RAMOE SODA 330ML,RMBV-00018,CTN@24BTL,Rupiah,2026-12-31,PLS202512310001,3362,330,1,"{""type"":""ALL"",""branches"":[]}","{""ID"":851,""unit"":""CTN@24BTL"",""price"":360000,""uomID"":330,""priceDate"":""2025-12-31"",""productID"":1352,""currencyID"":1,""expireDate"":""2026-12-31"",""supplierID"":5,""productCode"":""RMBV-00018"",""productName"":""RAMOE SODA 330ML"",""currencyName"":""Rupiah"",""pricelistNum"":""PLS202512310001"",""supplierName"":""Calf Warehouse"",""productDetailID"":3362,""applicableBranch"":{""type"":""ALL"",""branches"":[]}}",2026-08-21 18:25:34.864397+00,2026-08-28 06:30:26.485137+00
691,1,850,1350,ALL,164.34,true,2025-12-31,Calf Warehouse,POWDER TIRAMISU 1000GR,RMPD-00012,GR,Rupiah,2026-12-31,PLS202512310001,3355,351,1,"{""type"":""ALL"",""branches"":[]}","{""ID"":850,""unit"":""GR"",""price"":164.34,""uomID"":351,""priceDate"":""2025-12-31"",""productID"":1350,""currencyID"":1,""expireDate"":""2026-12-31"",""supplierID"":5,""productCode"":""RMPD-00012"",""productName"":""POWDER TIRAMISU 1000GR"",""currencyName"":""Rupiah"",""pricelistNum"":""PLS202512310001"",""supplierName"":""Calf Warehouse"",""productDetailID"":3355,""applicableBranch"":{""type"":""ALL"",""branches"":[]}}",2026-08-21 18:25:34.864397+00,2026-08-28 06:30:26.485137+00
692,1,849,1350,ALL,164335.50,true,2025-12-31,Calf Warehouse,POWDER TIRAMISU 1000GR,RMPD-00012,PACK@1000GR,Rupiah,2026-12-31,PLS202512310001,3356,370,1,"{""type"":""ALL"",""branches"":[]}","{""ID"":849,""unit"":""PACK@1000GR"",""price"":164335.5,""uomID"":370,""priceDate"":""2025-12-31"",""productID"":1350,""currencyID"":1,""expireDate"":""2026-12-31"",""supplierID"":5,""productCode"":""RMPD-00012"",""productName"":""POWDER TIRAMISU 1000GR"",""currencyName"":""Rupiah"",""pricelistNum"":""PLS202512310001"",""supplierName"":""Calf Warehouse"",""productDetailID"":3356,""applicableBranch"":{""type"":""ALL"",""branches"":[]}}",2026-08-21 18:25:34.864397+00,2026-08-28 06:30:26.485137+00
693,1,848,1350,ALL,1972026.00,true,2025-12-31,Calf Warehouse,POWDER TIRAMISU 1000GR,RMPD-00012,CTN@12PACK,Rupiah,2026-12-31,PLS202512310001,3357,318,1,"{""type"":""ALL"",""branches"":[]}","{""ID"":848,""unit"":""CTN@12PACK"",""price"":1972026,""uomID"":318,""priceDate"":""2025-12-31"",""productID"":1350,""currencyID"":1,""expireDate"":""2026-12-31"",""supplierID"":5,""productCode"":""RMPD-00012"",""productName"":""POWDER TIRAMISU 1000GR"",""currencyName"":""Rupiah"",""pricelistNum"":""PLS202512310001"",""supplierName"":""Calf Warehouse"",""productDetailID"":3357,""applicableBranch"":{""type"":""ALL"",""branches"":[]}}",2026-08-21 18:25:34.864397+00,2026-08-28 06:30:26.485137+00
694,1,847,1349,ALL,165.62,true,2025-12-31,Calf Warehouse,POWDER STIR UP TIRAMISU 1000GR,RMPD-00011,GR,Rupiah,2026-12-31,PLS202512310001,3352,351,1,"{""type"":""ALL"",""branches"":[]}","{""ID"":847,""unit"":""GR"",""price"":165.62,""uomID"":351,""priceDate"":""2025-12-31"",""productID"":1349,""currencyID"":1,""expireDate"":""2026-12-31"",""supplierID"":5,""productCode"":""RMPD-00011"",""productName"":""POWDER STIR UP TIRAMISU 1000GR"",""currencyName"":""Rupiah"",""pricelistNum"":""PLS202512310001"",""supplierName"":""Calf Warehouse"",""productDetailID"":3352,""applicableBranch"":{""type"":""ALL"",""branches"":[]}}",2026-08-21 18:25:34.864397+00,2026-08-28 06:30:26.485137+00
695,1,846,1349,ALL,165617.55,true,2025-12-31,Calf Warehouse,POWDER STIR UP TIRAMISU 1000GR,RMPD-00011,PACK@1000GR,Rupiah,2026-12-31,PLS202512310001,3353,370,1,"{""type"":""ALL"",""branches"":[]}","{""ID"":846,""unit"":""PACK@1000GR"",""price"":165617.55,""uomID"":370,""priceDate"":""2025-12-31"",""productID"":1349,""currencyID"":1,""expireDate"":""2026-12-31"",""supplierID"":5,""productCode"":""RMPD-00011"",""productName"":""POWDER STIR UP TIRAMISU 1000GR"",""currencyName"":""Rupiah"",""pricelistNum"":""PLS202512310001"",""supplierName"":""Calf Warehouse"",""productDetailID"":3353,""applicableBranch"":{""type"":""ALL"",""branches"":[]}}",2026-08-21 18:25:34.864397+00,2026-08-28 06:30:26.485137+00
696,1,845,1349,ALL,993705.30,true,2025-12-31,Calf Warehouse,POWDER STIR UP TIRAMISU 1000GR,RMPD-00011,CTN@6PACK,Rupiah,2026-12-31,PLS202512310001,3354,344,1,"{""type"":""ALL"",""branches"":[]}","{""ID"":845,""unit"":""CTN@6PACK"",""price"":993705.3,""uomID"":344,""priceDate"":""2025-12-31"",""productID"":1349,""currencyID"":1,""expireDate"":""2026-12-31"",""supplierID"":5,""productCode"":""RMPD-00011"",""productName"":""POWDER STIR UP TIRAMISU 1000GR"",""currencyName"":""Rupiah"",""pricelistNum"":""PLS202512310001"",""supplierName"":""Calf Warehouse"",""productDetailID"":3354,""applicableBranch"":{""type"":""ALL"",""branches"":[]}}",2026-08-21 18:25:34.864397+00,2026-08-28 06:30:26.485137+00
697,1,844,1348,ALL,80.56,true,2025-12-31,Calf Warehouse,POWDER ROASTED GARLIC 1000GR,RMKC-00020,GR,Rupiah,2026-12-31,PLS202512310001,3350,351,1,"{""type"":""ALL"",""branches"":[]}","{""ID"":844,""unit"":""GR"",""price"":80.56,""uomID"":351,""priceDate"":""2025-12-31"",""productID"":1348,""currencyID"":1,""expireDate"":""2026-12-31"",""supplierID"":5,""productCode"":""RMKC-00020"",""productName"":""POWDER ROASTED GARLIC 1000GR"",""currencyName"":""Rupiah"",""pricelistNum"":""PLS202512310001"",""supplierName"":""Calf Warehouse"",""productDetailID"":3350,""applicableBranch"":{""type"":""ALL"",""branches"":[]}}",2026-08-21 18:25:34.864397+00,2026-08-28 06:30:26.485137+00
698,1,843,1348,ALL,80560.00,true,2025-12-31,Calf Warehouse,POWDER ROASTED GARLIC 1000GR,RMKC-00020,PACK@1000GR,Rupiah,2026-12-31,PLS202512310001,3351,370,1,"{""type"":""ALL"",""branches"":[]}","{""ID"":843,""unit"":""PACK@1000GR"",""price"":80560,""uomID"":370,""priceDate"":""2025-12-31"",""productID"":1348,""currencyID"":1,""expireDate"":""2026-12-31"",""supplierID"":5,""productCode"":""RMKC-00020"",""productName"":""POWDER ROASTED GARLIC 1000GR"",""currencyName"":""Rupiah"",""pricelistNum"":""PLS202512310001"",""supplierName"":""Calf Warehouse"",""productDetailID"":3351,""applicableBranch"":{""type"":""ALL"",""branches"":[]}}",2026-08-21 18:25:34.864397+00,2026-08-28 06:30:26.485137+00
699,1,842,1347,ALL,75.16,true,2025-12-31,Calf Warehouse,POWDER PEACH TEA 1000GR,RMPD-00010,GR,Rupiah,2026-12-31,PLS202512310001,3347,351,1,"{""type"":""ALL"",""branches"":[]}","{""ID"":842,""unit"":""GR"",""price"":75.16,""uomID"":351,""priceDate"":""2025-12-31"",""productID"":1347,""currencyID"":1,""expireDate"":""2026-12-31"",""supplierID"":5,""productCode"":""RMPD-00010"",""productName"":""POWDER PEACH TEA 1000GR"",""currencyName"":""Rupiah"",""pricelistNum"":""PLS202512310001"",""supplierName"":""Calf Warehouse"",""productDetailID"":3347,""applicableBranch"":{""type"":""ALL"",""branches"":[]}}",2026-08-21 18:25:34.864397+00,2026-08-28 06:30:26.485137+00
700,1,841,1347,ALL,75160.00,true,2025-12-31,Calf Warehouse,POWDER PEACH TEA 1000GR,RMPD-00010,PACK@1000GR,Rupiah,2026-12-31,PLS202512310001,3348,370,1,"{""type"":""ALL"",""branches"":[]}","{""ID"":841,""unit"":""PACK@1000GR"",""price"":75160,""uomID"":370,""priceDate"":""2025-12-31"",""productID"":1347,""currencyID"":1,""expireDate"":""2026-12-31"",""supplierID"":5,""productCode"":""RMPD-00010"",""productName"":""POWDER PEACH TEA 1000GR"",""currencyName"":""Rupiah"",""pricelistNum"":""PLS202512310001"",""supplierName"":""Calf Warehouse"",""productDetailID"":3348,""applicableBranch"":{""type"":""ALL"",""branches"":[]}}",2026-08-21 18:25:34.864397+00,2026-08-28 06:30:26.485137+00
701,1,840,1347,ALL,901920.00,true,2025-12-31,Calf Warehouse,POWDER PEACH TEA 1000GR,RMPD-00010,CTN@12PACK,Rupiah,2026-12-31,PLS202512310001,3349,318,1,"{""type"":""ALL"",""branches"":[]}","{""ID"":840,""unit"":""CTN@12PACK"",""price"":901920,""uomID"":318,""priceDate"":""2025-12-31"",""productID"":1347,""currencyID"":1,""expireDate"":""2026-12-31"",""supplierID"":5,""productCode"":""RMPD-00010"",""productName"":""POWDER PEACH TEA 1000GR"",""currencyName"":""Rupiah"",""pricelistNum"":""PLS202512310001"",""supplierName"":""Calf Warehouse"",""productDetailID"":3349,""applicableBranch"":{""type"":""ALL"",""branches"":[]}}",2026-08-21 18:25:34.864397+00,2026-08-28 06:30:26.485137+00
702,1,839,1346,ALL,312.10,true,2025-12-31,Calf Warehouse,POWDER PARSLEY FLAKES 1000GR,RMKC-00019,GR,Rupiah,2026-12-31,PLS202512310001,3345,351,1,"{""type"":""ALL"",""branches"":[]}","{""ID"":839,""unit"":""GR"",""price"":312.1,""uomID"":351,""priceDate"":""2025-12-31"",""productID"":1346,""currencyID"":1,""expireDate"":""2026-12-31"",""supplierID"":5,""productCode"":""RMKC-00019"",""productName"":""POWDER PARSLEY FLAKES 1000GR"",""currencyName"":""Rupiah"",""pricelistNum"":""PLS202512310001"",""supplierName"":""Calf Warehouse"",""productDetailID"":3345,""applicableBranch"":{""type"":""ALL"",""branches"":[]}}",2026-08-21 18:25:34.864397+00,2026-08-28 06:30:26.485137+00
703,1,838,1346,ALL,312100.00,true,2025-12-31,Calf Warehouse,POWDER PARSLEY FLAKES 1000GR,RMKC-00019,PACK@1000GR,Rupiah,2026-12-31,PLS202512310001,3346,370,1,"{""type"":""ALL"",""branches"":[]}","{""ID"":838,""unit"":""PACK@1000GR"",""price"":312100,""uomID"":370,""priceDate"":""2025-12-31"",""productID"":1346,""currencyID"":1,""expireDate"":""2026-12-31"",""supplierID"":5,""productCode"":""RMKC-00019"",""productName"":""POWDER PARSLEY FLAKES 1000GR"",""currencyName"":""Rupiah"",""pricelistNum"":""PLS202512310001"",""supplierName"":""Calf Warehouse"",""productDetailID"":3346,""applicableBranch"":{""type"":""ALL"",""branches"":[]}}",2026-08-21 18:25:34.864397+00,2026-08-28 06:30:26.485137+00
704,1,837,1345,ALL,164.34,true,2025-12-31,Calf Warehouse,POWDER MASTERISTA MATCHA 1000GR,RMPD-00009,GR,Rupiah,2026-12-31,PLS202512310001,3342,351,1,"{""type"":""ALL"",""branches"":[]}","{""ID"":837,""unit"":""GR"",""price"":164.34,""uomID"":351,""priceDate"":""2025-12-31"",""productID"":1345,""currencyID"":1,""expireDate"":""2026-12-31"",""supplierID"":5,""productCode"":""RMPD-00009"",""productName"":""POWDER MASTERISTA MATCHA 1000GR"",""currencyName"":""Rupiah"",""pricelistNum"":""PLS202512310001"",""supplierName"":""Calf Warehouse"",""productDetailID"":3342,""applicableBranch"":{""type"":""ALL"",""branches"":[]}}",2026-08-21 18:25:34.864397+00,2026-08-28 06:30:26.485137+00
705,1,836,1345,ALL,164335.50,true,2025-12-31,Calf Warehouse,POWDER MASTERISTA MATCHA 1000GR,RMPD-00009,PACK@1000GR,Rupiah,2026-12-31,PLS202512310001,3343,370,1,"{""type"":""ALL"",""branches"":[]}","{""ID"":836,""unit"":""PACK@1000GR"",""price"":164335.5,""uomID"":370,""priceDate"":""2025-12-31"",""productID"":1345,""currencyID"":1,""expireDate"":""2026-12-31"",""supplierID"":5,""productCode"":""RMPD-00009"",""productName"":""POWDER MASTERISTA MATCHA 1000GR"",""currencyName"":""Rupiah"",""pricelistNum"":""PLS202512310001"",""supplierName"":""Calf Warehouse"",""productDetailID"":3343,""applicableBranch"":{""type"":""ALL"",""branches"":[]}}",2026-08-21 18:25:34.864397+00,2026-08-28 06:30:26.485137+00
706,1,835,1345,ALL,1972026.00,true,2025-12-31,Calf Warehouse,POWDER MASTERISTA MATCHA 1000GR,RMPD-00009,CTN@12PACK,Rupiah,2026-12-31,PLS202512310001,3344,318,1,"{""type"":""ALL"",""branches"":[]}","{""ID"":835,""unit"":""CTN@12PACK"",""price"":1972026,""uomID"":318,""priceDate"":""2025-12-31"",""productID"":1345,""currencyID"":1,""expireDate"":""2026-12-31"",""supplierID"":5,""productCode"":""RMPD-00009"",""productName"":""POWDER MASTERISTA MATCHA 1000GR"",""currencyName"":""Rupiah"",""pricelistNum"":""PLS202512310001"",""supplierName"":""Calf Warehouse"",""productDetailID"":3344,""applicableBranch"":{""type"":""ALL"",""branches"":[]}}",2026-08-21 18:25:34.864397+00,2026-08-28 06:30:26.485137+00
707,1,834,1344,ALL,77.51,true,2025-12-31,Calf Warehouse,POWDER LYCHEE TEA 1000GR,RMPD-00008,GR,Rupiah,2026-12-31,PLS202512310001,3339,351,1,"{""type"":""ALL"",""branches"":[]}","{""ID"":834,""unit"":""GR"",""price"":77.51,""uomID"":351,""priceDate"":""2025-12-31"",""productID"":1344,""currencyID"":1,""expireDate"":""2026-12-31"",""supplierID"":5,""productCode"":""RMPD-00008"",""productName"":""POWDER LYCHEE TEA 1000GR"",""currencyName"":""Rupiah"",""pricelistNum"":""PLS202512310001"",""supplierName"":""Calf Warehouse"",""productDetailID"":3339,""applicableBranch"":{""type"":""ALL"",""branches"":[]}}",2026-08-21 18:25:34.864397+00,2026-08-28 06:30:26.485137+00
708,1,832,1344,ALL,930069.00,true,2025-12-31,Calf Warehouse,POWDER LYCHEE TEA 1000GR,RMPD-00008,CTN@12PACK,Rupiah,2026-12-31,PLS202512310001,3341,318,1,"{""type"":""ALL"",""branches"":[]}","{""ID"":832,""unit"":""CTN@12PACK"",""price"":930069,""uomID"":318,""priceDate"":""2025-12-31"",""productID"":1344,""currencyID"":1,""expireDate"":""2026-12-31"",""supplierID"":5,""productCode"":""RMPD-00008"",""productName"":""POWDER LYCHEE TEA 1000GR"",""currencyName"":""Rupiah"",""pricelistNum"":""PLS202512310001"",""supplierName"":""Calf Warehouse"",""productDetailID"":3341,""applicableBranch"":{""type"":""ALL"",""branches"":[]}}",2026-08-21 18:25:34.864397+00,2026-08-28 06:30:26.485137+00
709,1,812,1336,ALL,90.32,true,2025-12-31,Calf Warehouse,POWDER CREAM CHEESE 1000GR,RMPD-00003,GR,Rupiah,2026-12-31,PLS202512310001,3317,351,1,"{""type"":""ALL"",""branches"":[]}","{""ID"":812,""unit"":""GR"",""price"":90.32,""uomID"":351,""priceDate"":""2025-12-31"",""productID"":1336,""currencyID"":1,""expireDate"":""2026-12-31"",""supplierID"":5,""productCode"":""RMPD-00003"",""productName"":""POWDER CREAM CHEESE 1000GR"",""currencyName"":""Rupiah"",""pricelistNum"":""PLS202512310001"",""supplierName"":""Calf Warehouse"",""productDetailID"":3317,""applicableBranch"":{""type"":""ALL"",""branches"":[]}}",2026-08-21 18:25:34.864397+00,2026-08-28 06:30:26.485137+00
710,1,595,1170,ALL,48770.00,true,2025-12-31,Calf Warehouse,ALUMUNIUM FOIL OX 100 ( CUP PUDDING ),PCPK-00001,PACK@100PCS,Rupiah,2026-12-31,PLS202512310001,2912,371,1,"{""type"":""ALL"",""branches"":[]}","{""ID"":595,""unit"":""PACK@100PCS"",""price"":48770,""uomID"":371,""priceDate"":""2025-12-31"",""productID"":1170,""currencyID"":1,""expireDate"":""2026-12-31"",""supplierID"":5,""productCode"":""PCPK-00001"",""productName"":""ALUMUNIUM FOIL OX 100 ( CUP PUDDING )"",""currencyName"":""Rupiah"",""pricelistNum"":""PLS202512310001"",""supplierName"":""Calf Warehouse"",""productDetailID"":2912,""applicableBranch"":{""type"":""ALL"",""branches"":[]}}",2026-08-21 18:25:34.864397+00,2026-08-28 06:30:26.485137+00
711,1,594,1170,ALL,975400.00,true,2025-12-31,Calf Warehouse,ALUMUNIUM FOIL OX 100 ( CUP PUDDING ),PCPK-00001,CTN@20PACK,Rupiah,2026-12-31,PLS202512310001,2913,326,1,"{""type"":""ALL"",""branches"":[]}","{""ID"":594,""unit"":""CTN@20PACK"",""price"":975400,""uomID"":326,""priceDate"":""2025-12-31"",""productID"":1170,""currencyID"":1,""expireDate"":""2026-12-31"",""supplierID"":5,""productCode"":""PCPK-00001"",""productName"":""ALUMUNIUM FOIL OX 100 ( CUP PUDDING )"",""currencyName"":""Rupiah"",""pricelistNum"":""PLS202512310001"",""supplierName"":""Calf Warehouse"",""productDetailID"":2913,""applicableBranch"":{""type"":""ALL"",""branches"":[]}}",2026-08-21 18:25:34.864397+00,2026-08-28 06:30:26.485137+00
712,1,593,1238,ALL,60.00,true,2025-12-31,Calf Central Kitchen,ESPRESSO REGULER,ESPR-00002,GR,Rupiah,2026-12-31,PLS202512310001,3077,351,1,"{""type"":""ALL"",""branches"":[]}","{""ID"":593,""unit"":""GR"",""price"":60,""uomID"":351,""priceDate"":""2025-12-31"",""productID"":1238,""currencyID"":1,""expireDate"":""2026-12-31"",""supplierID"":6,""productCode"":""ESPR-00002"",""productName"":""ESPRESSO REGULER"",""currencyName"":""Rupiah"",""pricelistNum"":""PLS202512310001"",""supplierName"":""Calf Central Kitchen"",""productDetailID"":3077,""applicableBranch"":{""type"":""ALL"",""branches"":[]}}",2026-08-21 18:25:34.864397+00,2026-08-28 06:30:26.485137+00
713,1,592,1238,ALL,60000.00,true,2025-12-31,Calf Central Kitchen,ESPRESSO REGULER,ESPR-00002,KG@1000GR,Rupiah,2026-12-31,PLS202512310001,3078,365,1,"{""type"":""ALL"",""branches"":[]}","{""ID"":592,""unit"":""KG@1000GR"",""price"":60000,""uomID"":365,""priceDate"":""2025-12-31"",""productID"":1238,""currencyID"":1,""expireDate"":""2026-12-31"",""supplierID"":6,""productCode"":""ESPR-00002"",""productName"":""ESPRESSO REGULER"",""currencyName"":""Rupiah"",""pricelistNum"":""PLS202512310001"",""supplierName"":""Calf Central Kitchen"",""productDetailID"":3078,""applicableBranch"":{""type"":""ALL"",""branches"":[]}}",2026-08-21 18:25:34.864397+00,2026-08-28 06:30:26.485137+00
714,1,591,1237,ALL,95.00,true,2025-12-31,Calf Central Kitchen,ESPRESSO PREMIUM,ESPR-00001,GR,Rupiah,2026-12-31,PLS202512310001,3074,351,1,"{""type"":""ALL"",""branches"":[]}","{""ID"":591,""unit"":""GR"",""price"":95,""uomID"":351,""priceDate"":""2025-12-31"",""productID"":1237,""currencyID"":1,""expireDate"":""2026-12-31"",""supplierID"":6,""productCode"":""ESPR-00001"",""productName"":""ESPRESSO PREMIUM"",""currencyName"":""Rupiah"",""pricelistNum"":""PLS202512310001"",""supplierName"":""Calf Central Kitchen"",""productDetailID"":3074,""applicableBranch"":{""type"":""ALL"",""branches"":[]}}",2026-08-21 18:25:34.864397+00,2026-08-28 06:30:26.485137+00
715,1,590,1237,ALL,95000.00,true,2025-12-31,Calf Central Kitchen,ESPRESSO PREMIUM,ESPR-00001,KG@1000GR,Rupiah,2026-12-31,PLS202512310001,3075,365,1,"{""type"":""ALL"",""branches"":[]}","{""ID"":590,""unit"":""KG@1000GR"",""price"":95000,""uomID"":365,""priceDate"":""2025-12-31"",""productID"":1237,""currencyID"":1,""expireDate"":""2026-12-31"",""supplierID"":6,""productCode"":""ESPR-00001"",""productName"":""ESPRESSO PREMIUM"",""currencyName"":""Rupiah"",""pricelistNum"":""PLS202512310001"",""supplierName"":""Calf Central Kitchen"",""productDetailID"":3075,""applicableBranch"":{""type"":""ALL"",""branches"":[]}}",2026-08-21 18:25:34.864397+00,2026-08-28 06:30:26.485137+00
716,1,588,1180,ALL,205000.00,true,2025-12-31,Calf Central Kitchen,BEANS COLD BREW,RBCB-00001,KG@1000GR,Rupiah,2026-12-31,PLS202512310001,2936,365,1,"{""type"":""ALL"",""branches"":[]}","{""ID"":588,""unit"":""KG@1000GR"",""price"":205000,""uomID"":365,""priceDate"":""2025-12-31"",""productID"":1180,""currencyID"":1,""expireDate"":""2026-12-31"",""supplierID"":6,""productCode"":""RBCB-00001"",""productName"":""BEANS COLD BREW"",""currencyName"":""Rupiah"",""pricelistNum"":""PLS202512310001"",""supplierName"":""Calf Central Kitchen"",""productDetailID"":2936,""applicableBranch"":{""type"":""ALL"",""branches"":[]}}",2026-08-21 18:25:34.864397+00,2026-08-28 06:30:26.485137+00
717,1,587,1180,ALL,5125000.00,true,2025-12-31,Calf Central Kitchen,BEANS COLD BREW,RBCB-00001,KARUNG@25KG,Rupiah,2026-12-31,PLS202512310001,2937,361,1,"{""type"":""ALL"",""branches"":[]}","{""ID"":587,""unit"":""KARUNG@25KG"",""price"":5125000,""uomID"":361,""priceDate"":""2025-12-31"",""productID"":1180,""currencyID"":1,""expireDate"":""2026-12-31"",""supplierID"":6,""productCode"":""RBCB-00001"",""productName"":""BEANS COLD BREW"",""currencyName"":""Rupiah"",""pricelistNum"":""PLS202512310001"",""supplierName"":""Calf Central Kitchen"",""productDetailID"":2937,""applicableBranch"":{""type"":""ALL"",""branches"":[]}}",2026-08-21 18:25:34.864397+00,2026-08-28 06:30:26.485137+00
718,1,586,1179,ALL,330.00,true,2025-12-31,Calf Central Kitchen,BEANS AUTHENTIC,RBBA-00001,GR,Rupiah,2026-12-31,PLS202512310001,2932,351,1,"{""type"":""ALL"",""branches"":[]}","{""ID"":586,""unit"":""GR"",""price"":330,""uomID"":351,""priceDate"":""2025-12-31"",""productID"":1179,""currencyID"":1,""expireDate"":""2026-12-31"",""supplierID"":6,""productCode"":""RBBA-00001"",""productName"":""BEANS AUTHENTIC"",""currencyName"":""Rupiah"",""pricelistNum"":""PLS202512310001"",""supplierName"":""Calf Central Kitchen"",""productDetailID"":2932,""applicableBranch"":{""type"":""ALL"",""branches"":[]}}",2026-08-21 18:25:34.864397+00,2026-08-28 06:30:26.485137+00
719,1,584,1179,ALL,8250000.00,true,2025-12-31,Calf Central Kitchen,BEANS AUTHENTIC,RBBA-00001,KARUNG@25KG,Rupiah,2026-12-31,PLS202512310001,2934,361,1,"{""type"":""ALL"",""branches"":[]}","{""ID"":584,""unit"":""KARUNG@25KG"",""price"":8250000,""uomID"":361,""priceDate"":""2025-12-31"",""productID"":1179,""currencyID"":1,""expireDate"":""2026-12-31"",""supplierID"":6,""productCode"":""RBBA-00001"",""productName"":""BEANS AUTHENTIC"",""currencyName"":""Rupiah"",""pricelistNum"":""PLS202512310001"",""supplierName"":""Calf Central Kitchen"",""productDetailID"":2934,""applicableBranch"":{""type"":""ALL"",""branches"":[]}}",2026-08-21 18:25:34.864397+00,2026-08-28 06:30:26.485137+00
720,1,583,1182,ALL,143.00,true,2025-12-31,Calf Central Kitchen,BEANS REGULER,RBRR-00001,GR,Rupiah,2026-12-31,PLS202512310001,2941,351,1,"{""type"":""ALL"",""branches"":[]}","{""ID"":583,""unit"":""GR"",""price"":143,""uomID"":351,""priceDate"":""2025-12-31"",""productID"":1182,""currencyID"":1,""expireDate"":""2026-12-31"",""supplierID"":6,""productCode"":""RBRR-00001"",""productName"":""BEANS REGULER"",""currencyName"":""Rupiah"",""pricelistNum"":""PLS202512310001"",""supplierName"":""Calf Central Kitchen"",""productDetailID"":2941,""applicableBranch"":{""type"":""ALL"",""branches"":[]}}",2026-08-21 18:25:34.864397+00,2026-08-28 06:30:26.485137+00
721,1,657,1227,ALL,332280.00,true,2025-12-31,Calf Warehouse,CUP SAUCE 60ML,PCPK-00003,CTN@24PACK,Rupiah,2026-12-31,PLS202512310001,3054,331,1,"{""type"":""ALL"",""branches"":[]}","{""ID"":657,""unit"":""CTN@24PACK"",""price"":332280,""uomID"":331,""priceDate"":""2025-12-31"",""productID"":1227,""currencyID"":1,""expireDate"":""2026-12-31"",""supplierID"":5,""productCode"":""PCPK-00003"",""productName"":""CUP SAUCE 60ML"",""currencyName"":""Rupiah"",""pricelistNum"":""PLS202512310001"",""supplierName"":""Calf Warehouse"",""productDetailID"":3054,""applicableBranch"":{""type"":""ALL"",""branches"":[]}}",2026-08-21 18:25:34.864397+00,2026-08-28 06:30:26.485137+00
722,1,656,1226,ALL,248.90,true,2025-12-31,Calf Warehouse,CUP SAUCE 35ML,PCPK-00002,PCS,Rupiah,2026-12-31,PLS202512310001,3049,402,1,"{""type"":""ALL"",""branches"":[]}","{""ID"":656,""unit"":""PCS"",""price"":248.9,""uomID"":402,""priceDate"":""2025-12-31"",""productID"":1226,""currencyID"":1,""expireDate"":""2026-12-31"",""supplierID"":5,""productCode"":""PCPK-00002"",""productName"":""CUP SAUCE 35ML"",""currencyName"":""Rupiah"",""pricelistNum"":""PLS202512310001"",""supplierName"":""Calf Warehouse"",""productDetailID"":3049,""applicableBranch"":{""type"":""ALL"",""branches"":[]}}",2026-08-21 18:25:34.864397+00,2026-08-28 06:30:26.485137+00
723,1,655,1226,ALL,12445.00,true,2025-12-31,Calf Warehouse,CUP SAUCE 35ML,PCPK-00002,PACK@50PCS,Rupiah,2026-12-31,PLS202512310001,3050,389,1,"{""type"":""ALL"",""branches"":[]}","{""ID"":655,""unit"":""PACK@50PCS"",""price"":12445,""uomID"":389,""priceDate"":""2025-12-31"",""productID"":1226,""currencyID"":1,""expireDate"":""2026-12-31"",""supplierID"":5,""productCode"":""PCPK-00002"",""productName"":""CUP SAUCE 35ML"",""currencyName"":""Rupiah"",""pricelistNum"":""PLS202512310001"",""supplierName"":""Calf Warehouse"",""productDetailID"":3050,""applicableBranch"":{""type"":""ALL"",""branches"":[]}}",2026-08-21 18:25:34.864397+00,2026-08-28 06:30:26.485137+00
724,1,654,1226,ALL,298680.00,true,2025-12-31,Calf Warehouse,CUP SAUCE 35ML,PCPK-00002,CTN@24PACK,Rupiah,2026-12-31,PLS202512310001,3051,331,1,"{""type"":""ALL"",""branches"":[]}","{""ID"":654,""unit"":""CTN@24PACK"",""price"":298680,""uomID"":331,""priceDate"":""2025-12-31"",""productID"":1226,""currencyID"":1,""expireDate"":""2026-12-31"",""supplierID"":5,""productCode"":""PCPK-00002"",""productName"":""CUP SAUCE 35ML"",""currencyName"":""Rupiah"",""pricelistNum"":""PLS202512310001"",""supplierName"":""Calf Warehouse"",""productDetailID"":3051,""applicableBranch"":{""type"":""ALL"",""branches"":[]}}",2026-08-21 18:25:34.864397+00,2026-08-28 06:30:26.485137+00
725,1,653,1225,ALL,191.80,true,2025-12-31,Calf Warehouse,CUP SAUCE 25ML,PCAP-00002,PCS,Rupiah,2026-12-31,PLS202512310001,3046,402,1,"{""type"":""ALL"",""branches"":[]}","{""ID"":653,""unit"":""PCS"",""price"":191.8,""uomID"":402,""priceDate"":""2025-12-31"",""productID"":1225,""currencyID"":1,""expireDate"":""2026-12-31"",""supplierID"":5,""productCode"":""PCAP-00002"",""productName"":""CUP SAUCE 25ML"",""currencyName"":""Rupiah"",""pricelistNum"":""PLS202512310001"",""supplierName"":""Calf Warehouse"",""productDetailID"":3046,""applicableBranch"":{""type"":""ALL"",""branches"":[]}}",2026-08-21 18:25:34.864397+00,2026-08-28 06:30:26.485137+00
726,1,652,1225,ALL,9590.00,true,2025-12-31,Calf Warehouse,CUP SAUCE 25ML,PCAP-00002,PACK@50PCS,Rupiah,2026-12-31,PLS202512310001,3047,389,1,"{""type"":""ALL"",""branches"":[]}","{""ID"":652,""unit"":""PACK@50PCS"",""price"":9590,""uomID"":389,""priceDate"":""2025-12-31"",""productID"":1225,""currencyID"":1,""expireDate"":""2026-12-31"",""supplierID"":5,""productCode"":""PCAP-00002"",""productName"":""CUP SAUCE 25ML"",""currencyName"":""Rupiah"",""pricelistNum"":""PLS202512310001"",""supplierName"":""Calf Warehouse"",""productDetailID"":3047,""applicableBranch"":{""type"":""ALL"",""branches"":[]}}",2026-08-21 18:25:34.864397+00,2026-08-28 06:30:26.485137+00
727,1,651,1225,ALL,383600.00,true,2025-12-31,Calf Warehouse,CUP SAUCE 25ML,PCAP-00002,CTN@40PACK,Rupiah,2026-12-31,PLS202512310001,3048,336,1,"{""type"":""ALL"",""branches"":[]}","{""ID"":651,""unit"":""CTN@40PACK"",""price"":383600,""uomID"":336,""priceDate"":""2025-12-31"",""productID"":1225,""currencyID"":1,""expireDate"":""2026-12-31"",""supplierID"":5,""productCode"":""PCAP-00002"",""productName"":""CUP SAUCE 25ML"",""currencyName"":""Rupiah"",""pricelistNum"":""PLS202512310001"",""supplierName"":""Calf Warehouse"",""productDetailID"":3048,""applicableBranch"":{""type"":""ALL"",""branches"":[]}}",2026-08-21 18:25:34.864397+00,2026-08-28 06:30:26.485137+00
728,1,650,1224,ALL,383.67,true,2025-12-31,Calf Warehouse,CUP SAUCE 100ML,PCAP-00003,PCS,Rupiah,2026-12-31,PLS202512310001,3043,402,1,"{""type"":""ALL"",""branches"":[]}","{""ID"":650,""unit"":""PCS"",""price"":383.67,""uomID"":402,""priceDate"":""2025-12-31"",""productID"":1224,""currencyID"":1,""expireDate"":""2026-12-31"",""supplierID"":5,""productCode"":""PCAP-00003"",""productName"":""CUP SAUCE 100ML"",""currencyName"":""Rupiah"",""pricelistNum"":""PLS202512310001"",""supplierName"":""Calf Warehouse"",""productDetailID"":3043,""applicableBranch"":{""type"":""ALL"",""branches"":[]}}",2026-08-21 18:25:34.864397+00,2026-08-28 06:30:26.485137+00
729,1,649,1224,ALL,19183.50,true,2025-12-31,Calf Warehouse,CUP SAUCE 100ML,PCAP-00003,PACK@50PCS,Rupiah,2026-12-31,PLS202512310001,3044,389,1,"{""type"":""ALL"",""branches"":[]}","{""ID"":649,""unit"":""PACK@50PCS"",""price"":19183.5,""uomID"":389,""priceDate"":""2025-12-31"",""productID"":1224,""currencyID"":1,""expireDate"":""2026-12-31"",""supplierID"":5,""productCode"":""PCAP-00003"",""productName"":""CUP SAUCE 100ML"",""currencyName"":""Rupiah"",""pricelistNum"":""PLS202512310001"",""supplierName"":""Calf Warehouse"",""productDetailID"":3044,""applicableBranch"":{""type"":""ALL"",""branches"":[]}}",2026-08-21 18:25:34.864397+00,2026-08-28 06:30:26.485137+00
730,1,648,1224,ALL,383670.00,true,2025-12-31,Calf Warehouse,CUP SAUCE 100ML,PCAP-00003,CTN@20PACK,Rupiah,2026-12-31,PLS202512310001,3045,326,1,"{""type"":""ALL"",""branches"":[]}","{""ID"":648,""unit"":""CTN@20PACK"",""price"":383670,""uomID"":326,""priceDate"":""2025-12-31"",""productID"":1224,""currencyID"":1,""expireDate"":""2026-12-31"",""supplierID"":5,""productCode"":""PCAP-00003"",""productName"":""CUP SAUCE 100ML"",""currencyName"":""Rupiah"",""pricelistNum"":""PLS202512310001"",""supplierName"":""Calf Warehouse"",""productDetailID"":3045,""applicableBranch"":{""type"":""ALL"",""branches"":[]}}",2026-08-21 18:25:34.864397+00,2026-08-28 06:30:26.485137+00
731,1,647,1223,ALL,687.22,true,2025-12-31,Calf Warehouse,CUP JEFFERSON & TEA,PCPB-00006,PCS,Rupiah,2026-12-31,PLS202512310001,3040,402,1,"{""type"":""ALL"",""branches"":[]}","{""ID"":647,""unit"":""PCS"",""price"":687.22,""uomID"":402,""priceDate"":""2025-12-31"",""productID"":1223,""currencyID"":1,""expireDate"":""2026-12-31"",""supplierID"":5,""productCode"":""PCPB-00006"",""productName"":""CUP JEFFERSON & TEA"",""currencyName"":""Rupiah"",""pricelistNum"":""PLS202512310001"",""supplierName"":""Calf Warehouse"",""productDetailID"":3040,""applicableBranch"":{""type"":""ALL"",""branches"":[]}}",2026-08-21 18:25:34.864397+00,2026-08-28 06:30:26.485137+00
732,1,646,1223,ALL,34361.00,true,2025-12-31,Calf Warehouse,CUP JEFFERSON & TEA,PCPB-00006,BALL@50PCS,Rupiah,2026-12-31,PLS202512310001,3041,293,1,"{""type"":""ALL"",""branches"":[]}","{""ID"":646,""unit"":""BALL@50PCS"",""price"":34361,""uomID"":293,""priceDate"":""2025-12-31"",""productID"":1223,""currencyID"":1,""expireDate"":""2026-12-31"",""supplierID"":5,""productCode"":""PCPB-00006"",""productName"":""CUP JEFFERSON & TEA"",""currencyName"":""Rupiah"",""pricelistNum"":""PLS202512310001"",""supplierName"":""Calf Warehouse"",""productDetailID"":3041,""applicableBranch"":{""type"":""ALL"",""branches"":[]}}",2026-08-21 18:25:34.864397+00,2026-08-28 06:30:26.485137+00
733,1,645,1223,ALL,687220.00,true,2025-12-31,Calf Warehouse,CUP JEFFERSON & TEA,PCPB-00006,CTN@20BALL,Rupiah,2026-12-31,PLS202512310001,3042,325,1,"{""type"":""ALL"",""branches"":[]}","{""ID"":645,""unit"":""CTN@20BALL"",""price"":687220,""uomID"":325,""priceDate"":""2025-12-31"",""productID"":1223,""currencyID"":1,""expireDate"":""2026-12-31"",""supplierID"":5,""productCode"":""PCPB-00006"",""productName"":""CUP JEFFERSON & TEA"",""currencyName"":""Rupiah"",""pricelistNum"":""PLS202512310001"",""supplierName"":""Calf Warehouse"",""productDetailID"":3042,""applicableBranch"":{""type"":""ALL"",""branches"":[]}}",2026-08-21 18:25:34.864397+00,2026-08-28 06:30:26.485137+00
734,1,644,1222,ALL,1300.00,true,2025-12-31,Calf Warehouse,CUP HOT 8 OZ,PCPB-00005,PCS,Rupiah,2026-12-31,PLS202512310001,3037,402,1,"{""type"":""ALL"",""branches"":[]}","{""ID"":644,""unit"":""PCS"",""price"":1300,""uomID"":402,""priceDate"":""2025-12-31"",""productID"":1222,""currencyID"":1,""expireDate"":""2026-12-31"",""supplierID"":5,""productCode"":""PCPB-00005"",""productName"":""CUP HOT 8 OZ"",""currencyName"":""Rupiah"",""pricelistNum"":""PLS202512310001"",""supplierName"":""Calf Warehouse"",""productDetailID"":3037,""applicableBranch"":{""type"":""ALL"",""branches"":[]}}",2026-08-21 18:25:34.864397+00,2026-08-28 06:30:26.485137+00
735,1,643,1222,ALL,65000.00,true,2025-12-31,Calf Warehouse,CUP HOT 8 OZ,PCPB-00005,BALL@50PCS,Rupiah,2026-12-31,PLS202512310001,3038,293,1,"{""type"":""ALL"",""branches"":[]}","{""ID"":643,""unit"":""BALL@50PCS"",""price"":65000,""uomID"":293,""priceDate"":""2025-12-31"",""productID"":1222,""currencyID"":1,""expireDate"":""2026-12-31"",""supplierID"":5,""productCode"":""PCPB-00005"",""productName"":""CUP HOT 8 OZ"",""currencyName"":""Rupiah"",""pricelistNum"":""PLS202512310001"",""supplierName"":""Calf Warehouse"",""productDetailID"":3038,""applicableBranch"":{""type"":""ALL"",""branches"":[]}}",2026-08-21 18:25:34.864397+00,2026-08-28 06:30:26.485137+00
736,1,642,1222,ALL,1300000.00,true,2025-12-31,Calf Warehouse,CUP HOT 8 OZ,PCPB-00005,CTN@20BALL,Rupiah,2026-12-31,PLS202512310001,3039,325,1,"{""type"":""ALL"",""branches"":[]}","{""ID"":642,""unit"":""CTN@20BALL"",""price"":1300000,""uomID"":325,""priceDate"":""2025-12-31"",""productID"":1222,""currencyID"":1,""expireDate"":""2026-12-31"",""supplierID"":5,""productCode"":""PCPB-00005"",""productName"":""CUP HOT 8 OZ"",""currencyName"":""Rupiah"",""pricelistNum"":""PLS202512310001"",""supplierName"":""Calf Warehouse"",""productDetailID"":3039,""applicableBranch"":{""type"":""ALL"",""branches"":[]}}",2026-08-21 18:25:34.864397+00,2026-08-28 06:30:26.485137+00
737,1,641,1221,ALL,853.55,true,2025-12-31,Calf Warehouse,CUP FROSTED,PCPB-00004,PCS,Rupiah,2026-12-31,PLS202512310001,3034,402,1,"{""type"":""ALL"",""branches"":[]}","{""ID"":641,""unit"":""PCS"",""price"":853.55,""uomID"":402,""priceDate"":""2025-12-31"",""productID"":1221,""currencyID"":1,""expireDate"":""2026-12-31"",""supplierID"":5,""productCode"":""PCPB-00004"",""productName"":""CUP FROSTED"",""currencyName"":""Rupiah"",""pricelistNum"":""PLS202512310001"",""supplierName"":""Calf Warehouse"",""productDetailID"":3034,""applicableBranch"":{""type"":""ALL"",""branches"":[]}}",2026-08-21 18:25:34.864397+00,2026-08-28 06:30:26.485137+00
738,1,638,1220,ALL,336.00,true,2025-12-31,Calf Warehouse,CUP ES,PCPB-00003,PCS,Rupiah,2026-04-14,PLS202512310001,3031,402,1,"{""type"":""ALL"",""branches"":[]}","{""ID"":638,""unit"":""PCS"",""price"":336,""uomID"":402,""priceDate"":""2025-12-31"",""productID"":1220,""currencyID"":1,""expireDate"":""2026-04-14"",""supplierID"":5,""productCode"":""PCPB-00003"",""productName"":""CUP ES"",""currencyName"":""Rupiah"",""pricelistNum"":""PLS202512310001"",""supplierName"":""Calf Warehouse"",""productDetailID"":3031,""applicableBranch"":{""type"":""ALL"",""branches"":[]}}",2026-08-21 18:25:34.864397+00,2026-08-28 06:30:26.485137+00
739,1,637,1220,ALL,16800.00,true,2025-12-31,Calf Warehouse,CUP ES,PCPB-00003,BALL@50PCS,Rupiah,2026-04-14,PLS202512310001,3032,293,1,"{""type"":""ALL"",""branches"":[]}","{""ID"":637,""unit"":""BALL@50PCS"",""price"":16800,""uomID"":293,""priceDate"":""2025-12-31"",""productID"":1220,""currencyID"":1,""expireDate"":""2026-04-14"",""supplierID"":5,""productCode"":""PCPB-00003"",""productName"":""CUP ES"",""currencyName"":""Rupiah"",""pricelistNum"":""PLS202512310001"",""supplierName"":""Calf Warehouse"",""productDetailID"":3032,""applicableBranch"":{""type"":""ALL"",""branches"":[]}}",2026-08-21 18:25:34.864397+00,2026-08-28 06:30:26.485137+00
740,1,636,1220,ALL,336000.00,true,2025-12-31,Calf Warehouse,CUP ES,PCPB-00003,CTN@20BALL,Rupiah,2026-04-14,PLS202512310001,3033,325,1,"{""type"":""ALL"",""branches"":[]}","{""ID"":636,""unit"":""CTN@20BALL"",""price"":336000,""uomID"":325,""priceDate"":""2025-12-31"",""productID"":1220,""currencyID"":1,""expireDate"":""2026-04-14"",""supplierID"":5,""productCode"":""PCPB-00003"",""productName"":""CUP ES"",""currencyName"":""Rupiah"",""pricelistNum"":""PLS202512310001"",""supplierName"":""Calf Warehouse"",""productDetailID"":3033,""applicableBranch"":{""type"":""ALL"",""branches"":[]}}",2026-08-21 18:25:34.864397+00,2026-08-28 06:30:26.485137+00
741,1,635,1216,ALL,63.00,true,2025-12-31,Calf Warehouse,CREAMER (MULTIBEV) 1000GR,RMBV-00003,GR,Rupiah,2026-12-31,PLS202512310001,3021,351,1,"{""type"":""ALL"",""branches"":[]}","{""ID"":635,""unit"":""GR"",""price"":63,""uomID"":351,""priceDate"":""2025-12-31"",""productID"":1216,""currencyID"":1,""expireDate"":""2026-12-31"",""supplierID"":5,""productCode"":""RMBV-00003"",""productName"":""CREAMER (MULTIBEV) 1000GR"",""currencyName"":""Rupiah"",""pricelistNum"":""PLS202512310001"",""supplierName"":""Calf Warehouse"",""productDetailID"":3021,""applicableBranch"":{""type"":""ALL"",""branches"":[]}}",2026-08-21 18:25:34.864397+00,2026-08-28 06:30:26.485137+00
742,1,634,1216,ALL,63000.00,true,2025-12-31,Calf Warehouse,CREAMER (MULTIBEV) 1000GR,RMBV-00003,PACK@1000GR,Rupiah,2026-12-31,PLS202512310001,3022,370,1,"{""type"":""ALL"",""branches"":[]}","{""ID"":634,""unit"":""PACK@1000GR"",""price"":63000,""uomID"":370,""priceDate"":""2025-12-31"",""productID"":1216,""currencyID"":1,""expireDate"":""2026-12-31"",""supplierID"":5,""productCode"":""RMBV-00003"",""productName"":""CREAMER (MULTIBEV) 1000GR"",""currencyName"":""Rupiah"",""pricelistNum"":""PLS202512310001"",""supplierName"":""Calf Warehouse"",""productDetailID"":3022,""applicableBranch"":{""type"":""ALL"",""branches"":[]}}",2026-08-21 18:25:34.864397+00,2026-08-28 06:30:26.485137+00
743,1,633,1216,ALL,630000.00,true,2025-12-31,Calf Warehouse,CREAMER (MULTIBEV) 1000GR,RMBV-00003,CTN@10PACK,Rupiah,2026-12-31,PLS202512310001,3023,315,1,"{""type"":""ALL"",""branches"":[]}","{""ID"":633,""unit"":""CTN@10PACK"",""price"":630000,""uomID"":315,""priceDate"":""2025-12-31"",""productID"":1216,""currencyID"":1,""expireDate"":""2026-12-31"",""supplierID"":5,""productCode"":""RMBV-00003"",""productName"":""CREAMER (MULTIBEV) 1000GR"",""currencyName"":""Rupiah"",""pricelistNum"":""PLS202512310001"",""supplierName"":""Calf Warehouse"",""productDetailID"":3023,""applicableBranch"":{""type"":""ALL"",""branches"":[]}}",2026-08-21 18:25:34.864397+00,2026-08-28 06:30:26.485137+00
744,1,632,1215,ALL,85.00,true,2025-12-31,Calf Warehouse,CREAMER (MAX) 500GR,RMBV-00002,GR,Rupiah,2026-02-28,PLS202512310001,3018,351,1,"{""type"":""ALL"",""branches"":[]}","{""ID"":632,""unit"":""GR"",""price"":85,""uomID"":351,""priceDate"":""2025-12-31"",""productID"":1215,""currencyID"":1,""expireDate"":""2026-02-28"",""supplierID"":5,""productCode"":""RMBV-00002"",""productName"":""CREAMER (MAX) 500GR"",""currencyName"":""Rupiah"",""pricelistNum"":""PLS202512310001"",""supplierName"":""Calf Warehouse"",""productDetailID"":3018,""applicableBranch"":{""type"":""ALL"",""branches"":[]}}",2026-08-21 18:25:34.864397+00,2026-08-28 06:30:26.485137+00
745,1,631,1215,ALL,42500.00,true,2025-12-31,Calf Warehouse,CREAMER (MAX) 500GR,RMBV-00002,PCS@500GR,Rupiah,2026-02-28,PLS202512310001,3019,413,1,"{""type"":""ALL"",""branches"":[]}","{""ID"":631,""unit"":""PCS@500GR"",""price"":42500,""uomID"":413,""priceDate"":""2025-12-31"",""productID"":1215,""currencyID"":1,""expireDate"":""2026-02-28"",""supplierID"":5,""productCode"":""RMBV-00002"",""productName"":""CREAMER (MAX) 500GR"",""currencyName"":""Rupiah"",""pricelistNum"":""PLS202512310001"",""supplierName"":""Calf Warehouse"",""productDetailID"":3019,""applicableBranch"":{""type"":""ALL"",""branches"":[]}}",2026-08-21 18:25:34.864397+00,2026-08-28 06:30:26.485137+00
746,1,630,1215,ALL,1020000.00,true,2025-12-31,Calf Warehouse,CREAMER (MAX) 500GR,RMBV-00002,CTN@24PCS,Rupiah,2026-02-28,PLS202512310001,3020,332,1,"{""type"":""ALL"",""branches"":[]}","{""ID"":630,""unit"":""CTN@24PCS"",""price"":1020000,""uomID"":332,""priceDate"":""2025-12-31"",""productID"":1215,""currencyID"":1,""expireDate"":""2026-02-28"",""supplierID"":5,""productCode"":""RMBV-00002"",""productName"":""CREAMER (MAX) 500GR"",""currencyName"":""Rupiah"",""pricelistNum"":""PLS202512310001"",""supplierName"":""Calf Warehouse"",""productDetailID"":3020,""applicableBranch"":{""type"":""ALL"",""branches"":[]}}",2026-08-21 18:25:34.864397+00,2026-08-28 06:30:26.485137+00
747,1,629,1214,ALL,138.20,true,2025-12-31,Calf Warehouse,COUNTRY MAPLE SYRUP 710ML,RMKC-00005,GR,Rupiah,2026-12-31,PLS202512310001,3015,351,1,"{""type"":""ALL"",""branches"":[]}","{""ID"":629,""unit"":""GR"",""price"":138.2,""uomID"":351,""priceDate"":""2025-12-31"",""productID"":1214,""currencyID"":1,""expireDate"":""2026-12-31"",""supplierID"":5,""productCode"":""RMKC-00005"",""productName"":""COUNTRY MAPLE SYRUP 710ML"",""currencyName"":""Rupiah"",""pricelistNum"":""PLS202512310001"",""supplierName"":""Calf Warehouse"",""productDetailID"":3015,""applicableBranch"":{""type"":""ALL"",""branches"":[]}}",2026-08-21 18:25:34.864397+00,2026-08-28 06:30:26.485137+00
748,1,628,1214,ALL,98122.50,true,2025-12-31,Calf Warehouse,COUNTRY MAPLE SYRUP 710ML,RMKC-00005,PCS@710GR,Rupiah,2026-12-31,PLS202512310001,3016,417,1,"{""type"":""ALL"",""branches"":[]}","{""ID"":628,""unit"":""PCS@710GR"",""price"":98122.5,""uomID"":417,""priceDate"":""2025-12-31"",""productID"":1214,""currencyID"":1,""expireDate"":""2026-12-31"",""supplierID"":5,""productCode"":""RMKC-00005"",""productName"":""COUNTRY MAPLE SYRUP 710ML"",""currencyName"":""Rupiah"",""pricelistNum"":""PLS202512310001"",""supplierName"":""Calf Warehouse"",""productDetailID"":3016,""applicableBranch"":{""type"":""ALL"",""branches"":[]}}",2026-08-21 18:25:34.864397+00,2026-08-28 06:30:26.485137+00
749,1,627,1214,ALL,1177470.00,true,2025-12-31,Calf Warehouse,COUNTRY MAPLE SYRUP 710ML,RMKC-00005,CTN@12PCS,Rupiah,2026-12-31,PLS202512310001,3017,319,1,"{""type"":""ALL"",""branches"":[]}","{""ID"":627,""unit"":""CTN@12PCS"",""price"":1177470,""uomID"":319,""priceDate"":""2025-12-31"",""productID"":1214,""currencyID"":1,""expireDate"":""2026-12-31"",""supplierID"":5,""productCode"":""RMKC-00005"",""productName"":""COUNTRY MAPLE SYRUP 710ML"",""currencyName"":""Rupiah"",""pricelistNum"":""PLS202512310001"",""supplierName"":""Calf Warehouse"",""productDetailID"":3017,""applicableBranch"":{""type"":""ALL"",""branches"":[]}}",2026-08-21 18:25:34.864397+00,2026-08-28 06:30:26.485137+00
750,1,626,1210,ALL,153.97,true,2025-12-31,Calf Warehouse,CHEESE MOZZARELLA BLOCK,RMFR-00002,GR,Rupiah,2026-12-31,PLS202512310001,3007,351,1,"{""type"":""ALL"",""branches"":[]}","{""ID"":626,""unit"":""GR"",""price"":153.97,""uomID"":351,""priceDate"":""2025-12-31"",""productID"":1210,""currencyID"":1,""expireDate"":""2026-12-31"",""supplierID"":5,""productCode"":""RMFR-00002"",""productName"":""CHEESE MOZZARELLA BLOCK"",""currencyName"":""Rupiah"",""pricelistNum"":""PLS202512310001"",""supplierName"":""Calf Warehouse"",""productDetailID"":3007,""applicableBranch"":{""type"":""ALL"",""branches"":[]}}",2026-08-21 18:25:34.864397+00,2026-08-28 06:30:26.485137+00
751,1,625,1210,ALL,307948.00,true,2025-12-31,Calf Warehouse,CHEESE MOZZARELLA BLOCK,RMFR-00002,PACK@2000GR,Rupiah,2026-12-31,PLS202512310001,3008,377,1,"{""type"":""ALL"",""branches"":[]}","{""ID"":625,""unit"":""PACK@2000GR"",""price"":307948,""uomID"":377,""priceDate"":""2025-12-31"",""productID"":1210,""currencyID"":1,""expireDate"":""2026-12-31"",""supplierID"":5,""productCode"":""RMFR-00002"",""productName"":""CHEESE MOZZARELLA BLOCK"",""currencyName"":""Rupiah"",""pricelistNum"":""PLS202512310001"",""supplierName"":""Calf Warehouse"",""productDetailID"":3008,""applicableBranch"":{""type"":""ALL"",""branches"":[]}}",2026-08-21 18:25:34.864397+00,2026-08-28 06:30:26.485137+00
752,1,624,1202,ALL,83.88,true,2025-12-31,Calf Warehouse,CABLE TIES,KSUT-00001,PCS,Rupiah,2026-12-31,PLS202512310001,2990,402,1,"{""type"":""ALL"",""branches"":[]}","{""ID"":624,""unit"":""PCS"",""price"":83.88,""uomID"":402,""priceDate"":""2025-12-31"",""productID"":1202,""currencyID"":1,""expireDate"":""2026-12-31"",""supplierID"":5,""productCode"":""KSUT-00001"",""productName"":""CABLE TIES"",""currencyName"":""Rupiah"",""pricelistNum"":""PLS202512310001"",""supplierName"":""Calf Warehouse"",""productDetailID"":2990,""applicableBranch"":{""type"":""ALL"",""branches"":[]}}",2026-08-21 18:25:34.864397+00,2026-08-28 06:30:26.485137+00
753,1,623,1202,ALL,8388.38,true,2025-12-31,Calf Warehouse,CABLE TIES,KSUT-00001,PACK@100PCS,Rupiah,2026-12-31,PLS202512310001,2991,371,1,"{""type"":""ALL"",""branches"":[]}","{""ID"":623,""unit"":""PACK@100PCS"",""price"":8388.38,""uomID"":371,""priceDate"":""2025-12-31"",""productID"":1202,""currencyID"":1,""expireDate"":""2026-12-31"",""supplierID"":5,""productCode"":""KSUT-00001"",""productName"":""CABLE TIES"",""currencyName"":""Rupiah"",""pricelistNum"":""PLS202512310001"",""supplierName"":""Calf Warehouse"",""productDetailID"":2991,""applicableBranch"":{""type"":""ALL"",""branches"":[]}}",2026-08-21 18:25:34.864397+00,2026-08-28 06:30:26.485137+00
754,1,622,1202,ALL,419419.00,true,2025-12-31,Calf Warehouse,CABLE TIES,KSUT-00001,BALL@50PACK,Rupiah,2026-12-31,PLS202512310001,2992,292,1,"{""type"":""ALL"",""branches"":[]}","{""ID"":622,""unit"":""BALL@50PACK"",""price"":419419,""uomID"":292,""priceDate"":""2025-12-31"",""productID"":1202,""currencyID"":1,""expireDate"":""2026-12-31"",""supplierID"":5,""productCode"":""KSUT-00001"",""productName"":""CABLE TIES"",""currencyName"":""Rupiah"",""pricelistNum"":""PLS202512310001"",""supplierName"":""Calf Warehouse"",""productDetailID"":2992,""applicableBranch"":{""type"":""ALL"",""branches"":[]}}",2026-08-21 18:25:34.864397+00,2026-08-28 06:30:26.485137+00
755,1,621,1193,ALL,7200.00,true,2025-12-31,Calf Warehouse,BROWNIES,RMFR-00001,PCS,Rupiah,2026-12-31,PLS202512310001,2970,402,1,"{""type"":""ALL"",""branches"":[]}","{""ID"":621,""unit"":""PCS"",""price"":7200,""uomID"":402,""priceDate"":""2025-12-31"",""productID"":1193,""currencyID"":1,""expireDate"":""2026-12-31"",""supplierID"":5,""productCode"":""RMFR-00001"",""productName"":""BROWNIES"",""currencyName"":""Rupiah"",""pricelistNum"":""PLS202512310001"",""supplierName"":""Calf Warehouse"",""productDetailID"":2970,""applicableBranch"":{""type"":""ALL"",""branches"":[]}}",2026-08-21 18:25:34.864397+00,2026-08-28 06:30:26.485137+00
756,1,620,1193,ALL,144000.00,true,2025-12-31,Calf Warehouse,BROWNIES,RMFR-00001,CTN@20PCS,Rupiah,2026-12-31,PLS202512310001,2971,328,1,"{""type"":""ALL"",""branches"":[]}","{""ID"":620,""unit"":""CTN@20PCS"",""price"":144000,""uomID"":328,""priceDate"":""2025-12-31"",""productID"":1193,""currencyID"":1,""expireDate"":""2026-12-31"",""supplierID"":5,""productCode"":""RMFR-00001"",""productName"":""BROWNIES"",""currencyName"":""Rupiah"",""pricelistNum"":""PLS202512310001"",""supplierName"":""Calf Warehouse"",""productDetailID"":2971,""applicableBranch"":{""type"":""ALL"",""branches"":[]}}",2026-08-21 18:25:34.864397+00,2026-08-28 06:30:26.485137+00
757,1,619,1190,ALL,2257.50,true,2025-12-31,Calf Warehouse,BOTOL KALE 1000ML,PCPB-00001,PCS,Rupiah,2026-04-14,PLS202512310001,2964,402,1,"{""type"":""ALL"",""branches"":[]}","{""ID"":619,""unit"":""PCS"",""price"":2257.5,""uomID"":402,""priceDate"":""2025-12-31"",""productID"":1190,""currencyID"":1,""expireDate"":""2026-04-14"",""supplierID"":5,""productCode"":""PCPB-00001"",""productName"":""BOTOL KALE 1000ML"",""currencyName"":""Rupiah"",""pricelistNum"":""PLS202512310001"",""supplierName"":""Calf Warehouse"",""productDetailID"":2964,""applicableBranch"":{""type"":""ALL"",""branches"":[]}}",2026-08-21 18:25:34.864397+00,2026-08-28 06:30:26.485137+00
758,1,618,1190,ALL,112875.00,true,2025-12-31,Calf Warehouse,BOTOL KALE 1000ML,PCPB-00001,BALL@50PCS,Rupiah,2026-04-14,PLS202512310001,2965,293,1,"{""type"":""ALL"",""branches"":[]}","{""ID"":618,""unit"":""BALL@50PCS"",""price"":112875,""uomID"":293,""priceDate"":""2025-12-31"",""productID"":1190,""currencyID"":1,""expireDate"":""2026-04-14"",""supplierID"":5,""productCode"":""PCPB-00001"",""productName"":""BOTOL KALE 1000ML"",""currencyName"":""Rupiah"",""pricelistNum"":""PLS202512310001"",""supplierName"":""Calf Warehouse"",""productDetailID"":2965,""applicableBranch"":{""type"":""ALL"",""branches"":[]}}",2026-08-21 18:25:34.864397+00,2026-08-28 06:30:26.485137+00
759,1,617,1189,ALL,48.35,true,2025-12-31,Calf Warehouse,BOLOGNESE SAUCE 500GR,RMKC-00004,GR,Rupiah,2026-12-31,PLS202512310001,2961,351,1,"{""type"":""ALL"",""branches"":[]}","{""ID"":617,""unit"":""GR"",""price"":48.35,""uomID"":351,""priceDate"":""2025-12-31"",""productID"":1189,""currencyID"":1,""expireDate"":""2026-12-31"",""supplierID"":5,""productCode"":""RMKC-00004"",""productName"":""BOLOGNESE SAUCE 500GR"",""currencyName"":""Rupiah"",""pricelistNum"":""PLS202512310001"",""supplierName"":""Calf Warehouse"",""productDetailID"":2961,""applicableBranch"":{""type"":""ALL"",""branches"":[]}}",2026-08-21 18:25:34.864397+00,2026-08-28 06:30:26.485137+00
760,1,616,1189,ALL,24175.00,true,2025-12-31,Calf Warehouse,BOLOGNESE SAUCE 500GR,RMKC-00004,PCS@500GR,Rupiah,2026-12-31,PLS202512310001,2962,413,1,"{""type"":""ALL"",""branches"":[]}","{""ID"":616,""unit"":""PCS@500GR"",""price"":24175,""uomID"":413,""priceDate"":""2025-12-31"",""productID"":1189,""currencyID"":1,""expireDate"":""2026-12-31"",""supplierID"":5,""productCode"":""RMKC-00004"",""productName"":""BOLOGNESE SAUCE 500GR"",""currencyName"":""Rupiah"",""pricelistNum"":""PLS202512310001"",""supplierName"":""Calf Warehouse"",""productDetailID"":2962,""applicableBranch"":{""type"":""ALL"",""branches"":[]}}",2026-08-21 18:25:34.864397+00,2026-08-28 06:30:26.485137+00
761,1,615,1189,ALL,580200.00,true,2025-12-31,Calf Warehouse,BOLOGNESE SAUCE 500GR,RMKC-00004,CTN@24PCS,Rupiah,2026-12-31,PLS202512310001,2963,332,1,"{""type"":""ALL"",""branches"":[]}","{""ID"":615,""unit"":""CTN@24PCS"",""price"":580200,""uomID"":332,""priceDate"":""2025-12-31"",""productID"":1189,""currencyID"":1,""expireDate"":""2026-12-31"",""supplierID"":5,""productCode"":""RMKC-00004"",""productName"":""BOLOGNESE SAUCE 500GR"",""currencyName"":""Rupiah"",""pricelistNum"":""PLS202512310001"",""supplierName"":""Calf Warehouse"",""productDetailID"":2963,""applicableBranch"":{""type"":""ALL"",""branches"":[]}}",2026-08-21 18:25:34.864397+00,2026-08-28 06:30:26.485137+00
762,1,614,1188,ALL,88.20,true,2025-12-31,Calf Warehouse,BLUE BAND COOKIES & CAKE 200GR,RMKC-00003,GR,Rupiah,2026-12-31,PLS202512310001,2958,351,1,"{""type"":""ALL"",""branches"":[]}","{""ID"":614,""unit"":""GR"",""price"":88.2,""uomID"":351,""priceDate"":""2025-12-31"",""productID"":1188,""currencyID"":1,""expireDate"":""2026-12-31"",""supplierID"":5,""productCode"":""RMKC-00003"",""productName"":""BLUE BAND COOKIES & CAKE 200GR"",""currencyName"":""Rupiah"",""pricelistNum"":""PLS202512310001"",""supplierName"":""Calf Warehouse"",""productDetailID"":2958,""applicableBranch"":{""type"":""ALL"",""branches"":[]}}",2026-08-21 18:25:34.864397+00,2026-08-28 06:30:26.485137+00
763,1,613,1188,ALL,17640.00,true,2025-12-31,Calf Warehouse,BLUE BAND COOKIES & CAKE 200GR,RMKC-00003,PCS@200GR,Rupiah,2026-12-31,PLS202512310001,2959,407,1,"{""type"":""ALL"",""branches"":[]}","{""ID"":613,""unit"":""PCS@200GR"",""price"":17640,""uomID"":407,""priceDate"":""2025-12-31"",""productID"":1188,""currencyID"":1,""expireDate"":""2026-12-31"",""supplierID"":5,""productCode"":""RMKC-00003"",""productName"":""BLUE BAND COOKIES & CAKE 200GR"",""currencyName"":""Rupiah"",""pricelistNum"":""PLS202512310001"",""supplierName"":""Calf Warehouse"",""productDetailID"":2959,""applicableBranch"":{""type"":""ALL"",""branches"":[]}}",2026-08-21 18:25:34.864397+00,2026-08-28 06:30:26.485137+00
764,1,612,1188,ALL,1058400.00,true,2025-12-31,Calf Warehouse,BLUE BAND COOKIES & CAKE 200GR,RMKC-00003,CTN@60PCS,Rupiah,2026-12-31,PLS202512310001,2960,341,1,"{""type"":""ALL"",""branches"":[]}","{""ID"":612,""unit"":""CTN@60PCS"",""price"":1058400,""uomID"":341,""priceDate"":""2025-12-31"",""productID"":1188,""currencyID"":1,""expireDate"":""2026-12-31"",""supplierID"":5,""productCode"":""RMKC-00003"",""productName"":""BLUE BAND COOKIES & CAKE 200GR"",""currencyName"":""Rupiah"",""pricelistNum"":""PLS202512310001"",""supplierName"":""Calf Warehouse"",""productDetailID"":2960,""applicableBranch"":{""type"":""ALL"",""branches"":[]}}",2026-08-21 18:25:34.864397+00,2026-08-28 06:30:26.485137+00
765,1,611,1187,ALL,104.31,true,2025-12-31,Calf Warehouse,BISCUIT REGAL 230GR,RMDG-00003,GR,Rupiah,2026-12-31,PLS202512310001,2955,351,1,"{""type"":""ALL"",""branches"":[]}","{""ID"":611,""unit"":""GR"",""price"":104.31,""uomID"":351,""priceDate"":""2025-12-31"",""productID"":1187,""currencyID"":1,""expireDate"":""2026-12-31"",""supplierID"":5,""productCode"":""RMDG-00003"",""productName"":""BISCUIT REGAL 230GR"",""currencyName"":""Rupiah"",""pricelistNum"":""PLS202512310001"",""supplierName"":""Calf Warehouse"",""productDetailID"":2955,""applicableBranch"":{""type"":""ALL"",""branches"":[]}}",2026-08-21 18:25:34.864397+00,2026-08-28 06:30:26.485137+00
766,1,610,1187,ALL,23992.00,true,2025-12-31,Calf Warehouse,BISCUIT REGAL 230GR,RMDG-00003,PACK@230GR,Rupiah,2026-12-31,PLS202512310001,2956,379,1,"{""type"":""ALL"",""branches"":[]}","{""ID"":610,""unit"":""PACK@230GR"",""price"":23992,""uomID"":379,""priceDate"":""2025-12-31"",""productID"":1187,""currencyID"":1,""expireDate"":""2026-12-31"",""supplierID"":5,""productCode"":""RMDG-00003"",""productName"":""BISCUIT REGAL 230GR"",""currencyName"":""Rupiah"",""pricelistNum"":""PLS202512310001"",""supplierName"":""Calf Warehouse"",""productDetailID"":2956,""applicableBranch"":{""type"":""ALL"",""branches"":[]}}",2026-08-21 18:25:34.864397+00,2026-08-28 06:30:26.485137+00
767,1,609,1187,ALL,575808.00,true,2025-12-31,Calf Warehouse,BISCUIT REGAL 230GR,RMDG-00003,CTN@24PACK,Rupiah,2026-12-31,PLS202512310001,2957,331,1,"{""type"":""ALL"",""branches"":[]}","{""ID"":609,""unit"":""CTN@24PACK"",""price"":575808,""uomID"":331,""priceDate"":""2025-12-31"",""productID"":1187,""currencyID"":1,""expireDate"":""2026-12-31"",""supplierID"":5,""productCode"":""RMDG-00003"",""productName"":""BISCUIT REGAL 230GR"",""currencyName"":""Rupiah"",""pricelistNum"":""PLS202512310001"",""supplierName"":""Calf Warehouse"",""productDetailID"":2957,""applicableBranch"":{""type"":""ALL"",""branches"":[]}}",2026-08-21 18:25:34.864397+00,2026-08-28 06:30:26.485137+00
768,1,608,1186,ALL,52.26,true,2025-12-31,Calf Warehouse,BISCUIT OREO 442GR,RMDG-00002,GR,Rupiah,2026-12-31,PLS202512310001,2952,351,1,"{""type"":""ALL"",""branches"":[]}","{""ID"":608,""unit"":""GR"",""price"":52.26,""uomID"":351,""priceDate"":""2025-12-31"",""productID"":1186,""currencyID"":1,""expireDate"":""2026-12-31"",""supplierID"":5,""productCode"":""RMDG-00002"",""productName"":""BISCUIT OREO 442GR"",""currencyName"":""Rupiah"",""pricelistNum"":""PLS202512310001"",""supplierName"":""Calf Warehouse"",""productDetailID"":2952,""applicableBranch"":{""type"":""ALL"",""branches"":[]}}",2026-08-21 18:25:34.864397+00,2026-08-28 06:30:26.485137+00
769,1,607,1186,ALL,23100.00,true,2025-12-31,Calf Warehouse,BISCUIT OREO 442GR,RMDG-00002,PACK@442GR,Rupiah,2026-12-31,PLS202512310001,2953,386,1,"{""type"":""ALL"",""branches"":[]}","{""ID"":607,""unit"":""PACK@442GR"",""price"":23100,""uomID"":386,""priceDate"":""2025-12-31"",""productID"":1186,""currencyID"":1,""expireDate"":""2026-12-31"",""supplierID"":5,""productCode"":""RMDG-00002"",""productName"":""BISCUIT OREO 442GR"",""currencyName"":""Rupiah"",""pricelistNum"":""PLS202512310001"",""supplierName"":""Calf Warehouse"",""productDetailID"":2953,""applicableBranch"":{""type"":""ALL"",""branches"":[]}}",2026-08-21 18:25:34.864397+00,2026-08-28 06:30:26.485137+00
770,1,606,1186,ALL,277200.00,true,2025-12-31,Calf Warehouse,BISCUIT OREO 442GR,RMDG-00002,CTN@12PACK,Rupiah,2026-12-31,PLS202512310001,2954,318,1,"{""type"":""ALL"",""branches"":[]}","{""ID"":606,""unit"":""CTN@12PACK"",""price"":277200,""uomID"":318,""priceDate"":""2025-12-31"",""productID"":1186,""currencyID"":1,""expireDate"":""2026-12-31"",""supplierID"":5,""productCode"":""RMDG-00002"",""productName"":""BISCUIT OREO 442GR"",""currencyName"":""Rupiah"",""pricelistNum"":""PLS202512310001"",""supplierName"":""Calf Warehouse"",""productDetailID"":2954,""applicableBranch"":{""type"":""ALL"",""branches"":[]}}",2026-08-21 18:25:34.864397+00,2026-08-28 06:30:26.485137+00
771,1,605,1185,ALL,57.61,true,2025-12-31,Calf Warehouse,BISCUIT BISKUAT 152GR,RMDG-00001,GR,Rupiah,2026-12-31,PLS202512310001,2949,351,1,"{""type"":""ALL"",""branches"":[]}","{""ID"":605,""unit"":""GR"",""price"":57.61,""uomID"":351,""priceDate"":""2025-12-31"",""productID"":1185,""currencyID"":1,""expireDate"":""2026-12-31"",""supplierID"":5,""productCode"":""RMDG-00001"",""productName"":""BISCUIT BISKUAT 152GR"",""currencyName"":""Rupiah"",""pricelistNum"":""PLS202512310001"",""supplierName"":""Calf Warehouse"",""productDetailID"":2949,""applicableBranch"":{""type"":""ALL"",""branches"":[]}}",2026-08-21 18:25:34.864397+00,2026-08-28 06:30:26.485137+00
772,1,604,1185,ALL,8757.00,true,2025-12-31,Calf Warehouse,BISCUIT BISKUAT 152GR,RMDG-00001,PACK@152GR,Rupiah,2026-12-31,PLS202512310001,2950,376,1,"{""type"":""ALL"",""branches"":[]}","{""ID"":604,""unit"":""PACK@152GR"",""price"":8757,""uomID"":376,""priceDate"":""2025-12-31"",""productID"":1185,""currencyID"":1,""expireDate"":""2026-12-31"",""supplierID"":5,""productCode"":""RMDG-00001"",""productName"":""BISCUIT BISKUAT 152GR"",""currencyName"":""Rupiah"",""pricelistNum"":""PLS202512310001"",""supplierName"":""Calf Warehouse"",""productDetailID"":2950,""applicableBranch"":{""type"":""ALL"",""branches"":[]}}",2026-08-21 18:25:34.864397+00,2026-08-28 06:30:26.485137+00
773,1,603,1185,ALL,105084.00,true,2025-12-31,Calf Warehouse,BISCUIT BISKUAT 152GR,RMDG-00001,CTN@12PACK,Rupiah,2026-12-31,PLS202512310001,2951,318,1,"{""type"":""ALL"",""branches"":[]}","{""ID"":603,""unit"":""CTN@12PACK"",""price"":105084,""uomID"":318,""priceDate"":""2025-12-31"",""productID"":1185,""currencyID"":1,""expireDate"":""2026-12-31"",""supplierID"":5,""productCode"":""RMDG-00001"",""productName"":""BISCUIT BISKUAT 152GR"",""currencyName"":""Rupiah"",""pricelistNum"":""PLS202512310001"",""supplierName"":""Calf Warehouse"",""productDetailID"":2951,""applicableBranch"":{""type"":""ALL"",""branches"":[]}}",2026-08-21 18:25:34.864397+00,2026-08-28 06:30:26.485137+00
774,1,602,1184,ALL,19.87,true,2025-12-31,Calf Warehouse,BERAS 20000gr,RMKC-00002,GR,Rupiah,2026-12-31,PLS202512310001,2946,351,1,"{""type"":""ALL"",""branches"":[]}","{""ID"":602,""unit"":""GR"",""price"":19.87,""uomID"":351,""priceDate"":""2025-12-31"",""productID"":1184,""currencyID"":1,""expireDate"":""2026-12-31"",""supplierID"":5,""productCode"":""RMKC-00002"",""productName"":""BERAS 20000gr"",""currencyName"":""Rupiah"",""pricelistNum"":""PLS202512310001"",""supplierName"":""Calf Warehouse"",""productDetailID"":2946,""applicableBranch"":{""type"":""ALL"",""branches"":[]}}",2026-08-21 18:25:34.864397+00,2026-08-28 06:30:26.485137+00
775,1,601,1184,ALL,19871.25,true,2025-12-31,Calf Warehouse,BERAS 20000gr,RMKC-00002,KG@1000GR,Rupiah,2026-12-31,PLS202512310001,2947,365,1,"{""type"":""ALL"",""branches"":[]}","{""ID"":601,""unit"":""KG@1000GR"",""price"":19871.25,""uomID"":365,""priceDate"":""2025-12-31"",""productID"":1184,""currencyID"":1,""expireDate"":""2026-12-31"",""supplierID"":5,""productCode"":""RMKC-00002"",""productName"":""BERAS 20000gr"",""currencyName"":""Rupiah"",""pricelistNum"":""PLS202512310001"",""supplierName"":""Calf Warehouse"",""productDetailID"":2947,""applicableBranch"":{""type"":""ALL"",""branches"":[]}}",2026-08-21 18:25:34.864397+00,2026-08-28 06:30:26.485137+00
776,1,600,1184,ALL,397425.00,true,2025-12-31,Calf Warehouse,BERAS 20000gr,RMKC-00002,KRG@20000GR,Rupiah,2026-12-31,PLS202512310001,2948,366,1,"{""type"":""ALL"",""branches"":[]}","{""ID"":600,""unit"":""KRG@20000GR"",""price"":397425,""uomID"":366,""priceDate"":""2025-12-31"",""productID"":1184,""currencyID"":1,""expireDate"":""2026-12-31"",""supplierID"":5,""productCode"":""RMKC-00002"",""productName"":""BERAS 20000gr"",""currencyName"":""Rupiah"",""pricelistNum"":""PLS202512310001"",""supplierName"":""Calf Warehouse"",""productDetailID"":2948,""applicableBranch"":{""type"":""ALL"",""branches"":[]}}",2026-08-21 18:25:34.864397+00,2026-08-28 06:30:26.485137+00
777,1,599,1175,ALL,109.90,true,2025-12-31,Calf Warehouse,BAKING POWDER,RMKC-00001,GR,Rupiah,2026-12-31,PLS202512310001,2923,351,1,"{""type"":""ALL"",""branches"":[]}","{""ID"":599,""unit"":""GR"",""price"":109.9,""uomID"":351,""priceDate"":""2025-12-31"",""productID"":1175,""currencyID"":1,""expireDate"":""2026-12-31"",""supplierID"":5,""productCode"":""RMKC-00001"",""productName"":""BAKING POWDER"",""currencyName"":""Rupiah"",""pricelistNum"":""PLS202512310001"",""supplierName"":""Calf Warehouse"",""productDetailID"":2923,""applicableBranch"":{""type"":""ALL"",""branches"":[]}}",2026-08-21 18:25:34.864397+00,2026-08-28 06:30:26.485137+00
778,1,598,1175,ALL,54948.00,true,2025-12-31,Calf Warehouse,BAKING POWDER,RMKC-00001,PCS@500GR,Rupiah,2026-12-31,PLS202512310001,2924,413,1,"{""type"":""ALL"",""branches"":[]}","{""ID"":598,""unit"":""PCS@500GR"",""price"":54948,""uomID"":413,""priceDate"":""2025-12-31"",""productID"":1175,""currencyID"":1,""expireDate"":""2026-12-31"",""supplierID"":5,""productCode"":""RMKC-00001"",""productName"":""BAKING POWDER"",""currencyName"":""Rupiah"",""pricelistNum"":""PLS202512310001"",""supplierName"":""Calf Warehouse"",""productDetailID"":2924,""applicableBranch"":{""type"":""ALL"",""branches"":[]}}",2026-08-21 18:25:34.864397+00,2026-08-28 06:30:26.485137+00
779,1,597,1175,ALL,659376.00,true,2025-12-31,Calf Warehouse,BAKING POWDER,RMKC-00001,CTN@12PCS,Rupiah,2026-12-31,PLS202512310001,2925,319,1,"{""type"":""ALL"",""branches"":[]}","{""ID"":597,""unit"":""CTN@12PCS"",""price"":659376,""uomID"":319,""priceDate"":""2025-12-31"",""productID"":1175,""currencyID"":1,""expireDate"":""2026-12-31"",""supplierID"":5,""productCode"":""RMKC-00001"",""productName"":""BAKING POWDER"",""currencyName"":""Rupiah"",""pricelistNum"":""PLS202512310001"",""supplierName"":""Calf Warehouse"",""productDetailID"":2925,""applicableBranch"":{""type"":""ALL"",""branches"":[]}}",2026-08-21 18:25:34.864397+00,2026-08-28 06:30:26.485137+00
780,1,596,1170,ALL,487.70,true,2025-12-31,Calf Warehouse,ALUMUNIUM FOIL OX 100 ( CUP PUDDING ),PCPK-00001,PCS,Rupiah,2026-12-31,PLS202512310001,2911,402,1,"{""type"":""ALL"",""branches"":[]}","{""ID"":596,""unit"":""PCS"",""price"":487.7,""uomID"":402,""priceDate"":""2025-12-31"",""productID"":1170,""currencyID"":1,""expireDate"":""2026-12-31"",""supplierID"":5,""productCode"":""PCPK-00001"",""productName"":""ALUMUNIUM FOIL OX 100 ( CUP PUDDING )"",""currencyName"":""Rupiah"",""pricelistNum"":""PLS202512310001"",""supplierName"":""Calf Warehouse"",""productDetailID"":2911,""applicableBranch"":{""type"":""ALL"",""branches"":[]}}",2026-08-21 18:25:34.864397+00,2026-08-28 06:30:26.485137+00
781,1,679,1247,ALL,20.34,true,2025-12-31,Calf Warehouse,FRESH MILK CIMORY 950ML,RMFR-00006,GR,Rupiah,2026-04-14,PLS202512310001,3101,351,1,"{""type"":""ALL"",""branches"":[]}","{""ID"":679,""unit"":""GR"",""price"":20.34,""uomID"":351,""priceDate"":""2025-12-31"",""productID"":1247,""currencyID"":1,""expireDate"":""2026-04-14"",""supplierID"":5,""productCode"":""RMFR-00006"",""productName"":""FRESH MILK CIMORY 950ML"",""currencyName"":""Rupiah"",""pricelistNum"":""PLS202512310001"",""supplierName"":""Calf Warehouse"",""productDetailID"":3101,""applicableBranch"":{""type"":""ALL"",""branches"":[]}}",2026-08-21 18:25:34.864397+00,2026-08-28 06:30:26.485137+00
782,1,678,1247,ALL,19325.00,true,2025-12-31,Calf Warehouse,FRESH MILK CIMORY 950ML,RMFR-00006,PCS@950GR,Rupiah,2026-04-14,PLS202512310001,3102,418,1,"{""type"":""ALL"",""branches"":[]}","{""ID"":678,""unit"":""PCS@950GR"",""price"":19325,""uomID"":418,""priceDate"":""2025-12-31"",""productID"":1247,""currencyID"":1,""expireDate"":""2026-04-14"",""supplierID"":5,""productCode"":""RMFR-00006"",""productName"":""FRESH MILK CIMORY 950ML"",""currencyName"":""Rupiah"",""pricelistNum"":""PLS202512310001"",""supplierName"":""Calf Warehouse"",""productDetailID"":3102,""applicableBranch"":{""type"":""ALL"",""branches"":[]}}",2026-08-21 18:25:34.864397+00,2026-08-28 06:30:26.485137+00
783,1,677,1247,ALL,231900.00,true,2025-12-31,Calf Warehouse,FRESH MILK CIMORY 950ML,RMFR-00006,CTN@12PCS,Rupiah,2026-04-14,PLS202512310001,3103,319,1,"{""type"":""ALL"",""branches"":[]}","{""ID"":677,""unit"":""CTN@12PCS"",""price"":231900,""uomID"":319,""priceDate"":""2025-12-31"",""productID"":1247,""currencyID"":1,""expireDate"":""2026-04-14"",""supplierID"":5,""productCode"":""RMFR-00006"",""productName"":""FRESH MILK CIMORY 950ML"",""currencyName"":""Rupiah"",""pricelistNum"":""PLS202512310001"",""supplierName"":""Calf Warehouse"",""productDetailID"":3103,""applicableBranch"":{""type"":""ALL"",""branches"":[]}}",2026-08-21 18:25:34.864397+00,2026-08-28 06:30:26.485137+00
784,1,676,1242,ALL,51.83,true,2025-12-31,Calf Warehouse,FRENCH FRIES STRAIGHT CUT 2000GR,RMFR-00005,GR,Rupiah,2026-12-31,PLS202512310001,3087,351,1,"{""type"":""ALL"",""branches"":[]}","{""ID"":676,""unit"":""GR"",""price"":51.83,""uomID"":351,""priceDate"":""2025-12-31"",""productID"":1242,""currencyID"":1,""expireDate"":""2026-12-31"",""supplierID"":5,""productCode"":""RMFR-00005"",""productName"":""FRENCH FRIES STRAIGHT CUT 2000GR"",""currencyName"":""Rupiah"",""pricelistNum"":""PLS202512310001"",""supplierName"":""Calf Warehouse"",""productDetailID"":3087,""applicableBranch"":{""type"":""ALL"",""branches"":[]}}",2026-08-21 18:25:34.864397+00,2026-08-28 06:30:26.485137+00
785,1,675,1242,ALL,103653.90,true,2025-12-31,Calf Warehouse,FRENCH FRIES STRAIGHT CUT 2000GR,RMFR-00005,PACK@2000GR,Rupiah,2026-12-31,PLS202512310001,3088,377,1,"{""type"":""ALL"",""branches"":[]}","{""ID"":675,""unit"":""PACK@2000GR"",""price"":103653.9,""uomID"":377,""priceDate"":""2025-12-31"",""productID"":1242,""currencyID"":1,""expireDate"":""2026-12-31"",""supplierID"":5,""productCode"":""RMFR-00005"",""productName"":""FRENCH FRIES STRAIGHT CUT 2000GR"",""currencyName"":""Rupiah"",""pricelistNum"":""PLS202512310001"",""supplierName"":""Calf Warehouse"",""productDetailID"":3088,""applicableBranch"":{""type"":""ALL"",""branches"":[]}}",2026-08-21 18:25:34.864397+00,2026-08-28 06:30:26.485137+00
786,1,674,1241,ALL,19215.00,true,2025-12-31,Calf Warehouse,FLAME GUN,KSUK-00008,PCS,Rupiah,2026-12-31,PLS202512310001,3086,402,1,"{""type"":""ALL"",""branches"":[]}","{""ID"":674,""unit"":""PCS"",""price"":19215,""uomID"":402,""priceDate"":""2025-12-31"",""productID"":1241,""currencyID"":1,""expireDate"":""2026-12-31"",""supplierID"":5,""productCode"":""KSUK-00008"",""productName"":""FLAME GUN"",""currencyName"":""Rupiah"",""pricelistNum"":""PLS202512310001"",""supplierName"":""Calf Warehouse"",""productDetailID"":3086,""applicableBranch"":{""type"":""ALL"",""branches"":[]}}",2026-08-21 18:25:34.864397+00,2026-08-28 06:30:26.485137+00
787,1,673,1239,ALL,47.37,true,2025-12-31,Calf Warehouse,EVAPORATED MILK FN 380GR,RMBV-00004,GR,Rupiah,2026-12-31,PLS202512310001,3080,351,1,"{""type"":""ALL"",""branches"":[]}","{""ID"":673,""unit"":""GR"",""price"":47.37,""uomID"":351,""priceDate"":""2025-12-31"",""productID"":1239,""currencyID"":1,""expireDate"":""2026-12-31"",""supplierID"":5,""productCode"":""RMBV-00004"",""productName"":""EVAPORATED MILK FN 380GR"",""currencyName"":""Rupiah"",""pricelistNum"":""PLS202512310001"",""supplierName"":""Calf Warehouse"",""productDetailID"":3080,""applicableBranch"":{""type"":""ALL"",""branches"":[]}}",2026-08-21 18:25:34.864397+00,2026-08-28 06:30:26.485137+00
788,1,672,1239,ALL,18000.00,true,2025-12-31,Calf Warehouse,EVAPORATED MILK FN 380GR,RMBV-00004,PCS@380GR,Rupiah,2026-12-31,PLS202512310001,3081,411,1,"{""type"":""ALL"",""branches"":[]}","{""ID"":672,""unit"":""PCS@380GR"",""price"":18000,""uomID"":411,""priceDate"":""2025-12-31"",""productID"":1239,""currencyID"":1,""expireDate"":""2026-12-31"",""supplierID"":5,""productCode"":""RMBV-00004"",""productName"":""EVAPORATED MILK FN 380GR"",""currencyName"":""Rupiah"",""pricelistNum"":""PLS202512310001"",""supplierName"":""Calf Warehouse"",""productDetailID"":3081,""applicableBranch"":{""type"":""ALL"",""branches"":[]}}",2026-08-21 18:25:34.864397+00,2026-08-28 06:30:26.485137+00
789,1,671,1239,ALL,864000.00,true,2025-12-31,Calf Warehouse,EVAPORATED MILK FN 380GR,RMBV-00004,CTN@48PCS,Rupiah,2026-12-31,PLS202512310001,3082,338,1,"{""type"":""ALL"",""branches"":[]}","{""ID"":671,""unit"":""CTN@48PCS"",""price"":864000,""uomID"":338,""priceDate"":""2025-12-31"",""productID"":1239,""currencyID"":1,""expireDate"":""2026-12-31"",""supplierID"":5,""productCode"":""RMBV-00004"",""productName"":""EVAPORATED MILK FN 380GR"",""currencyName"":""Rupiah"",""pricelistNum"":""PLS202512310001"",""supplierName"":""Calf Warehouse"",""productDetailID"":3082,""applicableBranch"":{""type"":""ALL"",""branches"":[]}}",2026-08-21 18:25:34.864397+00,2026-08-28 06:30:26.485137+00
790,1,670,1233,ALL,342.00,true,2025-12-31,Calf Warehouse,DRIED ROSELLA 500GR,RMDG-00006,GR,Rupiah,2026-12-31,PLS202512310001,3066,351,1,"{""type"":""ALL"",""branches"":[]}","{""ID"":670,""unit"":""GR"",""price"":342,""uomID"":351,""priceDate"":""2025-12-31"",""productID"":1233,""currencyID"":1,""expireDate"":""2026-12-31"",""supplierID"":5,""productCode"":""RMDG-00006"",""productName"":""DRIED ROSELLA 500GR"",""currencyName"":""Rupiah"",""pricelistNum"":""PLS202512310001"",""supplierName"":""Calf Warehouse"",""productDetailID"":3066,""applicableBranch"":{""type"":""ALL"",""branches"":[]}}",2026-08-21 18:25:34.864397+00,2026-08-28 06:30:26.485137+00
791,1,669,1233,ALL,171000.00,true,2025-12-31,Calf Warehouse,DRIED ROSELLA 500GR,RMDG-00006,PACK@500GR,Rupiah,2026-12-31,PLS202512310001,3067,387,1,"{""type"":""ALL"",""branches"":[]}","{""ID"":669,""unit"":""PACK@500GR"",""price"":171000,""uomID"":387,""priceDate"":""2025-12-31"",""productID"":1233,""currencyID"":1,""expireDate"":""2026-12-31"",""supplierID"":5,""productCode"":""RMDG-00006"",""productName"":""DRIED ROSELLA 500GR"",""currencyName"":""Rupiah"",""pricelistNum"":""PLS202512310001"",""supplierName"":""Calf Warehouse"",""productDetailID"":3067,""applicableBranch"":{""type"":""ALL"",""branches"":[]}}",2026-08-21 18:25:34.864397+00,2026-08-28 06:30:26.485137+00
792,1,668,1232,ALL,573.00,true,2025-12-31,Calf Warehouse,DRIED PINEAPPLE 500GR,RMDG-00007,GR,Rupiah,2026-12-31,PLS202512310001,3064,351,1,"{""type"":""ALL"",""branches"":[]}","{""ID"":668,""unit"":""GR"",""price"":573,""uomID"":351,""priceDate"":""2025-12-31"",""productID"":1232,""currencyID"":1,""expireDate"":""2026-12-31"",""supplierID"":5,""productCode"":""RMDG-00007"",""productName"":""DRIED PINEAPPLE 500GR"",""currencyName"":""Rupiah"",""pricelistNum"":""PLS202512310001"",""supplierName"":""Calf Warehouse"",""productDetailID"":3064,""applicableBranch"":{""type"":""ALL"",""branches"":[]}}",2026-08-21 18:25:34.864397+00,2026-08-28 06:30:26.485137+00
793,1,667,1232,ALL,286500.00,true,2025-12-31,Calf Warehouse,DRIED PINEAPPLE 500GR,RMDG-00007,PACK@500GR,Rupiah,2026-12-31,PLS202512310001,3065,387,1,"{""type"":""ALL"",""branches"":[]}","{""ID"":667,""unit"":""PACK@500GR"",""price"":286500,""uomID"":387,""priceDate"":""2025-12-31"",""productID"":1232,""currencyID"":1,""expireDate"":""2026-12-31"",""supplierID"":5,""productCode"":""RMDG-00007"",""productName"":""DRIED PINEAPPLE 500GR"",""currencyName"":""Rupiah"",""pricelistNum"":""PLS202512310001"",""supplierName"":""Calf Warehouse"",""productDetailID"":3065,""applicableBranch"":{""type"":""ALL"",""branches"":[]}}",2026-08-21 18:25:34.864397+00,2026-08-28 06:30:26.485137+00
794,1,666,1231,ALL,636.00,true,2025-12-31,Calf Warehouse,DRIED ORANGE 500GR,RMDG-00008,GR,Rupiah,2026-12-31,PLS202512310001,3062,351,1,"{""type"":""ALL"",""branches"":[]}","{""ID"":666,""unit"":""GR"",""price"":636,""uomID"":351,""priceDate"":""2025-12-31"",""productID"":1231,""currencyID"":1,""expireDate"":""2026-12-31"",""supplierID"":5,""productCode"":""RMDG-00008"",""productName"":""DRIED ORANGE 500GR"",""currencyName"":""Rupiah"",""pricelistNum"":""PLS202512310001"",""supplierName"":""Calf Warehouse"",""productDetailID"":3062,""applicableBranch"":{""type"":""ALL"",""branches"":[]}}",2026-08-21 18:25:34.864397+00,2026-08-28 06:30:26.485137+00
795,1,665,1231,ALL,318000.00,true,2025-12-31,Calf Warehouse,DRIED ORANGE 500GR,RMDG-00008,PACK@500GR,Rupiah,2026-12-31,PLS202512310001,3063,387,1,"{""type"":""ALL"",""branches"":[]}","{""ID"":665,""unit"":""PACK@500GR"",""price"":318000,""uomID"":387,""priceDate"":""2025-12-31"",""productID"":1231,""currencyID"":1,""expireDate"":""2026-12-31"",""supplierID"":5,""productCode"":""RMDG-00008"",""productName"":""DRIED ORANGE 500GR"",""currencyName"":""Rupiah"",""pricelistNum"":""PLS202512310001"",""supplierName"":""Calf Warehouse"",""productDetailID"":3063,""applicableBranch"":{""type"":""ALL"",""branches"":[]}}",2026-08-21 18:25:34.864397+00,2026-08-28 06:30:26.485137+00
796,1,663,1230,ALL,190000.00,true,2025-12-31,Calf Warehouse,DIMSUM,RMFR-00003,PACK@100PCS,Rupiah,2026-12-31,PLS202512310001,3061,371,1,"{""type"":""ALL"",""branches"":[]}","{""ID"":663,""unit"":""PACK@100PCS"",""price"":190000,""uomID"":371,""priceDate"":""2025-12-31"",""productID"":1230,""currencyID"":1,""expireDate"":""2026-12-31"",""supplierID"":5,""productCode"":""RMFR-00003"",""productName"":""DIMSUM"",""currencyName"":""Rupiah"",""pricelistNum"":""PLS202512310001"",""supplierName"":""Calf Warehouse"",""productDetailID"":3061,""applicableBranch"":{""type"":""ALL"",""branches"":[]}}",2026-08-21 18:25:34.864397+00,2026-08-28 06:30:26.485137+00
797,1,662,1228,ALL,29.93,true,2025-12-31,Calf Warehouse,CUP SEALER,KSUT-00004,PCS,Rupiah,2026-04-14,PLS202512310001,3055,402,1,"{""type"":""ALL"",""branches"":[]}","{""ID"":662,""unit"":""PCS"",""price"":29.93,""uomID"":402,""priceDate"":""2025-12-31"",""productID"":1228,""currencyID"":1,""expireDate"":""2026-04-14"",""supplierID"":5,""productCode"":""KSUT-00004"",""productName"":""CUP SEALER"",""currencyName"":""Rupiah"",""pricelistNum"":""PLS202512310001"",""supplierName"":""Calf Warehouse"",""productDetailID"":3055,""applicableBranch"":{""type"":""ALL"",""branches"":[]}}",2026-08-21 18:25:34.864397+00,2026-08-28 06:30:26.485137+00
798,1,661,1228,ALL,29925.00,true,2025-12-31,Calf Warehouse,CUP SEALER,KSUT-00004,ROLL@1000PCS,Rupiah,2026-04-14,PLS202512310001,3056,437,1,"{""type"":""ALL"",""branches"":[]}","{""ID"":661,""unit"":""ROLL@1000PCS"",""price"":29925,""uomID"":437,""priceDate"":""2025-12-31"",""productID"":1228,""currencyID"":1,""expireDate"":""2026-04-14"",""supplierID"":5,""productCode"":""KSUT-00004"",""productName"":""CUP SEALER"",""currencyName"":""Rupiah"",""pricelistNum"":""PLS202512310001"",""supplierName"":""Calf Warehouse"",""productDetailID"":3056,""applicableBranch"":{""type"":""ALL"",""branches"":[]}}",2026-08-21 18:25:34.864397+00,2026-08-28 06:30:26.485137+00
799,1,660,1228,ALL,359100.00,true,2025-12-31,Calf Warehouse,CUP SEALER,KSUT-00004,CTN@12ROLL,Rupiah,2026-04-14,PLS202512310001,3057,320,1,"{""type"":""ALL"",""branches"":[]}","{""ID"":660,""unit"":""CTN@12ROLL"",""price"":359100,""uomID"":320,""priceDate"":""2025-12-31"",""productID"":1228,""currencyID"":1,""expireDate"":""2026-04-14"",""supplierID"":5,""productCode"":""KSUT-00004"",""productName"":""CUP SEALER"",""currencyName"":""Rupiah"",""pricelistNum"":""PLS202512310001"",""supplierName"":""Calf Warehouse"",""productDetailID"":3057,""applicableBranch"":{""type"":""ALL"",""branches"":[]}}",2026-08-21 18:25:34.864397+00,2026-08-28 06:30:26.485137+00
800,1,659,1227,ALL,276.90,true,2025-12-31,Calf Warehouse,CUP SAUCE 60ML,PCPK-00003,PCS,Rupiah,2026-12-31,PLS202512310001,3052,402,1,"{""type"":""ALL"",""branches"":[]}","{""ID"":659,""unit"":""PCS"",""price"":276.9,""uomID"":402,""priceDate"":""2025-12-31"",""productID"":1227,""currencyID"":1,""expireDate"":""2026-12-31"",""supplierID"":5,""productCode"":""PCPK-00003"",""productName"":""CUP SAUCE 60ML"",""currencyName"":""Rupiah"",""pricelistNum"":""PLS202512310001"",""supplierName"":""Calf Warehouse"",""productDetailID"":3052,""applicableBranch"":{""type"":""ALL"",""branches"":[]}}",2026-08-21 18:25:34.864397+00,2026-08-28 06:30:26.485137+00
801,1,658,1227,ALL,13845.00,true,2025-12-31,Calf Warehouse,CUP SAUCE 60ML,PCPK-00003,PACK@50PCS,Rupiah,2026-12-31,PLS202512310001,3053,389,1,"{""type"":""ALL"",""branches"":[]}","{""ID"":658,""unit"":""PACK@50PCS"",""price"":13845,""uomID"":389,""priceDate"":""2025-12-31"",""productID"":1227,""currencyID"":1,""expireDate"":""2026-12-31"",""supplierID"":5,""productCode"":""PCPK-00003"",""productName"":""CUP SAUCE 60ML"",""currencyName"":""Rupiah"",""pricelistNum"":""PLS202512310001"",""supplierName"":""Calf Warehouse"",""productDetailID"":3053,""applicableBranch"":{""type"":""ALL"",""branches"":[]}}",2026-08-21 18:25:34.864397+00,2026-08-28 06:30:26.485137+00
802,1,1037,1450,ALL,2250000.00,true,2025-12-31,Calf Warehouse,TRUFFLE OIL 250ML,RMKC-00033,CTN@12BTL,Rupiah,2026-05-31,PLS202512310001,3603,317,1,"{""type"":""ALL"",""branches"":[]}","{""ID"":1037,""unit"":""CTN@12BTL"",""price"":2250000,""uomID"":317,""priceDate"":""2025-12-31"",""productID"":1450,""currencyID"":1,""expireDate"":""2026-05-31"",""supplierID"":5,""productCode"":""RMKC-00033"",""productName"":""TRUFFLE OIL 250ML"",""currencyName"":""Rupiah"",""pricelistNum"":""PLS202512310001"",""supplierName"":""Calf Warehouse"",""productDetailID"":3603,""applicableBranch"":{""type"":""ALL"",""branches"":[]}}",2026-08-21 18:25:34.864397+00,2026-08-27 06:00:27.553506+00
803,1,1121,1484,ALL,745500.00,true,2025-12-31,Calf Warehouse,GULA AREN 1300GR,RMBV-00025,CTN@20BTL,Rupiah,2026-04-14,PLS202512310001,3698,448,1,"{""type"":""ALL"",""branches"":[]}","{""ID"":1121,""unit"":""CTN@20BTL"",""price"":745500,""uomID"":448,""priceDate"":""2025-12-31"",""productID"":1484,""currencyID"":1,""expireDate"":""2026-04-14"",""supplierID"":5,""productCode"":""RMBV-00025"",""productName"":""GULA AREN 1300GR"",""currencyName"":""Rupiah"",""pricelistNum"":""PLS202512310001"",""supplierName"":""Calf Warehouse"",""productDetailID"":3698,""applicableBranch"":{""type"":""ALL"",""branches"":[]}}",2026-08-21 18:25:34.864397+00,2026-08-27 06:00:27.553506+00
804,1,1039,1450,ALL,750.00,true,2025-12-31,Calf Warehouse,TRUFFLE OIL 250ML,RMKC-00033,GR,Rupiah,2026-05-31,PLS202512310001,3601,351,1,"{""type"":""ALL"",""branches"":[]}","{""ID"":1039,""unit"":""GR"",""price"":750,""uomID"":351,""priceDate"":""2025-12-31"",""productID"":1450,""currencyID"":1,""expireDate"":""2026-05-31"",""supplierID"":5,""productCode"":""RMKC-00033"",""productName"":""TRUFFLE OIL 250ML"",""currencyName"":""Rupiah"",""pricelistNum"":""PLS202512310001"",""supplierName"":""Calf Warehouse"",""productDetailID"":3601,""applicableBranch"":{""type"":""ALL"",""branches"":[]}}",2026-08-21 18:25:34.864397+00,2026-08-27 06:00:27.553506+00
805,1,1147,1519,ALL,76500.00,true,2025-12-31,Calf Warehouse,SABUN DETERGEN CAIR,GNCH-00007,JRG,Rupiah,2026-12-31,PLS202512310001,3760,355,1,"{""type"":""ALL"",""branches"":[]}","{""ID"":1147,""unit"":""JRG"",""price"":76500,""uomID"":355,""priceDate"":""2025-12-31"",""productID"":1519,""currencyID"":1,""expireDate"":""2026-12-31"",""supplierID"":5,""productCode"":""GNCH-00007"",""productName"":""SABUN DETERGEN CAIR"",""currencyName"":""Rupiah"",""pricelistNum"":""PLS202512310001"",""supplierName"":""Calf Warehouse"",""productDetailID"":3760,""applicableBranch"":{""type"":""ALL"",""branches"":[]}}",2026-08-21 18:25:34.864397+00,2026-08-27 06:00:27.553506+00
806,1,1040,1451,ALL,135000.00,true,2025-12-31,Calf Warehouse,TUMBLR SEVENTEEN,KSUT-00022,PCS,Rupiah,2026-12-31,PLS202512310001,3604,402,1,"{""type"":""ALL"",""branches"":[]}","{""ID"":1040,""unit"":""PCS"",""price"":135000,""uomID"":402,""priceDate"":""2025-12-31"",""productID"":1451,""currencyID"":1,""expireDate"":""2026-12-31"",""supplierID"":5,""productCode"":""KSUT-00022"",""productName"":""TUMBLR SEVENTEEN"",""currencyName"":""Rupiah"",""pricelistNum"":""PLS202512310001"",""supplierName"":""Calf Warehouse"",""productDetailID"":3604,""applicableBranch"":{""type"":""ALL"",""branches"":[]}}",2026-08-21 18:25:34.864397+00,2026-08-27 06:00:27.553506+00
807,1,1044,1452,ALL,5250.00,true,2025-12-31,Calf Warehouse,TUTUP BOTOL KALE 1000ML,PCPB-00012,BALL@50PCS,Rupiah,2026-04-14,PLS202512310001,3606,293,1,"{""type"":""ALL"",""branches"":[]}","{""ID"":1044,""unit"":""BALL@50PCS"",""price"":5250,""uomID"":293,""priceDate"":""2025-12-31"",""productID"":1452,""currencyID"":1,""expireDate"":""2026-04-14"",""supplierID"":5,""productCode"":""PCPB-00012"",""productName"":""TUTUP BOTOL KALE 1000ML"",""currencyName"":""Rupiah"",""pricelistNum"":""PLS202512310001"",""supplierName"":""Calf Warehouse"",""productDetailID"":3606,""applicableBranch"":{""type"":""ALL"",""branches"":[]}}",2026-08-21 18:25:34.864397+00,2026-08-27 06:00:27.553506+00
808,1,1045,1452,ALL,105.00,true,2025-12-31,Calf Warehouse,TUTUP BOTOL KALE 1000ML,PCPB-00012,PCS,Rupiah,2026-04-14,PLS202512310001,3605,402,1,"{""type"":""ALL"",""branches"":[]}","{""ID"":1045,""unit"":""PCS"",""price"":105,""uomID"":402,""priceDate"":""2025-12-31"",""productID"":1452,""currencyID"":1,""expireDate"":""2026-04-14"",""supplierID"":5,""productCode"":""PCPB-00012"",""productName"":""TUTUP BOTOL KALE 1000ML"",""currencyName"":""Rupiah"",""pricelistNum"":""PLS202512310001"",""supplierName"":""Calf Warehouse"",""productDetailID"":3605,""applicableBranch"":{""type"":""ALL"",""branches"":[]}}",2026-08-21 18:25:34.864397+00,2026-08-27 06:00:27.553506+00
809,1,1142,1525,ALL,39000.00,true,2025-12-31,Calf Warehouse,MINYAK GORENG NEW,RMKC-00043,PACK@2000GR,Rupiah,2026-12-31,PLS202512310001,3772,377,1,"{""type"":""ALL"",""branches"":[]}","{""ID"":1142,""unit"":""PACK@2000GR"",""price"":39000,""uomID"":377,""priceDate"":""2025-12-31"",""productID"":1525,""currencyID"":1,""expireDate"":""2026-12-31"",""supplierID"":5,""productCode"":""RMKC-00043"",""productName"":""MINYAK GORENG NEW"",""currencyName"":""Rupiah"",""pricelistNum"":""PLS202512310001"",""supplierName"":""Calf Warehouse"",""productDetailID"":3772,""applicableBranch"":{""type"":""ALL"",""branches"":[]}}",2026-08-21 18:25:34.864397+00,2026-08-27 06:00:27.553506+00
810,1,1047,1453,ALL,10400.00,true,2025-12-31,Calf Warehouse,TUTUP CUP ES,PCPB-00013,BALL@50PCS,Rupiah,2026-05-31,PLS202512310001,3608,293,1,"{""type"":""ALL"",""branches"":[]}","{""ID"":1047,""unit"":""BALL@50PCS"",""price"":10400,""uomID"":293,""priceDate"":""2025-12-31"",""productID"":1453,""currencyID"":1,""expireDate"":""2026-05-31"",""supplierID"":5,""productCode"":""PCPB-00013"",""productName"":""TUTUP CUP ES"",""currencyName"":""Rupiah"",""pricelistNum"":""PLS202512310001"",""supplierName"":""Calf Warehouse"",""productDetailID"":3608,""applicableBranch"":{""type"":""ALL"",""branches"":[]}}",2026-08-21 18:25:34.864397+00,2026-08-27 06:00:27.553506+00
811,1,1138,1511,ALL,64.80,true,2025-12-31,Calf Warehouse,TARTAR SAUCE KEWPIE 1KG,RMKC-00036,GR,Rupiah,2026-12-31,PLS202512310001,3746,351,1,"{""type"":""ALL"",""branches"":[]}","{""ID"":1138,""unit"":""GR"",""price"":64.8,""uomID"":351,""priceDate"":""2025-12-31"",""productID"":1511,""currencyID"":1,""expireDate"":""2026-12-31"",""supplierID"":5,""productCode"":""RMKC-00036"",""productName"":""TARTAR SAUCE KEWPIE 1KG"",""currencyName"":""Rupiah"",""pricelistNum"":""PLS202512310001"",""supplierName"":""Calf Warehouse"",""productDetailID"":3746,""applicableBranch"":{""type"":""ALL"",""branches"":[]}}",2026-08-21 18:25:34.864397+00,2026-08-27 06:00:27.553506+00
812,1,1046,1453,ALL,208000.00,true,2025-12-31,Calf Warehouse,TUTUP CUP ES,PCPB-00013,CTN@20BALL,Rupiah,2026-05-31,PLS202512310001,3609,325,1,"{""type"":""ALL"",""branches"":[]}","{""ID"":1046,""unit"":""CTN@20BALL"",""price"":208000,""uomID"":325,""priceDate"":""2025-12-31"",""productID"":1453,""currencyID"":1,""expireDate"":""2026-05-31"",""supplierID"":5,""productCode"":""PCPB-00013"",""productName"":""TUTUP CUP ES"",""currencyName"":""Rupiah"",""pricelistNum"":""PLS202512310001"",""supplierName"":""Calf Warehouse"",""productDetailID"":3609,""applicableBranch"":{""type"":""ALL"",""branches"":[]}}",2026-08-21 18:25:34.864397+00,2026-08-27 06:00:27.553506+00
813,1,1048,1453,ALL,208.00,true,2025-12-31,Calf Warehouse,TUTUP CUP ES,PCPB-00013,PCS,Rupiah,2026-05-31,PLS202512310001,3607,402,1,"{""type"":""ALL"",""branches"":[]}","{""ID"":1048,""unit"":""PCS"",""price"":208,""uomID"":402,""priceDate"":""2025-12-31"",""productID"":1453,""currencyID"":1,""expireDate"":""2026-05-31"",""supplierID"":5,""productCode"":""PCPB-00013"",""productName"":""TUTUP CUP ES"",""currencyName"":""Rupiah"",""pricelistNum"":""PLS202512310001"",""supplierName"":""Calf Warehouse"",""productDetailID"":3607,""applicableBranch"":{""type"":""ALL"",""branches"":[]}}",2026-08-21 18:25:34.864397+00,2026-08-27 06:00:27.553506+00
814,1,1132,1522,ALL,175875.00,true,2025-12-31,Calf Warehouse,ICE CREAM VANILLA NEW,RMFR-00064,PAIL@4000GR (8L),Rupiah,2026-04-14,PLS202512310001,3766,452,1,"{""type"":""ALL"",""branches"":[]}","{""ID"":1132,""unit"":""PAIL@4000GR (8L)"",""price"":175875,""uomID"":452,""priceDate"":""2025-12-31"",""productID"":1522,""currencyID"":1,""expireDate"":""2026-04-14"",""supplierID"":5,""productCode"":""RMFR-00064"",""productName"":""ICE CREAM VANILLA NEW"",""currencyName"":""Rupiah"",""pricelistNum"":""PLS202512310001"",""supplierName"":""Calf Warehouse"",""productDetailID"":3766,""applicableBranch"":{""type"":""ALL"",""branches"":[]}}",2026-08-21 18:25:34.864397+00,2026-08-27 06:00:27.553506+00
815,1,1042,1454,ALL,7825.25,true,2025-12-31,Calf Warehouse,TUTUP CUP FROSTED,PCPB-00011,BALL@25PCS,Rupiah,2026-12-31,PLS202512310001,3611,291,1,"{""type"":""ALL"",""branches"":[]}","{""ID"":1042,""unit"":""BALL@25PCS"",""price"":7825.25,""uomID"":291,""priceDate"":""2025-12-31"",""productID"":1454,""currencyID"":1,""expireDate"":""2026-12-31"",""supplierID"":5,""productCode"":""PCPB-00011"",""productName"":""TUTUP CUP FROSTED"",""currencyName"":""Rupiah"",""pricelistNum"":""PLS202512310001"",""supplierName"":""Calf Warehouse"",""productDetailID"":3611,""applicableBranch"":{""type"":""ALL"",""branches"":[]}}",2026-08-21 18:25:34.864397+00,2026-08-27 06:00:27.553506+00
816,1,1041,1454,ALL,156505.00,true,2025-12-31,Calf Warehouse,TUTUP CUP FROSTED,PCPB-00011,CTN@20BALL,Rupiah,2026-12-31,PLS202512310001,3612,325,1,"{""type"":""ALL"",""branches"":[]}","{""ID"":1041,""unit"":""CTN@20BALL"",""price"":156505,""uomID"":325,""priceDate"":""2025-12-31"",""productID"":1454,""currencyID"":1,""expireDate"":""2026-12-31"",""supplierID"":5,""productCode"":""PCPB-00011"",""productName"":""TUTUP CUP FROSTED"",""currencyName"":""Rupiah"",""pricelistNum"":""PLS202512310001"",""supplierName"":""Calf Warehouse"",""productDetailID"":3612,""applicableBranch"":{""type"":""ALL"",""branches"":[]}}",2026-08-21 18:25:34.864397+00,2026-08-27 06:00:27.553506+00
817,1,1043,1454,ALL,313.01,true,2025-12-31,Calf Warehouse,TUTUP CUP FROSTED,PCPB-00011,PCS,Rupiah,2026-12-31,PLS202512310001,3610,402,1,"{""type"":""ALL"",""branches"":[]}","{""ID"":1043,""unit"":""PCS"",""price"":313.01,""uomID"":402,""priceDate"":""2025-12-31"",""productID"":1454,""currencyID"":1,""expireDate"":""2026-12-31"",""supplierID"":5,""productCode"":""PCPB-00011"",""productName"":""TUTUP CUP FROSTED"",""currencyName"":""Rupiah"",""pricelistNum"":""PLS202512310001"",""supplierName"":""Calf Warehouse"",""productDetailID"":3610,""applicableBranch"":{""type"":""ALL"",""branches"":[]}}",2026-08-21 18:25:34.864397+00,2026-08-27 06:00:27.553506+00
818,1,1050,1455,ALL,27500.00,true,2025-12-31,Calf Warehouse,TUTUP CUP HOT,PCPB-00014,BALL@50PCS,Rupiah,2026-12-31,PLS202512310001,3614,293,1,"{""type"":""ALL"",""branches"":[]}","{""ID"":1050,""unit"":""BALL@50PCS"",""price"":27500,""uomID"":293,""priceDate"":""2025-12-31"",""productID"":1455,""currencyID"":1,""expireDate"":""2026-12-31"",""supplierID"":5,""productCode"":""PCPB-00014"",""productName"":""TUTUP CUP HOT"",""currencyName"":""Rupiah"",""pricelistNum"":""PLS202512310001"",""supplierName"":""Calf Warehouse"",""productDetailID"":3614,""applicableBranch"":{""type"":""ALL"",""branches"":[]}}",2026-08-21 18:25:34.864397+00,2026-08-27 06:00:27.553506+00
819,1,1049,1455,ALL,550000.00,true,2025-12-31,Calf Warehouse,TUTUP CUP HOT,PCPB-00014,CTN@20BALL,Rupiah,2026-12-31,PLS202512310001,3615,325,1,"{""type"":""ALL"",""branches"":[]}","{""ID"":1049,""unit"":""CTN@20BALL"",""price"":550000,""uomID"":325,""priceDate"":""2025-12-31"",""productID"":1455,""currencyID"":1,""expireDate"":""2026-12-31"",""supplierID"":5,""productCode"":""PCPB-00014"",""productName"":""TUTUP CUP HOT"",""currencyName"":""Rupiah"",""pricelistNum"":""PLS202512310001"",""supplierName"":""Calf Warehouse"",""productDetailID"":3615,""applicableBranch"":{""type"":""ALL"",""branches"":[]}}",2026-08-21 18:25:34.864397+00,2026-08-27 06:00:27.553506+00
820,1,1051,1455,ALL,550.00,true,2025-12-31,Calf Warehouse,TUTUP CUP HOT,PCPB-00014,PCS,Rupiah,2026-12-31,PLS202512310001,3613,402,1,"{""type"":""ALL"",""branches"":[]}","{""ID"":1051,""unit"":""PCS"",""price"":550,""uomID"":402,""priceDate"":""2025-12-31"",""productID"":1455,""currencyID"":1,""expireDate"":""2026-12-31"",""supplierID"":5,""productCode"":""PCPB-00014"",""productName"":""TUTUP CUP HOT"",""currencyName"":""Rupiah"",""pricelistNum"":""PLS202512310001"",""supplierName"":""Calf Warehouse"",""productDetailID"":3613,""applicableBranch"":{""type"":""ALL"",""branches"":[]}}",2026-08-21 18:25:34.864397+00,2026-08-27 06:00:27.553506+00
821,1,1053,1456,ALL,12705.00,true,2025-12-31,Calf Warehouse,TUTUP CUP JEFFERSON & TEA FLAT LID,PCPB-00015,BALL@50PCS,Rupiah,2026-12-31,PLS202512310001,3617,293,1,"{""type"":""ALL"",""branches"":[]}","{""ID"":1053,""unit"":""BALL@50PCS"",""price"":12705,""uomID"":293,""priceDate"":""2025-12-31"",""productID"":1456,""currencyID"":1,""expireDate"":""2026-12-31"",""supplierID"":5,""productCode"":""PCPB-00015"",""productName"":""TUTUP CUP JEFFERSON & TEA FLAT LID"",""currencyName"":""Rupiah"",""pricelistNum"":""PLS202512310001"",""supplierName"":""Calf Warehouse"",""productDetailID"":3617,""applicableBranch"":{""type"":""ALL"",""branches"":[]}}",2026-08-21 18:25:34.864397+00,2026-08-27 06:00:27.553506+00
822,1,1052,1456,ALL,254100.00,true,2025-12-31,Calf Warehouse,TUTUP CUP JEFFERSON & TEA FLAT LID,PCPB-00015,CTN@20BALL,Rupiah,2026-12-31,PLS202512310001,3618,325,1,"{""type"":""ALL"",""branches"":[]}","{""ID"":1052,""unit"":""CTN@20BALL"",""price"":254100,""uomID"":325,""priceDate"":""2025-12-31"",""productID"":1456,""currencyID"":1,""expireDate"":""2026-12-31"",""supplierID"":5,""productCode"":""PCPB-00015"",""productName"":""TUTUP CUP JEFFERSON & TEA FLAT LID"",""currencyName"":""Rupiah"",""pricelistNum"":""PLS202512310001"",""supplierName"":""Calf Warehouse"",""productDetailID"":3618,""applicableBranch"":{""type"":""ALL"",""branches"":[]}}",2026-08-21 18:25:34.864397+00,2026-08-27 06:00:27.553506+00
823,1,1054,1456,ALL,254.10,true,2025-12-31,Calf Warehouse,TUTUP CUP JEFFERSON & TEA FLAT LID,PCPB-00015,PCS,Rupiah,2026-12-31,PLS202512310001,3616,402,1,"{""type"":""ALL"",""branches"":[]}","{""ID"":1054,""unit"":""PCS"",""price"":254.1,""uomID"":402,""priceDate"":""2025-12-31"",""productID"":1456,""currencyID"":1,""expireDate"":""2026-12-31"",""supplierID"":5,""productCode"":""PCPB-00015"",""productName"":""TUTUP CUP JEFFERSON & TEA FLAT LID"",""currencyName"":""Rupiah"",""pricelistNum"":""PLS202512310001"",""supplierName"":""Calf Warehouse"",""productDetailID"":3616,""applicableBranch"":{""type"":""ALL"",""branches"":[]}}",2026-08-21 18:25:34.864397+00,2026-08-27 06:00:27.553506+00
824,1,1055,1457,ALL,144375.00,true,2025-12-31,Calf Warehouse,TUTUP CUP JEFFERSON & TEA DOME LID,PCPB-00016,CTN@20PACK,Rupiah,2026-12-31,PLS202512310001,3621,326,1,"{""type"":""ALL"",""branches"":[]}","{""ID"":1055,""unit"":""CTN@20PACK"",""price"":144375,""uomID"":326,""priceDate"":""2025-12-31"",""productID"":1457,""currencyID"":1,""expireDate"":""2026-12-31"",""supplierID"":5,""productCode"":""PCPB-00016"",""productName"":""TUTUP CUP JEFFERSON & TEA DOME LID"",""currencyName"":""Rupiah"",""pricelistNum"":""PLS202512310001"",""supplierName"":""Calf Warehouse"",""productDetailID"":3621,""applicableBranch"":{""type"":""ALL"",""branches"":[]}}",2026-08-21 18:25:34.864397+00,2026-08-27 06:00:27.553506+00
825,1,1056,1457,ALL,7218.75,true,2025-12-31,Calf Warehouse,TUTUP CUP JEFFERSON & TEA DOME LID,PCPB-00016,PACK@25PCS,Rupiah,2026-12-31,PLS202512310001,3620,382,1,"{""type"":""ALL"",""branches"":[]}","{""ID"":1056,""unit"":""PACK@25PCS"",""price"":7218.75,""uomID"":382,""priceDate"":""2025-12-31"",""productID"":1457,""currencyID"":1,""expireDate"":""2026-12-31"",""supplierID"":5,""productCode"":""PCPB-00016"",""productName"":""TUTUP CUP JEFFERSON & TEA DOME LID"",""currencyName"":""Rupiah"",""pricelistNum"":""PLS202512310001"",""supplierName"":""Calf Warehouse"",""productDetailID"":3620,""applicableBranch"":{""type"":""ALL"",""branches"":[]}}",2026-08-21 18:25:34.864397+00,2026-08-27 06:00:27.553506+00
826,1,1057,1457,ALL,288.75,true,2025-12-31,Calf Warehouse,TUTUP CUP JEFFERSON & TEA DOME LID,PCPB-00016,PCS,Rupiah,2026-12-31,PLS202512310001,3619,402,1,"{""type"":""ALL"",""branches"":[]}","{""ID"":1057,""unit"":""PCS"",""price"":288.75,""uomID"":402,""priceDate"":""2025-12-31"",""productID"":1457,""currencyID"":1,""expireDate"":""2026-12-31"",""supplierID"":5,""productCode"":""PCPB-00016"",""productName"":""TUTUP CUP JEFFERSON & TEA DOME LID"",""currencyName"":""Rupiah"",""pricelistNum"":""PLS202512310001"",""supplierName"":""Calf Warehouse"",""productDetailID"":3619,""applicableBranch"":{""type"":""ALL"",""branches"":[]}}",2026-08-21 18:25:34.864397+00,2026-08-27 06:00:27.553506+00
827,1,1058,1458,ALL,1.00,true,2025-12-31,Calf Warehouse,TUTUP KALENG 250ML,PCPB-00018,PCS,Rupiah,2026-12-31,PLS202512310001,3622,402,1,"{""type"":""ALL"",""branches"":[]}","{""ID"":1058,""unit"":""PCS"",""price"":1,""uomID"":402,""priceDate"":""2025-12-31"",""productID"":1458,""currencyID"":1,""expireDate"":""2026-12-31"",""supplierID"":5,""productCode"":""PCPB-00018"",""productName"":""TUTUP KALENG 250ML"",""currencyName"":""Rupiah"",""pricelistNum"":""PLS202512310001"",""supplierName"":""Calf Warehouse"",""productDetailID"":3622,""applicableBranch"":{""type"":""ALL"",""branches"":[]}}",2026-08-21 18:25:34.864397+00,2026-08-27 06:00:27.553506+00
828,1,1059,1459,ALL,1.00,true,2025-12-31,Calf Warehouse,TUTUP KALENG 330ML,PCPB-00017,PCS,Rupiah,2026-12-31,PLS202512310001,3623,402,1,"{""type"":""ALL"",""branches"":[]}","{""ID"":1059,""unit"":""PCS"",""price"":1,""uomID"":402,""priceDate"":""2025-12-31"",""productID"":1459,""currencyID"":1,""expireDate"":""2026-12-31"",""supplierID"":5,""productCode"":""PCPB-00017"",""productName"":""TUTUP KALENG 330ML"",""currencyName"":""Rupiah"",""pricelistNum"":""PLS202512310001"",""supplierName"":""Calf Warehouse"",""productDetailID"":3623,""applicableBranch"":{""type"":""ALL"",""branches"":[]}}",2026-08-21 18:25:34.864397+00,2026-08-27 06:00:27.553506+00
829,1,1060,1478,ALL,222480.00,true,2025-12-31,Calf Warehouse,UHT OATSIDE 1000ML,RMFR-00024,CTN@6PCS,Rupiah,2026-12-31,PLS202512310001,3680,345,1,"{""type"":""ALL"",""branches"":[]}","{""ID"":1060,""unit"":""CTN@6PCS"",""price"":222480,""uomID"":345,""priceDate"":""2025-12-31"",""productID"":1478,""currencyID"":1,""expireDate"":""2026-12-31"",""supplierID"":5,""productCode"":""RMFR-00024"",""productName"":""UHT OATSIDE 1000ML"",""currencyName"":""Rupiah"",""pricelistNum"":""PLS202512310001"",""supplierName"":""Calf Warehouse"",""productDetailID"":3680,""applicableBranch"":{""type"":""ALL"",""branches"":[]}}",2026-08-21 18:25:34.864397+00,2026-08-27 06:00:27.553506+00
830,1,1062,1478,ALL,37.08,true,2025-12-31,Calf Warehouse,UHT OATSIDE 1000ML,RMFR-00024,GR,Rupiah,2026-12-31,PLS202512310001,3678,351,1,"{""type"":""ALL"",""branches"":[]}","{""ID"":1062,""unit"":""GR"",""price"":37.08,""uomID"":351,""priceDate"":""2025-12-31"",""productID"":1478,""currencyID"":1,""expireDate"":""2026-12-31"",""supplierID"":5,""productCode"":""RMFR-00024"",""productName"":""UHT OATSIDE 1000ML"",""currencyName"":""Rupiah"",""pricelistNum"":""PLS202512310001"",""supplierName"":""Calf Warehouse"",""productDetailID"":3678,""applicableBranch"":{""type"":""ALL"",""branches"":[]}}",2026-08-21 18:25:34.864397+00,2026-08-27 06:00:27.553506+00
831,1,1061,1478,ALL,37080.00,true,2025-12-31,Calf Warehouse,UHT OATSIDE 1000ML,RMFR-00024,PCS@1000GR,Rupiah,2026-12-31,PLS202512310001,3679,403,1,"{""type"":""ALL"",""branches"":[]}","{""ID"":1061,""unit"":""PCS@1000GR"",""price"":37080,""uomID"":403,""priceDate"":""2025-12-31"",""productID"":1478,""currencyID"":1,""expireDate"":""2026-12-31"",""supplierID"":5,""productCode"":""RMFR-00024"",""productName"":""UHT OATSIDE 1000ML"",""currencyName"":""Rupiah"",""pricelistNum"":""PLS202512310001"",""supplierName"":""Calf Warehouse"",""productDetailID"":3679,""applicableBranch"":{""type"":""ALL"",""branches"":[]}}",2026-08-21 18:25:34.864397+00,2026-08-27 06:00:27.553506+00
832,1,1106,1483,ALL,612000.00,true,2025-12-31,Calf Warehouse,WHIPPING CREAM BROOKFARM 1000ML,RMFR-00053,CTN@12PCS,Rupiah,2026-12-31,PLS202512310001,3695,319,1,"{""type"":""ALL"",""branches"":[]}","{""ID"":1106,""unit"":""CTN@12PCS"",""price"":612000,""uomID"":319,""priceDate"":""2025-12-31"",""productID"":1483,""currencyID"":1,""expireDate"":""2026-12-31"",""supplierID"":5,""productCode"":""RMFR-00053"",""productName"":""WHIPPING CREAM BROOKFARM 1000ML"",""currencyName"":""Rupiah"",""pricelistNum"":""PLS202512310001"",""supplierName"":""Calf Warehouse"",""productDetailID"":3695,""applicableBranch"":{""type"":""ALL"",""branches"":[]}}",2026-08-21 18:25:34.864397+00,2026-08-27 06:00:27.553506+00
833,1,1108,1483,ALL,51.00,true,2025-12-31,Calf Warehouse,WHIPPING CREAM BROOKFARM 1000ML,RMFR-00053,GR,Rupiah,2026-12-31,PLS202512310001,3693,351,1,"{""type"":""ALL"",""branches"":[]}","{""ID"":1108,""unit"":""GR"",""price"":51,""uomID"":351,""priceDate"":""2025-12-31"",""productID"":1483,""currencyID"":1,""expireDate"":""2026-12-31"",""supplierID"":5,""productCode"":""RMFR-00053"",""productName"":""WHIPPING CREAM BROOKFARM 1000ML"",""currencyName"":""Rupiah"",""pricelistNum"":""PLS202512310001"",""supplierName"":""Calf Warehouse"",""productDetailID"":3693,""applicableBranch"":{""type"":""ALL"",""branches"":[]}}",2026-08-21 18:25:34.864397+00,2026-08-27 06:00:27.553506+00
834,1,1154,1559,ALL,83.88,true,2026-01-01,Calf Warehouse,CABLE TIES (NEW),INSU-00005,PCS,Rupiah,2026-12-31,PLS202601010003,3831,402,1,"{""type"":""ALL"",""branches"":[]}","{""ID"":1154,""unit"":""PCS"",""price"":83.88,""uomID"":402,""priceDate"":""2026-01-01"",""productID"":1559,""currencyID"":1,""expireDate"":""2026-12-31"",""supplierID"":5,""productCode"":""INSU-00005"",""productName"":""CABLE TIES (NEW)"",""currencyName"":""Rupiah"",""pricelistNum"":""PLS202601010003"",""supplierName"":""Calf Warehouse"",""productDetailID"":3831,""applicableBranch"":{""type"":""ALL"",""branches"":[]}}",2026-08-21 18:25:34.864397+00,2026-08-28 06:30:26.485137+00
835,1,1171,1572,ALL,11359.95,true,2026-01-01,Calf Warehouse,TRASH BAG 90X120CM (NEW),INSU-00018,PACK@6PCS,Rupiah,2026-12-31,PLS202601010005,3848,393,1,"{""type"":""ALL"",""branches"":[]}","{""ID"":1171,""unit"":""PACK@6PCS"",""price"":11359.95,""uomID"":393,""priceDate"":""2026-01-01"",""productID"":1572,""currencyID"":1,""expireDate"":""2026-12-31"",""supplierID"":5,""productCode"":""INSU-00018"",""productName"":""TRASH BAG 90X120CM (NEW)"",""currencyName"":""Rupiah"",""pricelistNum"":""PLS202601010005"",""supplierName"":""Calf Warehouse"",""productDetailID"":3848,""applicableBranch"":{""type"":""ALL"",""branches"":[]}}",2026-08-21 18:25:34.864397+00,2026-08-28 06:30:26.485137+00
836,1,1164,1577,ALL,121868.18,true,2026-01-01,Calf Warehouse,PLASTIK WRAPPING 40X500M (NEW),INSU-00023,ROLL,Rupiah,2026-12-31,PLS202601010004,3858,436,1,"{""type"":""ALL"",""branches"":[]}","{""ID"":1164,""unit"":""ROLL"",""price"":121868.18,""uomID"":436,""priceDate"":""2026-01-01"",""productID"":1577,""currencyID"":1,""expireDate"":""2026-12-31"",""supplierID"":5,""productCode"":""INSU-00023"",""productName"":""PLASTIK WRAPPING 40X500M (NEW)"",""currencyName"":""Rupiah"",""pricelistNum"":""PLS202601010004"",""supplierName"":""Calf Warehouse"",""productDetailID"":3858,""applicableBranch"":{""type"":""ALL"",""branches"":[]}}",2026-08-21 18:25:34.864397+00,2026-08-28 06:30:26.485137+00
837,1,1156,1562,ALL,29925.00,true,2026-01-01,Calf Warehouse,CUP SEALER (NEW),INSU-00008,ROLL@1000PCS,Rupiah,2026-04-14,PLS202601010004,3837,437,1,"{""type"":""ALL"",""branches"":[]}","{""ID"":1156,""unit"":""ROLL@1000PCS"",""price"":29925,""uomID"":437,""priceDate"":""2026-01-01"",""productID"":1562,""currencyID"":1,""expireDate"":""2026-04-14"",""supplierID"":5,""productCode"":""INSU-00008"",""productName"":""CUP SEALER (NEW)"",""currencyName"":""Rupiah"",""pricelistNum"":""PLS202601010004"",""supplierName"":""Calf Warehouse"",""productDetailID"":3837,""applicableBranch"":{""type"":""ALL"",""branches"":[]}}",2026-08-21 18:25:34.864397+00,2026-08-28 06:30:26.485137+00
838,1,1155,1559,ALL,8388.38,true,2026-01-01,Calf Warehouse,CABLE TIES (NEW),INSU-00005,PACK@100PCS,Rupiah,2026-12-31,PLS202601010003,3832,371,1,"{""type"":""ALL"",""branches"":[]}","{""ID"":1155,""unit"":""PACK@100PCS"",""price"":8388.38,""uomID"":371,""priceDate"":""2026-01-01"",""productID"":1559,""currencyID"":1,""expireDate"":""2026-12-31"",""supplierID"":5,""productCode"":""INSU-00005"",""productName"":""CABLE TIES (NEW)"",""currencyName"":""Rupiah"",""pricelistNum"":""PLS202601010003"",""supplierName"":""Calf Warehouse"",""productDetailID"":3832,""applicableBranch"":{""type"":""ALL"",""branches"":[]}}",2026-08-21 18:25:34.864397+00,2026-08-28 06:30:26.485137+00
839,1,1150,1230,ALL,190000.00,true,2026-01-01,Calf Central Kitchen Food,DIMSUM,RMFR-00003,PACK@100PCS,Rupiah,2026-02-28,PLS202601010002,3061,371,1,"{""type"":""ALL"",""branches"":[]}","{""ID"":1150,""unit"":""PACK@100PCS"",""price"":190000,""uomID"":371,""priceDate"":""2026-01-01"",""productID"":1230,""currencyID"":1,""expireDate"":""2026-02-28"",""supplierID"":19,""productCode"":""RMFR-00003"",""productName"":""DIMSUM"",""currencyName"":""Rupiah"",""pricelistNum"":""PLS202601010002"",""supplierName"":""Calf Central Kitchen Food"",""productDetailID"":3061,""applicableBranch"":{""type"":""ALL"",""branches"":[]}}",2026-08-21 18:25:34.864397+00,2026-08-28 06:30:26.485137+00
840,1,1151,1230,ALL,1900.00,true,2026-01-01,Calf Central Kitchen Food,DIMSUM,RMFR-00003,PCS,Rupiah,2026-02-28,PLS202601010002,3060,402,1,"{""type"":""ALL"",""branches"":[]}","{""ID"":1151,""unit"":""PCS"",""price"":1900,""uomID"":402,""priceDate"":""2026-01-01"",""productID"":1230,""currencyID"":1,""expireDate"":""2026-02-28"",""supplierID"":19,""productCode"":""RMFR-00003"",""productName"":""DIMSUM"",""currencyName"":""Rupiah"",""pricelistNum"":""PLS202601010002"",""supplierName"":""Calf Central Kitchen Food"",""productDetailID"":3060,""applicableBranch"":{""type"":""ALL"",""branches"":[]}}",2026-08-21 18:25:34.864397+00,2026-08-28 06:30:26.485137+00
841,1,1157,1554,ALL,12500.00,true,2026-01-01,Calf Warehouse,KERTAS STRUK 80X80MM (NEW),INSU-00002,PCS,Rupiah,2026-12-31,PLS202601010004,3822,402,1,"{""type"":""ALL"",""branches"":[]}","{""ID"":1157,""unit"":""PCS"",""price"":12500,""uomID"":402,""priceDate"":""2026-01-01"",""productID"":1554,""currencyID"":1,""expireDate"":""2026-12-31"",""supplierID"":5,""productCode"":""INSU-00002"",""productName"":""KERTAS STRUK 80X80MM (NEW)"",""currencyName"":""Rupiah"",""pricelistNum"":""PLS202601010004"",""supplierName"":""Calf Warehouse"",""productDetailID"":3822,""applicableBranch"":{""type"":""ALL"",""branches"":[]}}",2026-08-21 18:25:34.864397+00,2026-08-28 06:30:26.485137+00
842,1,1149,1549,ALL,640.50,true,2026-01-01,Calf Warehouse,LUNCH BOX S,PCPK-00007,PCS,Rupiah,2026-12-31,PLS202601010001,3812,402,1,"{""type"":""ALL"",""branches"":[]}","{""ID"":1149,""unit"":""PCS"",""price"":640.5,""uomID"":402,""priceDate"":""2026-01-01"",""productID"":1549,""currencyID"":1,""expireDate"":""2026-12-31"",""supplierID"":5,""productCode"":""PCPK-00007"",""productName"":""LUNCH BOX S"",""currencyName"":""Rupiah"",""pricelistNum"":""PLS202601010001"",""supplierName"":""Calf Warehouse"",""productDetailID"":3812,""applicableBranch"":{""type"":""ALL"",""branches"":[]}}",2026-08-21 18:25:34.864397+00,2026-08-28 06:30:26.485137+00
843,1,1170,1564,ALL,55500.00,true,2026-01-01,Calf Warehouse,HAND GLOVES (NEW),INSU-00010,BOX@100PCS,Rupiah,2026-12-31,PLS202601010005,3839,297,1,"{""type"":""ALL"",""branches"":[]}","{""ID"":1170,""unit"":""BOX@100PCS"",""price"":55500,""uomID"":297,""priceDate"":""2026-01-01"",""productID"":1564,""currencyID"":1,""expireDate"":""2026-12-31"",""supplierID"":5,""productCode"":""INSU-00010"",""productName"":""HAND GLOVES (NEW)"",""currencyName"":""Rupiah"",""pricelistNum"":""PLS202601010005"",""supplierName"":""Calf Warehouse"",""productDetailID"":3839,""applicableBranch"":{""type"":""ALL"",""branches"":[]}}",2026-08-21 18:25:34.864397+00,2026-08-28 06:30:26.485137+00
844,1,1159,1566,ALL,19497.45,true,2026-01-01,Calf Warehouse,PLASTIK TAKE AWAY 17 (NEW),INSU-00012,PACK@500GR,Rupiah,2026-04-14,PLS202601010004,3868,387,1,"{""type"":""ALL"",""branches"":[]}","{""ID"":1159,""unit"":""PACK@500GR"",""price"":19497.45,""uomID"":387,""priceDate"":""2026-01-01"",""productID"":1566,""currencyID"":1,""expireDate"":""2026-04-14"",""supplierID"":5,""productCode"":""INSU-00012"",""productName"":""PLASTIK TAKE AWAY 17 (NEW)"",""currencyName"":""Rupiah"",""pricelistNum"":""PLS202601010004"",""supplierName"":""Calf Warehouse"",""productDetailID"":3868,""applicableBranch"":{""type"":""ALL"",""branches"":[]}}",2026-08-21 18:25:34.864397+00,2026-08-28 06:30:26.485137+00
845,1,1160,1567,ALL,19497.45,true,2026-01-01,Calf Warehouse,PLASTIK TAKE AWAY 24 (NEW),INSU-00013,PACK@500GR,Rupiah,2026-04-14,PLS202601010004,3869,387,1,"{""type"":""ALL"",""branches"":[]}","{""ID"":1160,""unit"":""PACK@500GR"",""price"":19497.45,""uomID"":387,""priceDate"":""2026-01-01"",""productID"":1567,""currencyID"":1,""expireDate"":""2026-04-14"",""supplierID"":5,""productCode"":""INSU-00013"",""productName"":""PLASTIK TAKE AWAY 24 (NEW)"",""currencyName"":""Rupiah"",""pricelistNum"":""PLS202601010004"",""supplierName"":""Calf Warehouse"",""productDetailID"":3869,""applicableBranch"":{""type"":""ALL"",""branches"":[]}}",2026-08-21 18:25:34.864397+00,2026-08-28 06:30:26.485137+00
846,1,1158,1565,ALL,13650.00,true,2026-01-01,Calf Warehouse,PLASTIK KLIP 20X12CM (NEW),INSU-0039,PACK@100PCS,Rupiah,2026-04-14,PLS202601010004,3840,371,1,"{""type"":""ALL"",""branches"":[]}","{""ID"":1158,""unit"":""PACK@100PCS"",""price"":13650,""uomID"":371,""priceDate"":""2026-01-01"",""productID"":1565,""currencyID"":1,""expireDate"":""2026-04-14"",""supplierID"":5,""productCode"":""INSU-0039"",""productName"":""PLASTIK KLIP 20X12CM (NEW)"",""currencyName"":""Rupiah"",""pricelistNum"":""PLS202601010004"",""supplierName"":""Calf Warehouse"",""productDetailID"":3840,""applicableBranch"":{""type"":""ALL"",""branches"":[]}}",2026-08-21 18:25:34.864397+00,2026-08-28 06:30:26.485137+00
847,1,1161,1569,ALL,19497.45,true,2026-01-01,Calf Warehouse,PLASTIK TAKE AWAY 35 (NEW),INSU-00015,PACK@500GR,Rupiah,2026-04-14,PLS202601010004,3871,387,1,"{""type"":""ALL"",""branches"":[]}","{""ID"":1161,""unit"":""PACK@500GR"",""price"":19497.45,""uomID"":387,""priceDate"":""2026-01-01"",""productID"":1569,""currencyID"":1,""expireDate"":""2026-04-14"",""supplierID"":5,""productCode"":""INSU-00015"",""productName"":""PLASTIK TAKE AWAY 35 (NEW)"",""currencyName"":""Rupiah"",""pricelistNum"":""PLS202601010004"",""supplierName"":""Calf Warehouse"",""productDetailID"":3871,""applicableBranch"":{""type"":""ALL"",""branches"":[]}}",2026-08-21 18:25:34.864397+00,2026-08-28 06:30:26.485137+00
848,1,1162,1568,ALL,19497.45,true,2026-01-01,Calf Warehouse,PLASTIK TAKE AWAY 28 (NEW),INSU-00014,PACK@500GR,Rupiah,2026-04-14,PLS202601010004,3870,387,1,"{""type"":""ALL"",""branches"":[]}","{""ID"":1162,""unit"":""PACK@500GR"",""price"":19497.45,""uomID"":387,""priceDate"":""2026-01-01"",""productID"":1568,""currencyID"":1,""expireDate"":""2026-04-14"",""supplierID"":5,""productCode"":""INSU-00014"",""productName"":""PLASTIK TAKE AWAY 28 (NEW)"",""currencyName"":""Rupiah"",""pricelistNum"":""PLS202601010004"",""supplierName"":""Calf Warehouse"",""productDetailID"":3870,""applicableBranch"":{""type"":""ALL"",""branches"":[]}}",2026-08-21 18:25:34.864397+00,2026-08-28 06:30:26.485137+00
849,1,1167,1555,ALL,13125.00,true,2026-01-01,Calf Warehouse,STICKER BIRU CALF ROUND (NEW),INSU-0003,LEMBAR@77PCS,Rupiah,2026-12-31,PLS202601010004,3824,368,1,"{""type"":""ALL"",""branches"":[]}","{""ID"":1167,""unit"":""LEMBAR@77PCS"",""price"":13125,""uomID"":368,""priceDate"":""2026-01-01"",""productID"":1555,""currencyID"":1,""expireDate"":""2026-12-31"",""supplierID"":5,""productCode"":""INSU-0003"",""productName"":""STICKER BIRU CALF ROUND (NEW)"",""currencyName"":""Rupiah"",""pricelistNum"":""PLS202601010004"",""supplierName"":""Calf Warehouse"",""productDetailID"":3824,""applicableBranch"":{""type"":""ALL"",""branches"":[]}}",2026-08-21 18:25:34.864397+00,2026-08-28 06:30:26.485137+00
850,1,1153,1375,ALL,26.46,true,2026-01-01,Calf Central Kitchen Food,SAUS SAMBAL DEL MONTE 1000GR,RMKC-00025,GR,Rupiah,2026-12-31,PLS202601010002,3415,351,1,"{""type"":""ALL"",""branches"":[]}","{""ID"":1153,""unit"":""GR"",""price"":26.46,""uomID"":351,""priceDate"":""2026-01-01"",""productID"":1375,""currencyID"":1,""expireDate"":""2026-12-31"",""supplierID"":19,""productCode"":""RMKC-00025"",""productName"":""SAUS SAMBAL DEL MONTE 1000GR"",""currencyName"":""Rupiah"",""pricelistNum"":""PLS202601010002"",""supplierName"":""Calf Central Kitchen Food"",""productDetailID"":3415,""applicableBranch"":{""type"":""ALL"",""branches"":[]}}",2026-08-21 18:25:34.864397+00,2026-08-28 06:30:26.485137+00
851,1,1152,1375,ALL,26460.00,true,2026-01-01,Calf Central Kitchen Food,SAUS SAMBAL DEL MONTE 1000GR,RMKC-00025,PCS@1000GR,Rupiah,2026-12-31,PLS202601010002,3416,403,1,"{""type"":""ALL"",""branches"":[]}","{""ID"":1152,""unit"":""PCS@1000GR"",""price"":26460,""uomID"":403,""priceDate"":""2026-01-01"",""productID"":1375,""currencyID"":1,""expireDate"":""2026-12-31"",""supplierID"":19,""productCode"":""RMKC-00025"",""productName"":""SAUS SAMBAL DEL MONTE 1000GR"",""currencyName"":""Rupiah"",""pricelistNum"":""PLS202601010002"",""supplierName"":""Calf Central Kitchen Food"",""productDetailID"":3416,""applicableBranch"":{""type"":""ALL"",""branches"":[]}}",2026-08-21 18:25:34.864397+00,2026-08-28 06:30:26.485137+00
852,1,1168,1571,ALL,31500.00,true,2026-01-01,Calf Warehouse,TISSUE LIVI (NEW),INSU-00017,PCS,Rupiah,2026-12-31,PLS202601010004,3846,402,1,"{""type"":""ALL"",""branches"":[]}","{""ID"":1168,""unit"":""PCS"",""price"":31500,""uomID"":402,""priceDate"":""2026-01-01"",""productID"":1571,""currencyID"":1,""expireDate"":""2026-12-31"",""supplierID"":5,""productCode"":""INSU-00017"",""productName"":""TISSUE LIVI (NEW)"",""currencyName"":""Rupiah"",""pricelistNum"":""PLS202601010004"",""supplierName"":""Calf Warehouse"",""productDetailID"":3846,""applicableBranch"":{""type"":""ALL"",""branches"":[]}}",2026-08-21 18:25:34.864397+00,2026-08-28 06:30:26.485137+00
853,1,1169,1571,ALL,756000.00,true,2026-01-01,Calf Warehouse,TISSUE LIVI (NEW),INSU-00017,CTN@24PCS,Rupiah,2026-12-31,PLS202601010004,3847,332,1,"{""type"":""ALL"",""branches"":[]}","{""ID"":1169,""unit"":""CTN@24PCS"",""price"":756000,""uomID"":332,""priceDate"":""2026-01-01"",""productID"":1571,""currencyID"":1,""expireDate"":""2026-12-31"",""supplierID"":5,""productCode"":""INSU-00017"",""productName"":""TISSUE LIVI (NEW)"",""currencyName"":""Rupiah"",""pricelistNum"":""PLS202601010004"",""supplierName"":""Calf Warehouse"",""productDetailID"":3847,""applicableBranch"":{""type"":""ALL"",""branches"":[]}}",2026-08-21 18:25:34.864397+00,2026-08-28 06:30:26.485137+00
854,1,1163,1570,ALL,15187.50,true,2026-01-01,Calf Warehouse,PLASTIK WRAPPING 30CMX30M (NEW),INSU-00016,ROLL,Rupiah,2026-12-31,PLS202601010004,3845,436,1,"{""type"":""ALL"",""branches"":[]}","{""ID"":1163,""unit"":""ROLL"",""price"":15187.5,""uomID"":436,""priceDate"":""2026-01-01"",""productID"":1570,""currencyID"":1,""expireDate"":""2026-12-31"",""supplierID"":5,""productCode"":""INSU-00016"",""productName"":""PLASTIK WRAPPING 30CMX30M (NEW)"",""currencyName"":""Rupiah"",""pricelistNum"":""PLS202601010004"",""supplierName"":""Calf Warehouse"",""productDetailID"":3845,""applicableBranch"":{""type"":""ALL"",""branches"":[]}}",2026-08-21 18:25:34.864397+00,2026-08-28 06:30:26.485137+00
855,1,1166,1582,ALL,15750.00,true,2026-01-01,Calf Warehouse,SPORK HITAM (NEW),INSU-00028,PACK@50PCS,Rupiah,2026-12-31,PLS202601010004,3864,389,1,"{""type"":""ALL"",""branches"":[]}","{""ID"":1166,""unit"":""PACK@50PCS"",""price"":15750,""uomID"":389,""priceDate"":""2026-01-01"",""productID"":1582,""currencyID"":1,""expireDate"":""2026-12-31"",""supplierID"":5,""productCode"":""INSU-00028"",""productName"":""SPORK HITAM (NEW)"",""currencyName"":""Rupiah"",""pricelistNum"":""PLS202601010004"",""supplierName"":""Calf Warehouse"",""productDetailID"":3864,""applicableBranch"":{""type"":""ALL"",""branches"":[]}}",2026-08-21 18:25:34.864397+00,2026-08-28 06:30:26.485137+00
856,1,1165,1582,ALL,315.00,true,2026-01-01,Calf Warehouse,SPORK HITAM (NEW),INSU-00028,PCS,Rupiah,2026-12-31,PLS202601010004,3863,402,1,"{""type"":""ALL"",""branches"":[]}","{""ID"":1165,""unit"":""PCS"",""price"":315,""uomID"":402,""priceDate"":""2026-01-01"",""productID"":1582,""currencyID"":1,""expireDate"":""2026-12-31"",""supplierID"":5,""productCode"":""INSU-00028"",""productName"":""SPORK HITAM (NEW)"",""currencyName"":""Rupiah"",""pricelistNum"":""PLS202601010004"",""supplierName"":""Calf Warehouse"",""productDetailID"":3863,""applicableBranch"":{""type"":""ALL"",""branches"":[]}}",2026-08-21 18:25:34.864397+00,2026-08-28 06:30:26.485137+00
857,1,1172,1586,ALL,120960.00,true,2026-02-05,Calf Warehouse,POWDER GENOVA MACCHIATO 800GR NEW,RMPD-00014,PACK@800GR,Rupiah,2027-01-09,PLS202602050001,3876,395,1,"{""type"":""ALL"",""branches"":[]}","{""ID"":1172,""unit"":""PACK@800GR"",""price"":120960,""uomID"":395,""priceDate"":""2026-02-05"",""productID"":1586,""currencyID"":1,""expireDate"":""2027-01-09"",""supplierID"":5,""productCode"":""RMPD-00014"",""productName"":""POWDER GENOVA MACCHIATO 800GR NEW"",""currencyName"":""Rupiah"",""pricelistNum"":""PLS202602050001"",""supplierName"":""Calf Warehouse"",""productDetailID"":3876,""applicableBranch"":{""type"":""ALL"",""branches"":[]}}",2026-08-21 18:25:34.864397+00,2026-08-28 06:30:26.485137+00
858,1,1174,1567,ALL,27825.00,true,2026-02-19,Calf Warehouse,PLASTIK TAKE AWAY 24 (NEW),INSU-00013,PACK@1KG,Rupiah,2026-04-14,PLS202602190001,3842,457,1,"{""type"":""ALL"",""branches"":[]}","{""ID"":1174,""unit"":""PACK@1KG"",""price"":27825,""uomID"":457,""priceDate"":""2026-02-19"",""productID"":1567,""currencyID"":1,""expireDate"":""2026-04-14"",""supplierID"":5,""productCode"":""INSU-00013"",""productName"":""PLASTIK TAKE AWAY 24 (NEW)"",""currencyName"":""Rupiah"",""pricelistNum"":""PLS202602190001"",""supplierName"":""Calf Warehouse"",""productDetailID"":3842,""applicableBranch"":{""type"":""ALL"",""branches"":[]}}",2026-08-21 18:25:34.864397+00,2026-08-28 06:30:26.485137+00
859,1,1173,1566,ALL,27825.00,true,2026-02-19,Calf Warehouse,PLASTIK TAKE AWAY 17 (NEW),INSU-00012,PACK@1KG,Rupiah,2026-04-14,PLS202602190001,3841,457,1,"{""type"":""ALL"",""branches"":[]}","{""ID"":1173,""unit"":""PACK@1KG"",""price"":27825,""uomID"":457,""priceDate"":""2026-02-19"",""productID"":1566,""currencyID"":1,""expireDate"":""2026-04-14"",""supplierID"":5,""productCode"":""INSU-00012"",""productName"":""PLASTIK TAKE AWAY 17 (NEW)"",""currencyName"":""Rupiah"",""pricelistNum"":""PLS202602190001"",""supplierName"":""Calf Warehouse"",""productDetailID"":3841,""applicableBranch"":{""type"":""ALL"",""branches"":[]}}",2026-08-21 18:25:34.864397+00,2026-08-28 06:30:26.485137+00
860,1,1176,1569,ALL,27825.00,true,2026-02-19,Calf Warehouse,PLASTIK TAKE AWAY 35 (NEW),INSU-00015,PACK@1KG,Rupiah,2026-04-14,PLS202602190001,3844,457,1,"{""type"":""ALL"",""branches"":[]}","{""ID"":1176,""unit"":""PACK@1KG"",""price"":27825,""uomID"":457,""priceDate"":""2026-02-19"",""productID"":1569,""currencyID"":1,""expireDate"":""2026-04-14"",""supplierID"":5,""productCode"":""INSU-00015"",""productName"":""PLASTIK TAKE AWAY 35 (NEW)"",""currencyName"":""Rupiah"",""pricelistNum"":""PLS202602190001"",""supplierName"":""Calf Warehouse"",""productDetailID"":3844,""applicableBranch"":{""type"":""ALL"",""branches"":[]}}",2026-08-21 18:25:34.864397+00,2026-08-28 06:30:26.485137+00
861,1,1175,1568,ALL,27825.00,true,2026-02-19,Calf Warehouse,PLASTIK TAKE AWAY 28 (NEW),INSU-00014,PACK@1KG,Rupiah,2026-04-14,PLS202602190001,3843,457,1,"{""type"":""ALL"",""branches"":[]}","{""ID"":1175,""unit"":""PACK@1KG"",""price"":27825,""uomID"":457,""priceDate"":""2026-02-19"",""productID"":1568,""currencyID"":1,""expireDate"":""2026-04-14"",""supplierID"":5,""productCode"":""INSU-00014"",""productName"":""PLASTIK TAKE AWAY 28 (NEW)"",""currencyName"":""Rupiah"",""pricelistNum"":""PLS202602190001"",""supplierName"":""Calf Warehouse"",""productDetailID"":3843,""applicableBranch"":{""type"":""ALL"",""branches"":[]}}",2026-08-21 18:25:34.864397+00,2026-08-28 06:30:26.485137+00
862,1,1295,1650,ALL,240000.00,true,2026-03-01,Calf Central Kitchen Food,DIMSUM NORI,RMFR-00068,PACK@100PCS,Rupiah,2026-12-31,PLS202603010005,4016,371,1,"{""type"":""ALL"",""branches"":[]}","{""ID"":1295,""unit"":""PACK@100PCS"",""price"":240000,""uomID"":371,""priceDate"":""2026-03-01"",""productID"":1650,""currencyID"":1,""expireDate"":""2026-12-31"",""supplierID"":19,""productCode"":""RMFR-00068"",""productName"":""DIMSUM NORI"",""currencyName"":""Rupiah"",""pricelistNum"":""PLS202603010005"",""supplierName"":""Calf Central Kitchen Food"",""productDetailID"":4016,""applicableBranch"":{""type"":""ALL"",""branches"":[]}}",2026-08-21 18:25:34.864397+00,2026-08-28 06:30:26.485137+00
863,1,1181,1215,ALL,89.40,true,2026-03-01,Calf Warehouse,CREAMER (MAX) 500GR,RMBV-00002,GR,Rupiah,2026-05-31,PLS202603010002,3018,351,1,"{""type"":""ALL"",""branches"":[]}","{""ID"":1181,""unit"":""GR"",""price"":89.4,""uomID"":351,""priceDate"":""2026-03-01"",""productID"":1215,""currencyID"":1,""expireDate"":""2026-05-31"",""supplierID"":5,""productCode"":""RMBV-00002"",""productName"":""CREAMER (MAX) 500GR"",""currencyName"":""Rupiah"",""pricelistNum"":""PLS202603010002"",""supplierName"":""Calf Warehouse"",""productDetailID"":3018,""applicableBranch"":{""type"":""ALL"",""branches"":[]}}",2026-08-21 18:25:34.864397+00,2026-08-28 06:30:26.485137+00
864,1,1180,1215,ALL,44700.00,true,2026-03-01,Calf Warehouse,CREAMER (MAX) 500GR,RMBV-00002,PCS@500GR,Rupiah,2026-05-31,PLS202603010002,3019,413,1,"{""type"":""ALL"",""branches"":[]}","{""ID"":1180,""unit"":""PCS@500GR"",""price"":44700,""uomID"":413,""priceDate"":""2026-03-01"",""productID"":1215,""currencyID"":1,""expireDate"":""2026-05-31"",""supplierID"":5,""productCode"":""RMBV-00002"",""productName"":""CREAMER (MAX) 500GR"",""currencyName"":""Rupiah"",""pricelistNum"":""PLS202603010002"",""supplierName"":""Calf Warehouse"",""productDetailID"":3019,""applicableBranch"":{""type"":""ALL"",""branches"":[]}}",2026-08-21 18:25:34.864397+00,2026-08-28 06:30:26.485137+00
865,1,1177,1230,ALL,200000.00,true,2026-03-01,Calf Central Kitchen Food,DIMSUM,RMFR-00003,PACK@100PCS,Rupiah,2026-12-31,PLS202603010001,3061,371,1,"{""type"":""ALL"",""branches"":[]}","{""ID"":1177,""unit"":""PACK@100PCS"",""price"":200000,""uomID"":371,""priceDate"":""2026-03-01"",""productID"":1230,""currencyID"":1,""expireDate"":""2026-12-31"",""supplierID"":19,""productCode"":""RMFR-00003"",""productName"":""DIMSUM"",""currencyName"":""Rupiah"",""pricelistNum"":""PLS202603010001"",""supplierName"":""Calf Central Kitchen Food"",""productDetailID"":3061,""applicableBranch"":{""type"":""ALL"",""branches"":[]}}",2026-08-21 18:25:34.864397+00,2026-08-28 06:30:26.485137+00
866,1,1178,1230,ALL,2000.00,true,2026-03-01,Calf Central Kitchen Food,DIMSUM,RMFR-00003,PCS,Rupiah,2026-12-31,PLS202603010001,3060,402,1,"{""type"":""ALL"",""branches"":[]}","{""ID"":1178,""unit"":""PCS"",""price"":2000,""uomID"":402,""priceDate"":""2026-03-01"",""productID"":1230,""currencyID"":1,""expireDate"":""2026-12-31"",""supplierID"":19,""productCode"":""RMFR-00003"",""productName"":""DIMSUM"",""currencyName"":""Rupiah"",""pricelistNum"":""PLS202603010001"",""supplierName"":""Calf Central Kitchen Food"",""productDetailID"":3060,""applicableBranch"":{""type"":""ALL"",""branches"":[]}}",2026-08-21 18:25:34.864397+00,2026-08-28 06:30:26.485137+00
867,1,1212,1313,ALL,554000.00,true,2026-03-01,Calf Warehouse,LUNCH BOX L,PCPK-00004,CTN@10PACK,Rupiah,2026-12-31,PLS202603010004,3263,315,1,"{""type"":""ALL"",""branches"":[]}","{""ID"":1212,""unit"":""CTN@10PACK"",""price"":554000,""uomID"":315,""priceDate"":""2026-03-01"",""productID"":1313,""currencyID"":1,""expireDate"":""2026-12-31"",""supplierID"":5,""productCode"":""PCPK-00004"",""productName"":""LUNCH BOX L"",""currencyName"":""Rupiah"",""pricelistNum"":""PLS202603010004"",""supplierName"":""Calf Warehouse"",""productDetailID"":3263,""applicableBranch"":{""type"":""ALL"",""branches"":[]}}",2026-08-21 18:25:34.864397+00,2026-08-28 06:30:26.485137+00
868,1,1213,1313,ALL,55400.00,true,2026-03-01,Calf Warehouse,LUNCH BOX L,PCPK-00004,PACK@50PCS,Rupiah,2026-12-31,PLS202603010004,3262,389,1,"{""type"":""ALL"",""branches"":[]}","{""ID"":1213,""unit"":""PACK@50PCS"",""price"":55400,""uomID"":389,""priceDate"":""2026-03-01"",""productID"":1313,""currencyID"":1,""expireDate"":""2026-12-31"",""supplierID"":5,""productCode"":""PCPK-00004"",""productName"":""LUNCH BOX L"",""currencyName"":""Rupiah"",""pricelistNum"":""PLS202603010004"",""supplierName"":""Calf Warehouse"",""productDetailID"":3262,""applicableBranch"":{""type"":""ALL"",""branches"":[]}}",2026-08-21 18:25:34.864397+00,2026-08-28 06:30:26.485137+00
869,1,1214,1313,ALL,1108.00,true,2026-03-01,Calf Warehouse,LUNCH BOX L,PCPK-00004,PCS,Rupiah,2026-12-31,PLS202603010004,3261,402,1,"{""type"":""ALL"",""branches"":[]}","{""ID"":1214,""unit"":""PCS"",""price"":1108,""uomID"":402,""priceDate"":""2026-03-01"",""productID"":1313,""currencyID"":1,""expireDate"":""2026-12-31"",""supplierID"":5,""productCode"":""PCPK-00004"",""productName"":""LUNCH BOX L"",""currencyName"":""Rupiah"",""pricelistNum"":""PLS202603010004"",""supplierName"":""Calf Warehouse"",""productDetailID"":3261,""applicableBranch"":{""type"":""ALL"",""branches"":[]}}",2026-08-21 18:25:34.864397+00,2026-08-28 06:30:26.485137+00
870,1,1215,1314,ALL,525000.00,true,2026-03-01,Calf Warehouse,LUNCH BOX M,PCPK-00005,CTN@10PACK,Rupiah,2026-12-31,PLS202603010004,3266,315,1,"{""type"":""ALL"",""branches"":[]}","{""ID"":1215,""unit"":""CTN@10PACK"",""price"":525000,""uomID"":315,""priceDate"":""2026-03-01"",""productID"":1314,""currencyID"":1,""expireDate"":""2026-12-31"",""supplierID"":5,""productCode"":""PCPK-00005"",""productName"":""LUNCH BOX M"",""currencyName"":""Rupiah"",""pricelistNum"":""PLS202603010004"",""supplierName"":""Calf Warehouse"",""productDetailID"":3266,""applicableBranch"":{""type"":""ALL"",""branches"":[]}}",2026-08-21 18:25:34.864397+00,2026-08-28 06:30:26.485137+00
871,1,1216,1314,ALL,52500.00,true,2026-03-01,Calf Warehouse,LUNCH BOX M,PCPK-00005,PACK@50PCS,Rupiah,2026-12-31,PLS202603010004,3265,389,1,"{""type"":""ALL"",""branches"":[]}","{""ID"":1216,""unit"":""PACK@50PCS"",""price"":52500,""uomID"":389,""priceDate"":""2026-03-01"",""productID"":1314,""currencyID"":1,""expireDate"":""2026-12-31"",""supplierID"":5,""productCode"":""PCPK-00005"",""productName"":""LUNCH BOX M"",""currencyName"":""Rupiah"",""pricelistNum"":""PLS202603010004"",""supplierName"":""Calf Warehouse"",""productDetailID"":3265,""applicableBranch"":{""type"":""ALL"",""branches"":[]}}",2026-08-21 18:25:34.864397+00,2026-08-28 06:30:26.485137+00
872,1,1217,1314,ALL,1050.00,true,2026-03-01,Calf Warehouse,LUNCH BOX M,PCPK-00005,PCS,Rupiah,2026-12-31,PLS202603010004,3264,402,1,"{""type"":""ALL"",""branches"":[]}","{""ID"":1217,""unit"":""PCS"",""price"":1050,""uomID"":402,""priceDate"":""2026-03-01"",""productID"":1314,""currencyID"":1,""expireDate"":""2026-12-31"",""supplierID"":5,""productCode"":""PCPK-00005"",""productName"":""LUNCH BOX M"",""currencyName"":""Rupiah"",""pricelistNum"":""PLS202603010004"",""supplierName"":""Calf Warehouse"",""productDetailID"":3264,""applicableBranch"":{""type"":""ALL"",""branches"":[]}}",2026-08-21 18:25:34.864397+00,2026-08-28 06:30:26.485137+00
873,1,1218,1337,ALL,1367100.00,true,2026-03-01,Calf Warehouse,POWDER DRIPP MATCHA 760GR,RMPD-00013,CTN@6PACK,Rupiah,2026-12-31,PLS202603010004,3322,344,1,"{""type"":""ALL"",""branches"":[]}","{""ID"":1218,""unit"":""CTN@6PACK"",""price"":1367100,""uomID"":344,""priceDate"":""2026-03-01"",""productID"":1337,""currencyID"":1,""expireDate"":""2026-12-31"",""supplierID"":5,""productCode"":""RMPD-00013"",""productName"":""POWDER DRIPP MATCHA 760GR"",""currencyName"":""Rupiah"",""pricelistNum"":""PLS202603010004"",""supplierName"":""Calf Warehouse"",""productDetailID"":3322,""applicableBranch"":{""type"":""ALL"",""branches"":[]}}",2026-08-21 18:25:34.864397+00,2026-08-28 06:30:26.485137+00
874,1,1220,1337,ALL,299.80,true,2026-03-01,Calf Warehouse,POWDER DRIPP MATCHA 760GR,RMPD-00013,GR,Rupiah,2026-12-31,PLS202603010004,3320,351,1,"{""type"":""ALL"",""branches"":[]}","{""ID"":1220,""unit"":""GR"",""price"":299.8,""uomID"":351,""priceDate"":""2026-03-01"",""productID"":1337,""currencyID"":1,""expireDate"":""2026-12-31"",""supplierID"":5,""productCode"":""RMPD-00013"",""productName"":""POWDER DRIPP MATCHA 760GR"",""currencyName"":""Rupiah"",""pricelistNum"":""PLS202603010004"",""supplierName"":""Calf Warehouse"",""productDetailID"":3320,""applicableBranch"":{""type"":""ALL"",""branches"":[]}}",2026-08-21 18:25:34.864397+00,2026-08-28 06:30:26.485137+00
875,1,1219,1337,ALL,227850.00,true,2026-03-01,Calf Warehouse,POWDER DRIPP MATCHA 760GR,RMPD-00013,PACK@760GR,Rupiah,2026-12-31,PLS202603010004,3321,394,1,"{""type"":""ALL"",""branches"":[]}","{""ID"":1219,""unit"":""PACK@760GR"",""price"":227850,""uomID"":394,""priceDate"":""2026-03-01"",""productID"":1337,""currencyID"":1,""expireDate"":""2026-12-31"",""supplierID"":5,""productCode"":""RMPD-00013"",""productName"":""POWDER DRIPP MATCHA 760GR"",""currencyName"":""Rupiah"",""pricelistNum"":""PLS202603010004"",""supplierName"":""Calf Warehouse"",""productDetailID"":3321,""applicableBranch"":{""type"":""ALL"",""branches"":[]}}",2026-08-21 18:25:34.864397+00,2026-08-28 06:30:26.485137+00
876,1,1186,1411,ALL,97000.00,true,2026-03-01,Calf Warehouse,SYRUP DRIPP APEL MALANG 760ML,RMSY-00028,BTL@930GR,Rupiah,2026-12-31,PLS202603010003,3497,310,1,"{""type"":""ALL"",""branches"":[]}","{""ID"":1186,""unit"":""BTL@930GR"",""price"":97000,""uomID"":310,""priceDate"":""2026-03-01"",""productID"":1411,""currencyID"":1,""expireDate"":""2026-12-31"",""supplierID"":5,""productCode"":""RMSY-00028"",""productName"":""SYRUP DRIPP APEL MALANG 760ML"",""currencyName"":""Rupiah"",""pricelistNum"":""PLS202603010003"",""supplierName"":""Calf Warehouse"",""productDetailID"":3497,""applicableBranch"":{""type"":""ALL"",""branches"":[]}}",2026-08-21 18:25:34.864397+00,2026-08-28 06:30:26.485137+00
877,1,1185,1411,ALL,582000.00,true,2026-03-01,Calf Warehouse,SYRUP DRIPP APEL MALANG 760ML,RMSY-00028,CTN@6BTL,Rupiah,2026-12-31,PLS202603010003,3498,342,1,"{""type"":""ALL"",""branches"":[]}","{""ID"":1185,""unit"":""CTN@6BTL"",""price"":582000,""uomID"":342,""priceDate"":""2026-03-01"",""productID"":1411,""currencyID"":1,""expireDate"":""2026-12-31"",""supplierID"":5,""productCode"":""RMSY-00028"",""productName"":""SYRUP DRIPP APEL MALANG 760ML"",""currencyName"":""Rupiah"",""pricelistNum"":""PLS202603010003"",""supplierName"":""Calf Warehouse"",""productDetailID"":3498,""applicableBranch"":{""type"":""ALL"",""branches"":[]}}",2026-08-21 18:25:34.864397+00,2026-08-28 06:30:26.485137+00
878,1,1187,1411,ALL,104.30,true,2026-03-01,Calf Warehouse,SYRUP DRIPP APEL MALANG 760ML,RMSY-00028,GR,Rupiah,2026-12-31,PLS202603010003,3496,351,1,"{""type"":""ALL"",""branches"":[]}","{""ID"":1187,""unit"":""GR"",""price"":104.3,""uomID"":351,""priceDate"":""2026-03-01"",""productID"":1411,""currencyID"":1,""expireDate"":""2026-12-31"",""supplierID"":5,""productCode"":""RMSY-00028"",""productName"":""SYRUP DRIPP APEL MALANG 760ML"",""currencyName"":""Rupiah"",""pricelistNum"":""PLS202603010003"",""supplierName"":""Calf Warehouse"",""productDetailID"":3496,""applicableBranch"":{""type"":""ALL"",""branches"":[]}}",2026-08-21 18:25:34.864397+00,2026-08-28 06:30:26.485137+00
879,1,1189,1412,ALL,97000.00,true,2026-03-01,Calf Warehouse,SYRUP DRIPP BANANA 760ML,RMSY-00004,BTL@930GR,Rupiah,2026-12-31,PLS202603010003,3500,310,1,"{""type"":""ALL"",""branches"":[]}","{""ID"":1189,""unit"":""BTL@930GR"",""price"":97000,""uomID"":310,""priceDate"":""2026-03-01"",""productID"":1412,""currencyID"":1,""expireDate"":""2026-12-31"",""supplierID"":5,""productCode"":""RMSY-00004"",""productName"":""SYRUP DRIPP BANANA 760ML"",""currencyName"":""Rupiah"",""pricelistNum"":""PLS202603010003"",""supplierName"":""Calf Warehouse"",""productDetailID"":3500,""applicableBranch"":{""type"":""ALL"",""branches"":[]}}",2026-08-21 18:25:34.864397+00,2026-08-28 06:30:26.485137+00
880,1,1188,1412,ALL,582000.00,true,2026-03-01,Calf Warehouse,SYRUP DRIPP BANANA 760ML,RMSY-00004,CTN@6BTL,Rupiah,2026-12-31,PLS202603010003,3501,342,1,"{""type"":""ALL"",""branches"":[]}","{""ID"":1188,""unit"":""CTN@6BTL"",""price"":582000,""uomID"":342,""priceDate"":""2026-03-01"",""productID"":1412,""currencyID"":1,""expireDate"":""2026-12-31"",""supplierID"":5,""productCode"":""RMSY-00004"",""productName"":""SYRUP DRIPP BANANA 760ML"",""currencyName"":""Rupiah"",""pricelistNum"":""PLS202603010003"",""supplierName"":""Calf Warehouse"",""productDetailID"":3501,""applicableBranch"":{""type"":""ALL"",""branches"":[]}}",2026-08-21 18:25:34.864397+00,2026-08-28 06:30:26.485137+00
881,1,1190,1412,ALL,104.30,true,2026-03-01,Calf Warehouse,SYRUP DRIPP BANANA 760ML,RMSY-00004,GR,Rupiah,2026-12-31,PLS202603010003,3499,351,1,"{""type"":""ALL"",""branches"":[]}","{""ID"":1190,""unit"":""GR"",""price"":104.3,""uomID"":351,""priceDate"":""2026-03-01"",""productID"":1412,""currencyID"":1,""expireDate"":""2026-12-31"",""supplierID"":5,""productCode"":""RMSY-00004"",""productName"":""SYRUP DRIPP BANANA 760ML"",""currencyName"":""Rupiah"",""pricelistNum"":""PLS202603010003"",""supplierName"":""Calf Warehouse"",""productDetailID"":3499,""applicableBranch"":{""type"":""ALL"",""branches"":[]}}",2026-08-21 18:25:34.864397+00,2026-08-28 06:30:26.485137+00
882,1,1192,1413,ALL,97000.00,true,2026-03-01,Calf Warehouse,SYRUP DRIPP BUTTERSCOTCH 760ML,RMSY-00005,BTL@930GR,Rupiah,2026-12-31,PLS202603010003,3503,310,1,"{""type"":""ALL"",""branches"":[]}","{""ID"":1192,""unit"":""BTL@930GR"",""price"":97000,""uomID"":310,""priceDate"":""2026-03-01"",""productID"":1413,""currencyID"":1,""expireDate"":""2026-12-31"",""supplierID"":5,""productCode"":""RMSY-00005"",""productName"":""SYRUP DRIPP BUTTERSCOTCH 760ML"",""currencyName"":""Rupiah"",""pricelistNum"":""PLS202603010003"",""supplierName"":""Calf Warehouse"",""productDetailID"":3503,""applicableBranch"":{""type"":""ALL"",""branches"":[]}}",2026-08-21 18:25:34.864397+00,2026-08-27 06:00:27.553506+00
883,1,1191,1413,ALL,582000.00,true,2026-03-01,Calf Warehouse,SYRUP DRIPP BUTTERSCOTCH 760ML,RMSY-00005,CTN@6BTL,Rupiah,2026-12-31,PLS202603010003,3504,342,1,"{""type"":""ALL"",""branches"":[]}","{""ID"":1191,""unit"":""CTN@6BTL"",""price"":582000,""uomID"":342,""priceDate"":""2026-03-01"",""productID"":1413,""currencyID"":1,""expireDate"":""2026-12-31"",""supplierID"":5,""productCode"":""RMSY-00005"",""productName"":""SYRUP DRIPP BUTTERSCOTCH 760ML"",""currencyName"":""Rupiah"",""pricelistNum"":""PLS202603010003"",""supplierName"":""Calf Warehouse"",""productDetailID"":3504,""applicableBranch"":{""type"":""ALL"",""branches"":[]}}",2026-08-21 18:25:34.864397+00,2026-08-28 06:30:26.485137+00
884,1,1193,1413,ALL,104.30,true,2026-03-01,Calf Warehouse,SYRUP DRIPP BUTTERSCOTCH 760ML,RMSY-00005,GR,Rupiah,2026-12-31,PLS202603010003,3502,351,1,"{""type"":""ALL"",""branches"":[]}","{""ID"":1193,""unit"":""GR"",""price"":104.3,""uomID"":351,""priceDate"":""2026-03-01"",""productID"":1413,""currencyID"":1,""expireDate"":""2026-12-31"",""supplierID"":5,""productCode"":""RMSY-00005"",""productName"":""SYRUP DRIPP BUTTERSCOTCH 760ML"",""currencyName"":""Rupiah"",""pricelistNum"":""PLS202603010003"",""supplierName"":""Calf Warehouse"",""productDetailID"":3502,""applicableBranch"":{""type"":""ALL"",""branches"":[]}}",2026-08-21 18:25:34.864397+00,2026-08-27 06:00:27.553506+00
885,1,1195,1414,ALL,97000.00,true,2026-03-01,Calf Warehouse,SYRUP DRIPP CARAMEL 760ML,RMSY-00006,BTL@930GR,Rupiah,2026-12-31,PLS202603010003,3506,310,1,"{""type"":""ALL"",""branches"":[]}","{""ID"":1195,""unit"":""BTL@930GR"",""price"":97000,""uomID"":310,""priceDate"":""2026-03-01"",""productID"":1414,""currencyID"":1,""expireDate"":""2026-12-31"",""supplierID"":5,""productCode"":""RMSY-00006"",""productName"":""SYRUP DRIPP CARAMEL 760ML"",""currencyName"":""Rupiah"",""pricelistNum"":""PLS202603010003"",""supplierName"":""Calf Warehouse"",""productDetailID"":3506,""applicableBranch"":{""type"":""ALL"",""branches"":[]}}",2026-08-21 18:25:34.864397+00,2026-08-27 06:00:27.553506+00
886,1,1194,1414,ALL,582000.00,true,2026-03-01,Calf Warehouse,SYRUP DRIPP CARAMEL 760ML,RMSY-00006,CTN@6BTL,Rupiah,2026-12-31,PLS202603010003,3507,342,1,"{""type"":""ALL"",""branches"":[]}","{""ID"":1194,""unit"":""CTN@6BTL"",""price"":582000,""uomID"":342,""priceDate"":""2026-03-01"",""productID"":1414,""currencyID"":1,""expireDate"":""2026-12-31"",""supplierID"":5,""productCode"":""RMSY-00006"",""productName"":""SYRUP DRIPP CARAMEL 760ML"",""currencyName"":""Rupiah"",""pricelistNum"":""PLS202603010003"",""supplierName"":""Calf Warehouse"",""productDetailID"":3507,""applicableBranch"":{""type"":""ALL"",""branches"":[]}}",2026-08-21 18:25:34.864397+00,2026-08-27 06:00:27.553506+00
887,1,1196,1414,ALL,104.30,true,2026-03-01,Calf Warehouse,SYRUP DRIPP CARAMEL 760ML,RMSY-00006,GR,Rupiah,2026-12-31,PLS202603010003,3505,351,1,"{""type"":""ALL"",""branches"":[]}","{""ID"":1196,""unit"":""GR"",""price"":104.3,""uomID"":351,""priceDate"":""2026-03-01"",""productID"":1414,""currencyID"":1,""expireDate"":""2026-12-31"",""supplierID"":5,""productCode"":""RMSY-00006"",""productName"":""SYRUP DRIPP CARAMEL 760ML"",""currencyName"":""Rupiah"",""pricelistNum"":""PLS202603010003"",""supplierName"":""Calf Warehouse"",""productDetailID"":3505,""applicableBranch"":{""type"":""ALL"",""branches"":[]}}",2026-08-21 18:25:34.864397+00,2026-08-28 06:30:26.485137+00
888,1,1198,1415,ALL,97000.00,true,2026-03-01,Calf Warehouse,SYRUP DRIPP CINNAMON 750ML,RMSY-00007,BTL@930GR,Rupiah,2026-12-31,PLS202603010003,3509,310,1,"{""type"":""ALL"",""branches"":[]}","{""ID"":1198,""unit"":""BTL@930GR"",""price"":97000,""uomID"":310,""priceDate"":""2026-03-01"",""productID"":1415,""currencyID"":1,""expireDate"":""2026-12-31"",""supplierID"":5,""productCode"":""RMSY-00007"",""productName"":""SYRUP DRIPP CINNAMON 750ML"",""currencyName"":""Rupiah"",""pricelistNum"":""PLS202603010003"",""supplierName"":""Calf Warehouse"",""productDetailID"":3509,""applicableBranch"":{""type"":""ALL"",""branches"":[]}}",2026-08-21 18:25:34.864397+00,2026-08-28 06:30:26.485137+00
889,1,1197,1415,ALL,582000.00,true,2026-03-01,Calf Warehouse,SYRUP DRIPP CINNAMON 750ML,RMSY-00007,CTN@6BTL,Rupiah,2026-12-31,PLS202603010003,3510,342,1,"{""type"":""ALL"",""branches"":[]}","{""ID"":1197,""unit"":""CTN@6BTL"",""price"":582000,""uomID"":342,""priceDate"":""2026-03-01"",""productID"":1415,""currencyID"":1,""expireDate"":""2026-12-31"",""supplierID"":5,""productCode"":""RMSY-00007"",""productName"":""SYRUP DRIPP CINNAMON 750ML"",""currencyName"":""Rupiah"",""pricelistNum"":""PLS202603010003"",""supplierName"":""Calf Warehouse"",""productDetailID"":3510,""applicableBranch"":{""type"":""ALL"",""branches"":[]}}",2026-08-21 18:25:34.864397+00,2026-08-28 06:30:26.485137+00
890,1,1199,1415,ALL,104.30,true,2026-03-01,Calf Warehouse,SYRUP DRIPP CINNAMON 750ML,RMSY-00007,GR,Rupiah,2026-12-31,PLS202603010003,3508,351,1,"{""type"":""ALL"",""branches"":[]}","{""ID"":1199,""unit"":""GR"",""price"":104.3,""uomID"":351,""priceDate"":""2026-03-01"",""productID"":1415,""currencyID"":1,""expireDate"":""2026-12-31"",""supplierID"":5,""productCode"":""RMSY-00007"",""productName"":""SYRUP DRIPP CINNAMON 750ML"",""currencyName"":""Rupiah"",""pricelistNum"":""PLS202603010003"",""supplierName"":""Calf Warehouse"",""productDetailID"":3508,""applicableBranch"":{""type"":""ALL"",""branches"":[]}}",2026-08-21 18:25:34.864397+00,2026-08-28 06:30:26.485137+00
891,1,1201,1416,ALL,97000.00,true,2026-03-01,Calf Warehouse,SYRUP DRIPP MANGO STICKY RICE 750ML,RMSY-00008,BTL@930GR,Rupiah,2026-12-31,PLS202603010003,3512,310,1,"{""type"":""ALL"",""branches"":[]}","{""ID"":1201,""unit"":""BTL@930GR"",""price"":97000,""uomID"":310,""priceDate"":""2026-03-01"",""productID"":1416,""currencyID"":1,""expireDate"":""2026-12-31"",""supplierID"":5,""productCode"":""RMSY-00008"",""productName"":""SYRUP DRIPP MANGO STICKY RICE 750ML"",""currencyName"":""Rupiah"",""pricelistNum"":""PLS202603010003"",""supplierName"":""Calf Warehouse"",""productDetailID"":3512,""applicableBranch"":{""type"":""ALL"",""branches"":[]}}",2026-08-21 18:25:34.864397+00,2026-08-28 06:30:26.485137+00
892,1,1200,1416,ALL,582000.00,true,2026-03-01,Calf Warehouse,SYRUP DRIPP MANGO STICKY RICE 750ML,RMSY-00008,CTN@6BTL,Rupiah,2026-12-31,PLS202603010003,3513,342,1,"{""type"":""ALL"",""branches"":[]}","{""ID"":1200,""unit"":""CTN@6BTL"",""price"":582000,""uomID"":342,""priceDate"":""2026-03-01"",""productID"":1416,""currencyID"":1,""expireDate"":""2026-12-31"",""supplierID"":5,""productCode"":""RMSY-00008"",""productName"":""SYRUP DRIPP MANGO STICKY RICE 750ML"",""currencyName"":""Rupiah"",""pricelistNum"":""PLS202603010003"",""supplierName"":""Calf Warehouse"",""productDetailID"":3513,""applicableBranch"":{""type"":""ALL"",""branches"":[]}}",2026-08-21 18:25:34.864397+00,2026-08-28 06:30:26.485137+00
893,1,1202,1416,ALL,104.30,true,2026-03-01,Calf Warehouse,SYRUP DRIPP MANGO STICKY RICE 750ML,RMSY-00008,GR,Rupiah,2026-12-31,PLS202603010003,3511,351,1,"{""type"":""ALL"",""branches"":[]}","{""ID"":1202,""unit"":""GR"",""price"":104.3,""uomID"":351,""priceDate"":""2026-03-01"",""productID"":1416,""currencyID"":1,""expireDate"":""2026-12-31"",""supplierID"":5,""productCode"":""RMSY-00008"",""productName"":""SYRUP DRIPP MANGO STICKY RICE 750ML"",""currencyName"":""Rupiah"",""pricelistNum"":""PLS202603010003"",""supplierName"":""Calf Warehouse"",""productDetailID"":3511,""applicableBranch"":{""type"":""ALL"",""branches"":[]}}",2026-08-21 18:25:34.864397+00,2026-08-28 06:30:26.485137+00
894,1,1204,1417,ALL,97000.00,true,2026-03-01,Calf Warehouse,SYRUP DRIPP PISTACHIO 760ML,RMSY-00009,BTL@930GR,Rupiah,2026-12-31,PLS202603010003,3515,310,1,"{""type"":""ALL"",""branches"":[]}","{""ID"":1204,""unit"":""BTL@930GR"",""price"":97000,""uomID"":310,""priceDate"":""2026-03-01"",""productID"":1417,""currencyID"":1,""expireDate"":""2026-12-31"",""supplierID"":5,""productCode"":""RMSY-00009"",""productName"":""SYRUP DRIPP PISTACHIO 760ML"",""currencyName"":""Rupiah"",""pricelistNum"":""PLS202603010003"",""supplierName"":""Calf Warehouse"",""productDetailID"":3515,""applicableBranch"":{""type"":""ALL"",""branches"":[]}}",2026-08-21 18:25:34.864397+00,2026-08-28 06:30:26.485137+00
895,1,1203,1417,ALL,582000.00,true,2026-03-01,Calf Warehouse,SYRUP DRIPP PISTACHIO 760ML,RMSY-00009,CTN@6BTL,Rupiah,2026-12-31,PLS202603010003,3516,342,1,"{""type"":""ALL"",""branches"":[]}","{""ID"":1203,""unit"":""CTN@6BTL"",""price"":582000,""uomID"":342,""priceDate"":""2026-03-01"",""productID"":1417,""currencyID"":1,""expireDate"":""2026-12-31"",""supplierID"":5,""productCode"":""RMSY-00009"",""productName"":""SYRUP DRIPP PISTACHIO 760ML"",""currencyName"":""Rupiah"",""pricelistNum"":""PLS202603010003"",""supplierName"":""Calf Warehouse"",""productDetailID"":3516,""applicableBranch"":{""type"":""ALL"",""branches"":[]}}",2026-08-21 18:25:34.864397+00,2026-08-28 06:30:26.485137+00
896,1,1205,1417,ALL,104.30,true,2026-03-01,Calf Warehouse,SYRUP DRIPP PISTACHIO 760ML,RMSY-00009,GR,Rupiah,2026-12-31,PLS202603010003,3514,351,1,"{""type"":""ALL"",""branches"":[]}","{""ID"":1205,""unit"":""GR"",""price"":104.3,""uomID"":351,""priceDate"":""2026-03-01"",""productID"":1417,""currencyID"":1,""expireDate"":""2026-12-31"",""supplierID"":5,""productCode"":""RMSY-00009"",""productName"":""SYRUP DRIPP PISTACHIO 760ML"",""currencyName"":""Rupiah"",""pricelistNum"":""PLS202603010003"",""supplierName"":""Calf Warehouse"",""productDetailID"":3514,""applicableBranch"":{""type"":""ALL"",""branches"":[]}}",2026-08-21 18:25:34.864397+00,2026-08-28 06:30:26.485137+00
897,1,1207,1418,ALL,97000.00,true,2026-03-01,Calf Warehouse,SYRUP DRIPP TIRAMISU 760ML,RMSY-00010,BTL@930GR,Rupiah,2026-12-31,PLS202603010003,3518,310,1,"{""type"":""ALL"",""branches"":[]}","{""ID"":1207,""unit"":""BTL@930GR"",""price"":97000,""uomID"":310,""priceDate"":""2026-03-01"",""productID"":1418,""currencyID"":1,""expireDate"":""2026-12-31"",""supplierID"":5,""productCode"":""RMSY-00010"",""productName"":""SYRUP DRIPP TIRAMISU 760ML"",""currencyName"":""Rupiah"",""pricelistNum"":""PLS202603010003"",""supplierName"":""Calf Warehouse"",""productDetailID"":3518,""applicableBranch"":{""type"":""ALL"",""branches"":[]}}",2026-08-21 18:25:34.864397+00,2026-08-28 06:30:26.485137+00
898,1,1206,1418,ALL,582000.00,true,2026-03-01,Calf Warehouse,SYRUP DRIPP TIRAMISU 760ML,RMSY-00010,CTN@6BTL,Rupiah,2026-12-31,PLS202603010003,3519,342,1,"{""type"":""ALL"",""branches"":[]}","{""ID"":1206,""unit"":""CTN@6BTL"",""price"":582000,""uomID"":342,""priceDate"":""2026-03-01"",""productID"":1418,""currencyID"":1,""expireDate"":""2026-12-31"",""supplierID"":5,""productCode"":""RMSY-00010"",""productName"":""SYRUP DRIPP TIRAMISU 760ML"",""currencyName"":""Rupiah"",""pricelistNum"":""PLS202603010003"",""supplierName"":""Calf Warehouse"",""productDetailID"":3519,""applicableBranch"":{""type"":""ALL"",""branches"":[]}}",2026-08-21 18:25:34.864397+00,2026-08-28 06:30:26.485137+00
899,1,1208,1418,ALL,104.30,true,2026-03-01,Calf Warehouse,SYRUP DRIPP TIRAMISU 760ML,RMSY-00010,GR,Rupiah,2026-12-31,PLS202603010003,3517,351,1,"{""type"":""ALL"",""branches"":[]}","{""ID"":1208,""unit"":""GR"",""price"":104.3,""uomID"":351,""priceDate"":""2026-03-01"",""productID"":1418,""currencyID"":1,""expireDate"":""2026-12-31"",""supplierID"":5,""productCode"":""RMSY-00010"",""productName"":""SYRUP DRIPP TIRAMISU 760ML"",""currencyName"":""Rupiah"",""pricelistNum"":""PLS202603010003"",""supplierName"":""Calf Warehouse"",""productDetailID"":3517,""applicableBranch"":{""type"":""ALL"",""branches"":[]}}",2026-08-21 18:25:34.864397+00,2026-08-28 06:30:26.485137+00
900,1,1210,1419,ALL,97000.00,true,2026-03-01,Calf Warehouse,SYRUP DRIPP VANILLA 760ML,RMSY-00029,BTL@930GR,Rupiah,2026-12-31,PLS202603010003,3521,310,1,"{""type"":""ALL"",""branches"":[]}","{""ID"":1210,""unit"":""BTL@930GR"",""price"":97000,""uomID"":310,""priceDate"":""2026-03-01"",""productID"":1419,""currencyID"":1,""expireDate"":""2026-12-31"",""supplierID"":5,""productCode"":""RMSY-00029"",""productName"":""SYRUP DRIPP VANILLA 760ML"",""currencyName"":""Rupiah"",""pricelistNum"":""PLS202603010003"",""supplierName"":""Calf Warehouse"",""productDetailID"":3521,""applicableBranch"":{""type"":""ALL"",""branches"":[]}}",2026-08-21 18:25:34.864397+00,2026-08-28 06:30:26.485137+00
901,1,1209,1419,ALL,582000.00,true,2026-03-01,Calf Warehouse,SYRUP DRIPP VANILLA 760ML,RMSY-00029,CTN@6BTL,Rupiah,2026-12-31,PLS202603010003,3522,342,1,"{""type"":""ALL"",""branches"":[]}","{""ID"":1209,""unit"":""CTN@6BTL"",""price"":582000,""uomID"":342,""priceDate"":""2026-03-01"",""productID"":1419,""currencyID"":1,""expireDate"":""2026-12-31"",""supplierID"":5,""productCode"":""RMSY-00029"",""productName"":""SYRUP DRIPP VANILLA 760ML"",""currencyName"":""Rupiah"",""pricelistNum"":""PLS202603010003"",""supplierName"":""Calf Warehouse"",""productDetailID"":3522,""applicableBranch"":{""type"":""ALL"",""branches"":[]}}",2026-08-21 18:25:34.864397+00,2026-08-28 06:30:26.485137+00
902,1,1211,1419,ALL,104.30,true,2026-03-01,Calf Warehouse,SYRUP DRIPP VANILLA 760ML,RMSY-00029,GR,Rupiah,2026-12-31,PLS202603010003,3520,351,1,"{""type"":""ALL"",""branches"":[]}","{""ID"":1211,""unit"":""GR"",""price"":104.3,""uomID"":351,""priceDate"":""2026-03-01"",""productID"":1419,""currencyID"":1,""expireDate"":""2026-12-31"",""supplierID"":5,""productCode"":""RMSY-00029"",""productName"":""SYRUP DRIPP VANILLA 760ML"",""currencyName"":""Rupiah"",""pricelistNum"":""PLS202603010003"",""supplierName"":""Calf Warehouse"",""productDetailID"":3520,""applicableBranch"":{""type"":""ALL"",""branches"":[]}}",2026-08-21 18:25:34.864397+00,2026-08-28 06:30:26.485137+00
903,1,1183,1433,ALL,155925.00,true,2026-03-01,Calf Warehouse,SYRUP DRIPP MANGGA HARUMANIS PULP 760ML,RMSY-00027,BTL@930GR,Rupiah,2026-12-31,PLS202603010002,3563,310,1,"{""type"":""ALL"",""branches"":[]}","{""ID"":1183,""unit"":""BTL@930GR"",""price"":155925,""uomID"":310,""priceDate"":""2026-03-01"",""productID"":1433,""currencyID"":1,""expireDate"":""2026-12-31"",""supplierID"":5,""productCode"":""RMSY-00027"",""productName"":""SYRUP DRIPP MANGGA HARUMANIS PULP 760ML"",""currencyName"":""Rupiah"",""pricelistNum"":""PLS202603010002"",""supplierName"":""Calf Warehouse"",""productDetailID"":3563,""applicableBranch"":{""type"":""ALL"",""branches"":[]}}",2026-08-21 18:25:34.864397+00,2026-08-28 06:30:26.485137+00
904,1,1182,1433,ALL,935550.00,true,2026-03-01,Calf Warehouse,SYRUP DRIPP MANGGA HARUMANIS PULP 760ML,RMSY-00027,CTN@6BTL,Rupiah,2026-12-31,PLS202603010002,3564,342,1,"{""type"":""ALL"",""branches"":[]}","{""ID"":1182,""unit"":""CTN@6BTL"",""price"":935550,""uomID"":342,""priceDate"":""2026-03-01"",""productID"":1433,""currencyID"":1,""expireDate"":""2026-12-31"",""supplierID"":5,""productCode"":""RMSY-00027"",""productName"":""SYRUP DRIPP MANGGA HARUMANIS PULP 760ML"",""currencyName"":""Rupiah"",""pricelistNum"":""PLS202603010002"",""supplierName"":""Calf Warehouse"",""productDetailID"":3564,""applicableBranch"":{""type"":""ALL"",""branches"":[]}}",2026-08-21 18:25:34.864397+00,2026-08-28 06:30:26.485137+00
905,1,1184,1433,ALL,167.66,true,2026-03-01,Calf Warehouse,SYRUP DRIPP MANGGA HARUMANIS PULP 760ML,RMSY-00027,GR,Rupiah,2026-12-31,PLS202603010002,3562,351,1,"{""type"":""ALL"",""branches"":[]}","{""ID"":1184,""unit"":""GR"",""price"":167.66,""uomID"":351,""priceDate"":""2026-03-01"",""productID"":1433,""currencyID"":1,""expireDate"":""2026-12-31"",""supplierID"":5,""productCode"":""RMSY-00027"",""productName"":""SYRUP DRIPP MANGGA HARUMANIS PULP 760ML"",""currencyName"":""Rupiah"",""pricelistNum"":""PLS202603010002"",""supplierName"":""Calf Warehouse"",""productDetailID"":3562,""applicableBranch"":{""type"":""ALL"",""branches"":[]}}",2026-08-21 18:25:34.864397+00,2026-08-28 06:30:26.485137+00
906,1,1222,1609,ALL,1050.00,true,2026-03-10,Calf Warehouse,HANG TAG CUSTOM,INSU-00041,PCS,Rupiah,2026-04-30,PLS202603100001,3927,402,1,"{""type"":""ALL"",""branches"":[]}","{""ID"":1222,""unit"":""PCS"",""price"":1050,""uomID"":402,""priceDate"":""2026-03-10"",""productID"":1609,""currencyID"":1,""expireDate"":""2026-04-30"",""supplierID"":5,""productCode"":""INSU-00041"",""productName"":""HANG TAG CUSTOM"",""currencyName"":""Rupiah"",""pricelistNum"":""PLS202603100001"",""supplierName"":""Calf Warehouse"",""productDetailID"":3927,""applicableBranch"":{""type"":""ALL"",""branches"":[]}}",2026-08-21 18:25:34.864397+00,2026-08-28 06:30:26.485137+00
907,1,1221,1623,ALL,8500.00,true,2026-03-10,Calf Warehouse,HAMPERS CUSTOM ISI 3 CAN,INSU_00050,PCS,Rupiah,2026-04-30,PLS202603100001,3958,402,1,"{""type"":""ALL"",""branches"":[]}","{""ID"":1221,""unit"":""PCS"",""price"":8500,""uomID"":402,""priceDate"":""2026-03-10"",""productID"":1623,""currencyID"":1,""expireDate"":""2026-04-30"",""supplierID"":5,""productCode"":""INSU_00050"",""productName"":""HAMPERS CUSTOM ISI 3 CAN"",""currencyName"":""Rupiah"",""pricelistNum"":""PLS202603100001"",""supplierName"":""Calf Warehouse"",""productDetailID"":3958,""applicableBranch"":{""type"":""ALL"",""branches"":[]}}",2026-08-21 18:25:34.864397+00,2026-08-28 06:30:26.485137+00
908,1,1225,1579,ALL,11760.00,true,2026-03-13,Calf Warehouse,PLASTIK 1/2 KG (NEW),INSU-00025,PACK,Rupiah,2027-01-31,PLS202603130002,3860,369,1,"{""type"":""ALL"",""branches"":[]}","{""ID"":1225,""unit"":""PACK"",""price"":11760,""uomID"":369,""priceDate"":""2026-03-13"",""productID"":1579,""currencyID"":1,""expireDate"":""2027-01-31"",""supplierID"":5,""productCode"":""INSU-00025"",""productName"":""PLASTIK 1/2 KG (NEW)"",""currencyName"":""Rupiah"",""pricelistNum"":""PLS202603130002"",""supplierName"":""Calf Warehouse"",""productDetailID"":3860,""applicableBranch"":{""type"":""ALL"",""branches"":[]}}",2026-08-21 18:25:34.864397+00,2026-08-28 06:30:26.485137+00
909,1,1226,1580,ALL,12810.00,true,2026-03-13,Calf Warehouse,PLASTIK 1KG (NEW),INSU-00026,PACK,Rupiah,2027-01-31,PLS202603130002,3861,369,1,"{""type"":""ALL"",""branches"":[]}","{""ID"":1226,""unit"":""PACK"",""price"":12810,""uomID"":369,""priceDate"":""2026-03-13"",""productID"":1580,""currencyID"":1,""expireDate"":""2027-01-31"",""supplierID"":5,""productCode"":""INSU-00026"",""productName"":""PLASTIK 1KG (NEW)"",""currencyName"":""Rupiah"",""pricelistNum"":""PLS202603130002"",""supplierName"":""Calf Warehouse"",""productDetailID"":3861,""applicableBranch"":{""type"":""ALL"",""branches"":[]}}",2026-08-21 18:25:34.864397+00,2026-08-28 06:30:26.485137+00
910,1,1224,1630,ALL,32550.00,true,2026-03-13,Calf Warehouse,GULA MERAH PALMARIE 1300GR,RMBV-00033,BTL@1300GR,Rupiah,2026-04-14,PLS202603130001,3978,302,1,"{""type"":""ALL"",""branches"":[]}","{""ID"":1224,""unit"":""BTL@1300GR"",""price"":32550,""uomID"":302,""priceDate"":""2026-03-13"",""productID"":1630,""currencyID"":1,""expireDate"":""2026-04-14"",""supplierID"":5,""productCode"":""RMBV-00033"",""productName"":""GULA MERAH PALMARIE 1300GR"",""currencyName"":""Rupiah"",""pricelistNum"":""PLS202603130001"",""supplierName"":""Calf Warehouse"",""productDetailID"":3978,""applicableBranch"":{""type"":""ALL"",""branches"":[]}}",2026-08-21 18:25:34.864397+00,2026-08-28 06:30:26.485137+00
911,1,1223,1631,ALL,29925.00,true,2026-03-13,Calf Warehouse,GULA KELAPA PALMARIE 1300GR,RMBV-00032,BTL@1300GR,Rupiah,2026-04-14,PLS202603130001,3981,302,1,"{""type"":""ALL"",""branches"":[]}","{""ID"":1223,""unit"":""BTL@1300GR"",""price"":29925,""uomID"":302,""priceDate"":""2026-03-13"",""productID"":1631,""currencyID"":1,""expireDate"":""2026-04-14"",""supplierID"":5,""productCode"":""RMBV-00032"",""productName"":""GULA KELAPA PALMARIE 1300GR"",""currencyName"":""Rupiah"",""pricelistNum"":""PLS202603130001"",""supplierName"":""Calf Warehouse"",""productDetailID"":3981,""applicableBranch"":{""type"":""ALL"",""branches"":[]}}",2026-08-21 18:25:34.864397+00,2026-08-28 06:30:26.485137+00
912,1,1227,1595,ALL,43324.32,true,2026-03-25,Calf Warehouse,BUTTER UNSALTED ORCHID,RMKC-00045,PCS@200GR,Rupiah,2026-12-31,PLS202603250001,3900,407,1,"{""type"":""ALL"",""branches"":[]}","{""ID"":1227,""unit"":""PCS@200GR"",""price"":43324.32,""uomID"":407,""priceDate"":""2026-03-25"",""productID"":1595,""currencyID"":1,""expireDate"":""2026-12-31"",""supplierID"":5,""productCode"":""RMKC-00045"",""productName"":""BUTTER UNSALTED ORCHID"",""currencyName"":""Rupiah"",""pricelistNum"":""PLS202603250001"",""supplierName"":""Calf Warehouse"",""productDetailID"":3900,""applicableBranch"":{""type"":""ALL"",""branches"":[]}}",2026-08-21 18:25:34.864397+00,2026-08-28 06:30:26.485137+00
913,1,1293,1632,ALL,77025.00,true,2026-04-01,Calf Warehouse,POWDER MULTIBEV TARO 1KG,RMPD-00015,PACK@1000GR,Rupiah,2026-12-31,PLS202604010001,3984,370,1,"{""type"":""ALL"",""branches"":[]}","{""ID"":1293,""unit"":""PACK@1000GR"",""price"":77025,""uomID"":370,""priceDate"":""2026-04-01"",""productID"":1632,""currencyID"":1,""expireDate"":""2026-12-31"",""supplierID"":5,""productCode"":""RMPD-00015"",""productName"":""POWDER MULTIBEV TARO 1KG"",""currencyName"":""Rupiah"",""pricelistNum"":""PLS202604010001"",""supplierName"":""Calf Warehouse"",""productDetailID"":3984,""applicableBranch"":{""type"":""ALL"",""branches"":[]}}",2026-08-21 18:25:34.864397+00,2026-08-28 06:30:26.485137+00
914,1,1228,1636,ALL,15000.00,true,2026-04-02,Calf Warehouse,PLASTIK TAKEAWAY BW UK 15,PABW-0001,PCS@250GR,Rupiah,2026-04-14,PLS202604020001,3993,409,1,"{""type"":""ALL"",""branches"":[]}","{""ID"":1228,""unit"":""PCS@250GR"",""price"":15000,""uomID"":409,""priceDate"":""2026-04-02"",""productID"":1636,""currencyID"":1,""expireDate"":""2026-04-14"",""supplierID"":5,""productCode"":""PABW-0001"",""productName"":""PLASTIK TAKEAWAY BW UK 15"",""currencyName"":""Rupiah"",""pricelistNum"":""PLS202604020001"",""supplierName"":""Calf Warehouse"",""productDetailID"":3993,""applicableBranch"":{""type"":""ALL"",""branches"":[]}}",2026-08-21 18:25:34.864397+00,2026-08-28 06:30:26.485137+00
915,1,1229,1638,ALL,15000.00,true,2026-04-02,Calf Warehouse,PLASTIK TAKEAWAY BW UK 25,PABW-0003,PCS@250GR,Rupiah,2026-04-14,PLS202604020001,3995,409,1,"{""type"":""ALL"",""branches"":[]}","{""ID"":1229,""unit"":""PCS@250GR"",""price"":15000,""uomID"":409,""priceDate"":""2026-04-02"",""productID"":1638,""currencyID"":1,""expireDate"":""2026-04-14"",""supplierID"":5,""productCode"":""PABW-0003"",""productName"":""PLASTIK TAKEAWAY BW UK 25"",""currencyName"":""Rupiah"",""pricelistNum"":""PLS202604020001"",""supplierName"":""Calf Warehouse"",""productDetailID"":3995,""applicableBranch"":{""type"":""ALL"",""branches"":[]}}",2026-08-21 18:25:34.864397+00,2026-08-28 06:30:26.485137+00
916,1,1230,1639,ALL,29000.00,true,2026-04-02,Calf Warehouse,PLASTIK TAKEAWAY BW UK 30,PABW-0004,PCS@500GR,Rupiah,2026-04-14,PLS202604020001,3996,413,1,"{""type"":""ALL"",""branches"":[]}","{""ID"":1230,""unit"":""PCS@500GR"",""price"":29000,""uomID"":413,""priceDate"":""2026-04-02"",""productID"":1639,""currencyID"":1,""expireDate"":""2026-04-14"",""supplierID"":5,""productCode"":""PABW-0004"",""productName"":""PLASTIK TAKEAWAY BW UK 30"",""currencyName"":""Rupiah"",""pricelistNum"":""PLS202604020001"",""supplierName"":""Calf Warehouse"",""productDetailID"":3996,""applicableBranch"":{""type"":""ALL"",""branches"":[]}}",2026-08-21 18:25:34.864397+00,2026-08-28 06:30:26.485137+00
917,1,1231,1640,ALL,29000.00,true,2026-04-02,Calf Warehouse,PLASTIK TAKEAWAY BW UK 35,PABW-0005,PCS@500GR,Rupiah,2026-04-14,PLS202604020001,3997,413,1,"{""type"":""ALL"",""branches"":[]}","{""ID"":1231,""unit"":""PCS@500GR"",""price"":29000,""uomID"":413,""priceDate"":""2026-04-02"",""productID"":1640,""currencyID"":1,""expireDate"":""2026-04-14"",""supplierID"":5,""productCode"":""PABW-0005"",""productName"":""PLASTIK TAKEAWAY BW UK 35"",""currencyName"":""Rupiah"",""pricelistNum"":""PLS202604020001"",""supplierName"":""Calf Warehouse"",""productDetailID"":3997,""applicableBranch"":{""type"":""ALL"",""branches"":[]}}",2026-08-21 18:25:34.864397+00,2026-08-28 06:30:26.485137+00
918,1,1233,1210,ALL,331468.29,true,2026-04-09,Calf Warehouse,CHEESE MOZZARELLA BLOCK,RMFR-00002,PACK@2300GR,Rupiah,2029-06-28,PLS202604090002,3992,470,1,"{""type"":""ALL"",""branches"":[]}","{""ID"":1233,""unit"":""PACK@2300GR"",""price"":331468.29,""uomID"":470,""priceDate"":""2026-04-09"",""productID"":1210,""currencyID"":1,""expireDate"":""2029-06-28"",""supplierID"":5,""productCode"":""RMFR-00002"",""productName"":""CHEESE MOZZARELLA BLOCK"",""currencyName"":""Rupiah"",""pricelistNum"":""PLS202604090002"",""supplierName"":""Calf Warehouse"",""productDetailID"":3992,""applicableBranch"":{""type"":""ALL"",""branches"":[]}}",2026-08-21 18:25:34.864397+00,2026-08-28 06:30:26.485137+00
919,1,1232,1572,ALL,11360.00,true,2026-04-09,Calf Warehouse,TRASH BAG 90X120CM (NEW),INSU-00018,PACK@5PCS,Rupiah,2026-12-31,PLS202604090001,3926,391,1,"{""type"":""ALL"",""branches"":[]}","{""ID"":1232,""unit"":""PACK@5PCS"",""price"":11360,""uomID"":391,""priceDate"":""2026-04-09"",""productID"":1572,""currencyID"":1,""expireDate"":""2026-12-31"",""supplierID"":5,""productCode"":""INSU-00018"",""productName"":""TRASH BAG 90X120CM (NEW)"",""currencyName"":""Rupiah"",""pricelistNum"":""PLS202604090001"",""supplierName"":""Calf Warehouse"",""productDetailID"":3926,""applicableBranch"":{""type"":""ALL"",""branches"":[]}}",2026-08-21 18:25:34.864397+00,2026-08-28 06:30:26.485137+00
920,1,1238,1190,ALL,183750.00,true,2026-04-14,Calf Warehouse,BOTOL KALE 1000ML,PCPB-00001,BALL@50PCS,Rupiah,2026-12-31,PLS202604140005,2965,293,1,"{""type"":""ALL"",""branches"":[]}","{""ID"":1238,""unit"":""BALL@50PCS"",""price"":183750,""uomID"":293,""priceDate"":""2026-04-14"",""productID"":1190,""currencyID"":1,""expireDate"":""2026-12-31"",""supplierID"":5,""productCode"":""PCPB-00001"",""productName"":""BOTOL KALE 1000ML"",""currencyName"":""Rupiah"",""pricelistNum"":""PLS202604140005"",""supplierName"":""Calf Warehouse"",""productDetailID"":2965,""applicableBranch"":{""type"":""ALL"",""branches"":[]}}",2026-08-21 18:25:34.864397+00,2026-08-28 06:30:26.485137+00
921,1,1237,1190,ALL,3675.00,true,2026-04-14,Calf Warehouse,BOTOL KALE 1000ML,PCPB-00001,PCS,Rupiah,2026-12-31,PLS202604140004,2964,402,1,"{""type"":""ALL"",""branches"":[]}","{""ID"":1237,""unit"":""PCS"",""price"":3675,""uomID"":402,""priceDate"":""2026-04-14"",""productID"":1190,""currencyID"":1,""expireDate"":""2026-12-31"",""supplierID"":5,""productCode"":""PCPB-00001"",""productName"":""BOTOL KALE 1000ML"",""currencyName"":""Rupiah"",""pricelistNum"":""PLS202604140004"",""supplierName"":""Calf Warehouse"",""productDetailID"":2964,""applicableBranch"":{""type"":""ALL"",""branches"":[]}}",2026-08-21 18:25:34.864397+00,2026-08-28 06:30:26.485137+00
922,1,1235,1220,ALL,26250.00,true,2026-04-14,Calf Warehouse,CUP ES,PCPB-00003,BALL@50PCS,Rupiah,2026-12-31,PLS202604140002,3032,293,1,"{""type"":""ALL"",""branches"":[]}","{""ID"":1235,""unit"":""BALL@50PCS"",""price"":26250,""uomID"":293,""priceDate"":""2026-04-14"",""productID"":1220,""currencyID"":1,""expireDate"":""2026-12-31"",""supplierID"":5,""productCode"":""PCPB-00003"",""productName"":""CUP ES"",""currencyName"":""Rupiah"",""pricelistNum"":""PLS202604140002"",""supplierName"":""Calf Warehouse"",""productDetailID"":3032,""applicableBranch"":{""type"":""ALL"",""branches"":[]}}",2026-08-21 18:25:34.864397+00,2026-08-28 06:30:26.485137+00
923,1,1236,1220,ALL,525000.00,true,2026-04-14,Calf Warehouse,CUP ES,PCPB-00003,CTN@20BALL,Rupiah,2026-12-31,PLS202604140003,3033,325,1,"{""type"":""ALL"",""branches"":[]}","{""ID"":1236,""unit"":""CTN@20BALL"",""price"":525000,""uomID"":325,""priceDate"":""2026-04-14"",""productID"":1220,""currencyID"":1,""expireDate"":""2026-12-31"",""supplierID"":5,""productCode"":""PCPB-00003"",""productName"":""CUP ES"",""currencyName"":""Rupiah"",""pricelistNum"":""PLS202604140003"",""supplierName"":""Calf Warehouse"",""productDetailID"":3033,""applicableBranch"":{""type"":""ALL"",""branches"":[]}}",2026-08-21 18:25:34.864397+00,2026-08-28 06:30:26.485137+00
924,1,1234,1220,ALL,525.00,true,2026-04-14,Calf Warehouse,CUP ES,PCPB-00003,PCS,Rupiah,2026-12-31,PLS202604140001,3031,402,1,"{""type"":""ALL"",""branches"":[]}","{""ID"":1234,""unit"":""PCS"",""price"":525,""uomID"":402,""priceDate"":""2026-04-14"",""productID"":1220,""currencyID"":1,""expireDate"":""2026-12-31"",""supplierID"":5,""productCode"":""PCPB-00003"",""productName"":""CUP ES"",""currencyName"":""Rupiah"",""pricelistNum"":""PLS202604140001"",""supplierName"":""Calf Warehouse"",""productDetailID"":3031,""applicableBranch"":{""type"":""ALL"",""branches"":[]}}",2026-08-21 18:25:34.864397+00,2026-08-28 06:30:26.485137+00
925,1,1268,1247,ALL,237600.00,true,2026-04-14,Calf Warehouse,FRESH MILK CIMORY 950ML,RMFR-00006,CTN@12PCS,Rupiah,2026-12-31,PLS202604140020,3103,319,1,"{""type"":""ALL"",""branches"":[]}","{""ID"":1268,""unit"":""CTN@12PCS"",""price"":237600,""uomID"":319,""priceDate"":""2026-04-14"",""productID"":1247,""currencyID"":1,""expireDate"":""2026-12-31"",""supplierID"":5,""productCode"":""RMFR-00006"",""productName"":""FRESH MILK CIMORY 950ML"",""currencyName"":""Rupiah"",""pricelistNum"":""PLS202604140020"",""supplierName"":""Calf Warehouse"",""productDetailID"":3103,""applicableBranch"":{""type"":""ALL"",""branches"":[]}}",2026-08-21 18:25:34.864397+00,2026-08-28 06:30:26.485137+00
926,1,1266,1247,ALL,20.84,true,2026-04-14,Calf Warehouse,FRESH MILK CIMORY 950ML,RMFR-00006,GR,Rupiah,2026-12-31,PLS202604140020,3101,351,1,"{""type"":""ALL"",""branches"":[]}","{""ID"":1266,""unit"":""GR"",""price"":20.84,""uomID"":351,""priceDate"":""2026-04-14"",""productID"":1247,""currencyID"":1,""expireDate"":""2026-12-31"",""supplierID"":5,""productCode"":""RMFR-00006"",""productName"":""FRESH MILK CIMORY 950ML"",""currencyName"":""Rupiah"",""pricelistNum"":""PLS202604140020"",""supplierName"":""Calf Warehouse"",""productDetailID"":3101,""applicableBranch"":{""type"":""ALL"",""branches"":[]}}",2026-08-21 18:25:34.864397+00,2026-08-28 06:30:26.485137+00
927,1,1267,1247,ALL,19800.00,true,2026-04-14,Calf Warehouse,FRESH MILK CIMORY 950ML,RMFR-00006,PCS@950GR,Rupiah,2026-12-31,PLS202604140020,3102,418,1,"{""type"":""ALL"",""branches"":[]}","{""ID"":1267,""unit"":""PCS@950GR"",""price"":19800,""uomID"":418,""priceDate"":""2026-04-14"",""productID"":1247,""currencyID"":1,""expireDate"":""2026-12-31"",""supplierID"":5,""productCode"":""RMFR-00006"",""productName"":""FRESH MILK CIMORY 950ML"",""currencyName"":""Rupiah"",""pricelistNum"":""PLS202604140020"",""supplierName"":""Calf Warehouse"",""productDetailID"":3102,""applicableBranch"":{""type"":""ALL"",""branches"":[]}}",2026-08-21 18:25:34.864397+00,2026-08-28 06:30:26.485137+00
928,1,1265,1249,ALL,234000.00,true,2026-04-14,Calf Warehouse,FRESH MILK DIAMOND 946ML,RMFR-00008,CTN@12PCS,Rupiah,2026-12-31,PLS202604140019,3109,319,1,"{""type"":""ALL"",""branches"":[]}","{""ID"":1265,""unit"":""CTN@12PCS"",""price"":234000,""uomID"":319,""priceDate"":""2026-04-14"",""productID"":1249,""currencyID"":1,""expireDate"":""2026-12-31"",""supplierID"":5,""productCode"":""RMFR-00008"",""productName"":""FRESH MILK DIAMOND 946ML"",""currencyName"":""Rupiah"",""pricelistNum"":""PLS202604140019"",""supplierName"":""Calf Warehouse"",""productDetailID"":3109,""applicableBranch"":{""type"":""ALL"",""branches"":[]}}",2026-08-21 18:25:34.864397+00,2026-08-28 06:30:26.485137+00
929,1,1263,1249,ALL,20.61,true,2026-04-14,Calf Warehouse,FRESH MILK DIAMOND 946ML,RMFR-00008,GR,Rupiah,2026-12-31,PLS202604140019,3107,351,1,"{""type"":""ALL"",""branches"":[]}","{""ID"":1263,""unit"":""GR"",""price"":20.61,""uomID"":351,""priceDate"":""2026-04-14"",""productID"":1249,""currencyID"":1,""expireDate"":""2026-12-31"",""supplierID"":5,""productCode"":""RMFR-00008"",""productName"":""FRESH MILK DIAMOND 946ML"",""currencyName"":""Rupiah"",""pricelistNum"":""PLS202604140019"",""supplierName"":""Calf Warehouse"",""productDetailID"":3107,""applicableBranch"":{""type"":""ALL"",""branches"":[]}}",2026-08-21 18:25:34.864397+00,2026-08-28 06:30:26.485137+00
930,1,1264,1249,ALL,19500.00,true,2026-04-14,Calf Warehouse,FRESH MILK DIAMOND 946ML,RMFR-00008,PCS@950GR,Rupiah,2026-12-31,PLS202604140019,3108,418,1,"{""type"":""ALL"",""branches"":[]}","{""ID"":1264,""unit"":""PCS@950GR"",""price"":19500,""uomID"":418,""priceDate"":""2026-04-14"",""productID"":1249,""currencyID"":1,""expireDate"":""2026-12-31"",""supplierID"":5,""productCode"":""RMFR-00008"",""productName"":""FRESH MILK DIAMOND 946ML"",""currencyName"":""Rupiah"",""pricelistNum"":""PLS202604140019"",""supplierName"":""Calf Warehouse"",""productDetailID"":3108,""applicableBranch"":{""type"":""ALL"",""branches"":[]}}",2026-08-21 18:25:34.864397+00,2026-08-28 06:30:26.485137+00
931,1,1271,1253,ALL,249600.00,true,2026-04-14,Calf Warehouse,FRESHMILK GREENFIELDS 1000ML,RMFR-00009,CTN@12PCS,Rupiah,2026-12-31,PLS202604140021,3121,319,1,"{""type"":""ALL"",""branches"":[]}","{""ID"":1271,""unit"":""CTN@12PCS"",""price"":249600,""uomID"":319,""priceDate"":""2026-04-14"",""productID"":1253,""currencyID"":1,""expireDate"":""2026-12-31"",""supplierID"":5,""productCode"":""RMFR-00009"",""productName"":""FRESHMILK GREENFIELDS 1000ML"",""currencyName"":""Rupiah"",""pricelistNum"":""PLS202604140021"",""supplierName"":""Calf Warehouse"",""productDetailID"":3121,""applicableBranch"":{""type"":""ALL"",""branches"":[]}}",2026-08-21 18:25:34.864397+00,2026-08-28 06:30:26.485137+00
932,1,1269,1253,ALL,20.80,true,2026-04-14,Calf Warehouse,FRESHMILK GREENFIELDS 1000ML,RMFR-00009,GR,Rupiah,2026-12-31,PLS202604140021,3119,351,1,"{""type"":""ALL"",""branches"":[]}","{""ID"":1269,""unit"":""GR"",""price"":20.8,""uomID"":351,""priceDate"":""2026-04-14"",""productID"":1253,""currencyID"":1,""expireDate"":""2026-12-31"",""supplierID"":5,""productCode"":""RMFR-00009"",""productName"":""FRESHMILK GREENFIELDS 1000ML"",""currencyName"":""Rupiah"",""pricelistNum"":""PLS202604140021"",""supplierName"":""Calf Warehouse"",""productDetailID"":3119,""applicableBranch"":{""type"":""ALL"",""branches"":[]}}",2026-08-21 18:25:34.864397+00,2026-08-28 06:30:26.485137+00
933,1,1270,1253,ALL,20800.00,true,2026-04-14,Calf Warehouse,FRESHMILK GREENFIELDS 1000ML,RMFR-00009,PCS@1000GR,Rupiah,2026-12-31,PLS202604140021,3120,403,1,"{""type"":""ALL"",""branches"":[]}","{""ID"":1270,""unit"":""PCS@1000GR"",""price"":20800,""uomID"":403,""priceDate"":""2026-04-14"",""productID"":1253,""currencyID"":1,""expireDate"":""2026-12-31"",""supplierID"":5,""productCode"":""RMFR-00009"",""productName"":""FRESHMILK GREENFIELDS 1000ML"",""currencyName"":""Rupiah"",""pricelistNum"":""PLS202604140021"",""supplierName"":""Calf Warehouse"",""productDetailID"":3120,""applicableBranch"":{""type"":""ALL"",""branches"":[]}}",2026-08-21 18:25:34.864397+00,2026-08-28 06:30:26.485137+00
934,1,1260,1261,ALL,604800.00,true,2026-04-14,Calf Warehouse,GOLDENFIL BLUEBERRY 1000GR,RMBV-00005,CTN@12PCS,Rupiah,2026-12-31,PLS202604140017,3138,319,1,"{""type"":""ALL"",""branches"":[]}","{""ID"":1260,""unit"":""CTN@12PCS"",""price"":604800,""uomID"":319,""priceDate"":""2026-04-14"",""productID"":1261,""currencyID"":1,""expireDate"":""2026-12-31"",""supplierID"":5,""productCode"":""RMBV-00005"",""productName"":""GOLDENFIL BLUEBERRY 1000GR"",""currencyName"":""Rupiah"",""pricelistNum"":""PLS202604140017"",""supplierName"":""Calf Warehouse"",""productDetailID"":3138,""applicableBranch"":{""type"":""ALL"",""branches"":[]}}",2026-08-21 18:25:34.864397+00,2026-08-28 06:30:26.485137+00
935,1,1258,1261,ALL,50.40,true,2026-04-14,Calf Warehouse,GOLDENFIL BLUEBERRY 1000GR,RMBV-00005,GR,Rupiah,2026-12-31,PLS202604140017,3136,351,1,"{""type"":""ALL"",""branches"":[]}","{""ID"":1258,""unit"":""GR"",""price"":50.4,""uomID"":351,""priceDate"":""2026-04-14"",""productID"":1261,""currencyID"":1,""expireDate"":""2026-12-31"",""supplierID"":5,""productCode"":""RMBV-00005"",""productName"":""GOLDENFIL BLUEBERRY 1000GR"",""currencyName"":""Rupiah"",""pricelistNum"":""PLS202604140017"",""supplierName"":""Calf Warehouse"",""productDetailID"":3136,""applicableBranch"":{""type"":""ALL"",""branches"":[]}}",2026-08-21 18:25:34.864397+00,2026-08-28 06:30:26.485137+00
936,1,1259,1261,ALL,50400.00,true,2026-04-14,Calf Warehouse,GOLDENFIL BLUEBERRY 1000GR,RMBV-00005,PCS@1000GR,Rupiah,2026-12-31,PLS202604140017,3137,403,1,"{""type"":""ALL"",""branches"":[]}","{""ID"":1259,""unit"":""PCS@1000GR"",""price"":50400,""uomID"":403,""priceDate"":""2026-04-14"",""productID"":1261,""currencyID"":1,""expireDate"":""2026-12-31"",""supplierID"":5,""productCode"":""RMBV-00005"",""productName"":""GOLDENFIL BLUEBERRY 1000GR"",""currencyName"":""Rupiah"",""pricelistNum"":""PLS202604140017"",""supplierName"":""Calf Warehouse"",""productDetailID"":3137,""applicableBranch"":{""type"":""ALL"",""branches"":[]}}",2026-08-21 18:25:34.864397+00,2026-08-28 06:30:26.485137+00
937,1,1257,1262,ALL,693000.00,true,2026-04-14,Calf Warehouse,GOLDENFIL CHOCO 1000GR,RMBV-00006,CTN@12PCS,Rupiah,2026-12-31,PLS202604140016,3141,319,1,"{""type"":""ALL"",""branches"":[]}","{""ID"":1257,""unit"":""CTN@12PCS"",""price"":693000,""uomID"":319,""priceDate"":""2026-04-14"",""productID"":1262,""currencyID"":1,""expireDate"":""2026-12-31"",""supplierID"":5,""productCode"":""RMBV-00006"",""productName"":""GOLDENFIL CHOCO 1000GR"",""currencyName"":""Rupiah"",""pricelistNum"":""PLS202604140016"",""supplierName"":""Calf Warehouse"",""productDetailID"":3141,""applicableBranch"":{""type"":""ALL"",""branches"":[]}}",2026-08-21 18:25:34.864397+00,2026-08-28 06:30:26.485137+00
938,1,1255,1262,ALL,57.75,true,2026-04-14,Calf Warehouse,GOLDENFIL CHOCO 1000GR,RMBV-00006,GR,Rupiah,2026-12-31,PLS202604140016,3139,351,1,"{""type"":""ALL"",""branches"":[]}","{""ID"":1255,""unit"":""GR"",""price"":57.75,""uomID"":351,""priceDate"":""2026-04-14"",""productID"":1262,""currencyID"":1,""expireDate"":""2026-12-31"",""supplierID"":5,""productCode"":""RMBV-00006"",""productName"":""GOLDENFIL CHOCO 1000GR"",""currencyName"":""Rupiah"",""pricelistNum"":""PLS202604140016"",""supplierName"":""Calf Warehouse"",""productDetailID"":3139,""applicableBranch"":{""type"":""ALL"",""branches"":[]}}",2026-08-21 18:25:34.864397+00,2026-08-28 06:30:26.485137+00
939,1,1256,1262,ALL,57750.00,true,2026-04-14,Calf Warehouse,GOLDENFIL CHOCO 1000GR,RMBV-00006,PCS@1000GR,Rupiah,2026-12-31,PLS202604140016,3140,403,1,"{""type"":""ALL"",""branches"":[]}","{""ID"":1256,""unit"":""PCS@1000GR"",""price"":57750,""uomID"":403,""priceDate"":""2026-04-14"",""productID"":1262,""currencyID"":1,""expireDate"":""2026-12-31"",""supplierID"":5,""productCode"":""RMBV-00006"",""productName"":""GOLDENFIL CHOCO 1000GR"",""currencyName"":""Rupiah"",""pricelistNum"":""PLS202604140016"",""supplierName"":""Calf Warehouse"",""productDetailID"":3140,""applicableBranch"":{""type"":""ALL"",""branches"":[]}}",2026-08-21 18:25:34.864397+00,2026-08-28 06:30:26.485137+00
940,1,1254,1264,ALL,693000.00,true,2026-04-14,Calf Warehouse,GOLDENFIL MATCHA 1000GR,RMBV-00008,CTN@12PCS,Rupiah,2026-12-31,PLS202604140015,3147,319,1,"{""type"":""ALL"",""branches"":[]}","{""ID"":1254,""unit"":""CTN@12PCS"",""price"":693000,""uomID"":319,""priceDate"":""2026-04-14"",""productID"":1264,""currencyID"":1,""expireDate"":""2026-12-31"",""supplierID"":5,""productCode"":""RMBV-00008"",""productName"":""GOLDENFIL MATCHA 1000GR"",""currencyName"":""Rupiah"",""pricelistNum"":""PLS202604140015"",""supplierName"":""Calf Warehouse"",""productDetailID"":3147,""applicableBranch"":{""type"":""ALL"",""branches"":[]}}",2026-08-21 18:25:34.864397+00,2026-08-28 06:30:26.485137+00
941,1,1252,1264,ALL,57.75,true,2026-04-14,Calf Warehouse,GOLDENFIL MATCHA 1000GR,RMBV-00008,GR,Rupiah,2026-12-31,PLS202604140015,3145,351,1,"{""type"":""ALL"",""branches"":[]}","{""ID"":1252,""unit"":""GR"",""price"":57.75,""uomID"":351,""priceDate"":""2026-04-14"",""productID"":1264,""currencyID"":1,""expireDate"":""2026-12-31"",""supplierID"":5,""productCode"":""RMBV-00008"",""productName"":""GOLDENFIL MATCHA 1000GR"",""currencyName"":""Rupiah"",""pricelistNum"":""PLS202604140015"",""supplierName"":""Calf Warehouse"",""productDetailID"":3145,""applicableBranch"":{""type"":""ALL"",""branches"":[]}}",2026-08-21 18:25:34.864397+00,2026-08-28 06:30:26.485137+00
942,1,1253,1264,ALL,57750.00,true,2026-04-14,Calf Warehouse,GOLDENFIL MATCHA 1000GR,RMBV-00008,PCS@1000GR,Rupiah,2026-12-31,PLS202604140015,3146,403,1,"{""type"":""ALL"",""branches"":[]}","{""ID"":1253,""unit"":""PCS@1000GR"",""price"":57750,""uomID"":403,""priceDate"":""2026-04-14"",""productID"":1264,""currencyID"":1,""expireDate"":""2026-12-31"",""supplierID"":5,""productCode"":""RMBV-00008"",""productName"":""GOLDENFIL MATCHA 1000GR"",""currencyName"":""Rupiah"",""pricelistNum"":""PLS202604140015"",""supplierName"":""Calf Warehouse"",""productDetailID"":3146,""applicableBranch"":{""type"":""ALL"",""branches"":[]}}",2026-08-21 18:25:34.864397+00,2026-08-28 06:30:26.485137+00
943,1,1251,1265,ALL,604800.00,true,2026-04-14,Calf Warehouse,GOLDENFIL STRAWBERRY 1000GR,RMBV-00009,CTN@12PCS,Rupiah,2026-12-31,PLS202604140014,3150,319,1,"{""type"":""ALL"",""branches"":[]}","{""ID"":1251,""unit"":""CTN@12PCS"",""price"":604800,""uomID"":319,""priceDate"":""2026-04-14"",""productID"":1265,""currencyID"":1,""expireDate"":""2026-12-31"",""supplierID"":5,""productCode"":""RMBV-00009"",""productName"":""GOLDENFIL STRAWBERRY 1000GR"",""currencyName"":""Rupiah"",""pricelistNum"":""PLS202604140014"",""supplierName"":""Calf Warehouse"",""productDetailID"":3150,""applicableBranch"":{""type"":""ALL"",""branches"":[]}}",2026-08-21 18:25:34.864397+00,2026-08-28 06:30:26.485137+00
944,1,1249,1265,ALL,50.40,true,2026-04-14,Calf Warehouse,GOLDENFIL STRAWBERRY 1000GR,RMBV-00009,GR,Rupiah,2026-12-31,PLS202604140014,3148,351,1,"{""type"":""ALL"",""branches"":[]}","{""ID"":1249,""unit"":""GR"",""price"":50.4,""uomID"":351,""priceDate"":""2026-04-14"",""productID"":1265,""currencyID"":1,""expireDate"":""2026-12-31"",""supplierID"":5,""productCode"":""RMBV-00009"",""productName"":""GOLDENFIL STRAWBERRY 1000GR"",""currencyName"":""Rupiah"",""pricelistNum"":""PLS202604140014"",""supplierName"":""Calf Warehouse"",""productDetailID"":3148,""applicableBranch"":{""type"":""ALL"",""branches"":[]}}",2026-08-21 18:25:34.864397+00,2026-08-28 06:30:26.485137+00
945,1,1250,1265,ALL,50400.00,true,2026-04-14,Calf Warehouse,GOLDENFIL STRAWBERRY 1000GR,RMBV-00009,PCS@1000GR,Rupiah,2026-12-31,PLS202604140014,3149,403,1,"{""type"":""ALL"",""branches"":[]}","{""ID"":1250,""unit"":""PCS@1000GR"",""price"":50400,""uomID"":403,""priceDate"":""2026-04-14"",""productID"":1265,""currencyID"":1,""expireDate"":""2026-12-31"",""supplierID"":5,""productCode"":""RMBV-00009"",""productName"":""GOLDENFIL STRAWBERRY 1000GR"",""currencyName"":""Rupiah"",""pricelistNum"":""PLS202604140014"",""supplierName"":""Calf Warehouse"",""productDetailID"":3149,""applicableBranch"":{""type"":""ALL"",""branches"":[]}}",2026-08-21 18:25:34.864397+00,2026-08-28 06:30:26.485137+00
946,1,1248,1266,ALL,604800.00,true,2026-04-14,Calf Warehouse,GOLDENFIL TIRAMISU 1000GR,RMBV-00010,CTN@12PCS,Rupiah,2026-12-31,PLS202604140013,3153,319,1,"{""type"":""ALL"",""branches"":[]}","{""ID"":1248,""unit"":""CTN@12PCS"",""price"":604800,""uomID"":319,""priceDate"":""2026-04-14"",""productID"":1266,""currencyID"":1,""expireDate"":""2026-12-31"",""supplierID"":5,""productCode"":""RMBV-00010"",""productName"":""GOLDENFIL TIRAMISU 1000GR"",""currencyName"":""Rupiah"",""pricelistNum"":""PLS202604140013"",""supplierName"":""Calf Warehouse"",""productDetailID"":3153,""applicableBranch"":{""type"":""ALL"",""branches"":[]}}",2026-08-21 18:25:34.864397+00,2026-08-28 06:30:26.485137+00
947,1,1247,1266,ALL,50.40,true,2026-04-14,Calf Warehouse,GOLDENFIL TIRAMISU 1000GR,RMBV-00010,GR,Rupiah,2026-12-31,PLS202604140013,3151,351,1,"{""type"":""ALL"",""branches"":[]}","{""ID"":1247,""unit"":""GR"",""price"":50.4,""uomID"":351,""priceDate"":""2026-04-14"",""productID"":1266,""currencyID"":1,""expireDate"":""2026-12-31"",""supplierID"":5,""productCode"":""RMBV-00010"",""productName"":""GOLDENFIL TIRAMISU 1000GR"",""currencyName"":""Rupiah"",""pricelistNum"":""PLS202604140013"",""supplierName"":""Calf Warehouse"",""productDetailID"":3151,""applicableBranch"":{""type"":""ALL"",""branches"":[]}}",2026-08-21 18:25:34.864397+00,2026-08-28 06:30:26.485137+00
948,1,1246,1266,ALL,50400.00,true,2026-04-14,Calf Warehouse,GOLDENFIL TIRAMISU 1000GR,RMBV-00010,PCS@1000GR,Rupiah,2026-12-31,PLS202604140013,3152,403,1,"{""type"":""ALL"",""branches"":[]}","{""ID"":1246,""unit"":""PCS@1000GR"",""price"":50400,""uomID"":403,""priceDate"":""2026-04-14"",""productID"":1266,""currencyID"":1,""expireDate"":""2026-12-31"",""supplierID"":5,""productCode"":""RMBV-00010"",""productName"":""GOLDENFIL TIRAMISU 1000GR"",""currencyName"":""Rupiah"",""pricelistNum"":""PLS202604140013"",""supplierName"":""Calf Warehouse"",""productDetailID"":3152,""applicableBranch"":{""type"":""ALL"",""branches"":[]}}",2026-08-21 18:25:34.864397+00,2026-08-28 06:30:26.485137+00
949,1,1290,1640,ALL,30450.00,true,2026-04-14,Calf Warehouse,PLASTIK TAKEAWAY BW UK 35,PABW-0005,PCS@500GR,Rupiah,2026-12-31,PLS202604140028,3997,413,1,"{""type"":""ALL"",""branches"":[]}","{""ID"":1290,""unit"":""PCS@500GR"",""price"":30450,""uomID"":413,""priceDate"":""2026-04-14"",""productID"":1640,""currencyID"":1,""expireDate"":""2026-12-31"",""supplierID"":5,""productCode"":""PABW-0005"",""productName"":""PLASTIK TAKEAWAY BW UK 35"",""currencyName"":""Rupiah"",""pricelistNum"":""PLS202604140028"",""supplierName"":""Calf Warehouse"",""productDetailID"":3997,""applicableBranch"":{""type"":""ALL"",""branches"":[]}}",2026-08-21 18:25:34.864397+00,2026-08-28 06:30:26.485137+00
950,1,1245,1378,ALL,840000.00,true,2026-04-14,Calf Warehouse,SEDOTAN 5MM,PCPB-00009,CTN@20PACK,Rupiah,2026-12-31,PLS202604140012,3426,326,1,"{""type"":""ALL"",""branches"":[]}","{""ID"":1245,""unit"":""CTN@20PACK"",""price"":840000,""uomID"":326,""priceDate"":""2026-04-14"",""productID"":1378,""currencyID"":1,""expireDate"":""2026-12-31"",""supplierID"":5,""productCode"":""PCPB-00009"",""productName"":""SEDOTAN 5MM"",""currencyName"":""Rupiah"",""pricelistNum"":""PLS202604140012"",""supplierName"":""Calf Warehouse"",""productDetailID"":3426,""applicableBranch"":{""type"":""ALL"",""branches"":[]}}",2026-08-21 18:25:34.864397+00,2026-08-28 06:30:26.485137+00
951,1,1244,1378,ALL,42000.00,true,2026-04-14,Calf Warehouse,SEDOTAN 5MM,PCPB-00009,PACK@500PCS,Rupiah,2026-12-31,PLS202604140011,3425,388,1,"{""type"":""ALL"",""branches"":[]}","{""ID"":1244,""unit"":""PACK@500PCS"",""price"":42000,""uomID"":388,""priceDate"":""2026-04-14"",""productID"":1378,""currencyID"":1,""expireDate"":""2026-12-31"",""supplierID"":5,""productCode"":""PCPB-00009"",""productName"":""SEDOTAN 5MM"",""currencyName"":""Rupiah"",""pricelistNum"":""PLS202604140011"",""supplierName"":""Calf Warehouse"",""productDetailID"":3425,""applicableBranch"":{""type"":""ALL"",""branches"":[]}}",2026-08-21 18:25:34.864397+00,2026-08-28 06:30:26.485137+00
952,1,1243,1378,ALL,84.00,true,2026-04-14,Calf Warehouse,SEDOTAN 5MM,PCPB-00009,PCS,Rupiah,2026-12-31,PLS202604140010,3424,402,1,"{""type"":""ALL"",""branches"":[]}","{""ID"":1243,""unit"":""PCS"",""price"":84,""uomID"":402,""priceDate"":""2026-04-14"",""productID"":1378,""currencyID"":1,""expireDate"":""2026-12-31"",""supplierID"":5,""productCode"":""PCPB-00009"",""productName"":""SEDOTAN 5MM"",""currencyName"":""Rupiah"",""pricelistNum"":""PLS202604140010"",""supplierName"":""Calf Warehouse"",""productDetailID"":3424,""applicableBranch"":{""type"":""ALL"",""branches"":[]}}",2026-08-21 18:25:34.864397+00,2026-08-28 06:30:26.485137+00
953,1,1240,1452,ALL,7875.00,true,2026-04-14,Calf Warehouse,TUTUP BOTOL KALE 1000ML,PCPB-00012,BALL@50PCS,Rupiah,2026-12-31,PLS202604140007,3606,293,1,"{""type"":""ALL"",""branches"":[]}","{""ID"":1240,""unit"":""BALL@50PCS"",""price"":7875,""uomID"":293,""priceDate"":""2026-04-14"",""productID"":1452,""currencyID"":1,""expireDate"":""2026-12-31"",""supplierID"":5,""productCode"":""PCPB-00012"",""productName"":""TUTUP BOTOL KALE 1000ML"",""currencyName"":""Rupiah"",""pricelistNum"":""PLS202604140007"",""supplierName"":""Calf Warehouse"",""productDetailID"":3606,""applicableBranch"":{""type"":""ALL"",""branches"":[]}}",2026-08-21 18:25:34.864397+00,2026-08-28 06:30:26.485137+00
954,1,1239,1452,ALL,158.00,true,2026-04-14,Calf Warehouse,TUTUP BOTOL KALE 1000ML,PCPB-00012,PCS,Rupiah,2026-12-31,PLS202604140006,3605,402,1,"{""type"":""ALL"",""branches"":[]}","{""ID"":1239,""unit"":""PCS"",""price"":158,""uomID"":402,""priceDate"":""2026-04-14"",""productID"":1452,""currencyID"":1,""expireDate"":""2026-12-31"",""supplierID"":5,""productCode"":""PCPB-00012"",""productName"":""TUTUP BOTOL KALE 1000ML"",""currencyName"":""Rupiah"",""pricelistNum"":""PLS202604140006"",""supplierName"":""Calf Warehouse"",""productDetailID"":3605,""applicableBranch"":{""type"":""ALL"",""branches"":[]}}",2026-08-21 18:25:34.864397+00,2026-08-28 06:30:26.485137+00
955,1,1273,1484,ALL,39900.00,true,2026-04-14,Calf Warehouse,GULA AREN 1300GR,RMBV-00025,BTL@1300GR,Rupiah,2026-12-31,PLS202604140022,3697,302,1,"{""type"":""ALL"",""branches"":[]}","{""ID"":1273,""unit"":""BTL@1300GR"",""price"":39900,""uomID"":302,""priceDate"":""2026-04-14"",""productID"":1484,""currencyID"":1,""expireDate"":""2026-12-31"",""supplierID"":5,""productCode"":""RMBV-00025"",""productName"":""GULA AREN 1300GR"",""currencyName"":""Rupiah"",""pricelistNum"":""PLS202604140022"",""supplierName"":""Calf Warehouse"",""productDetailID"":3697,""applicableBranch"":{""type"":""ALL"",""branches"":[]}}",2026-08-21 18:25:34.864397+00,2026-08-28 06:30:26.485137+00
956,1,1272,1484,ALL,30.69,true,2026-04-14,Calf Warehouse,GULA AREN 1300GR,RMBV-00025,GR,Rupiah,2026-12-31,PLS202604140022,3696,351,1,"{""type"":""ALL"",""branches"":[]}","{""ID"":1272,""unit"":""GR"",""price"":30.69,""uomID"":351,""priceDate"":""2026-04-14"",""productID"":1484,""currencyID"":1,""expireDate"":""2026-12-31"",""supplierID"":5,""productCode"":""RMBV-00025"",""productName"":""GULA AREN 1300GR"",""currencyName"":""Rupiah"",""pricelistNum"":""PLS202604140022"",""supplierName"":""Calf Warehouse"",""productDetailID"":3696,""applicableBranch"":{""type"":""ALL"",""branches"":[]}}",2026-08-21 18:25:34.864397+00,2026-08-28 06:30:26.485137+00
957,1,1274,1484,ALL,798000.00,true,2026-04-14,Calf Warehouse,GULA AREN 1300GR,RMBV-00025,CTN@20BTL,Rupiah,2026-12-31,PLS202604140022,3698,448,1,"{""type"":""ALL"",""branches"":[]}","{""ID"":1274,""unit"":""CTN@20BTL"",""price"":798000,""uomID"":448,""priceDate"":""2026-04-14"",""productID"":1484,""currencyID"":1,""expireDate"":""2026-12-31"",""supplierID"":5,""productCode"":""RMBV-00025"",""productName"":""GULA AREN 1300GR"",""currencyName"":""Rupiah"",""pricelistNum"":""PLS202604140022"",""supplierName"":""Calf Warehouse"",""productDetailID"":3698,""applicableBranch"":{""type"":""ALL"",""branches"":[]}}",2026-08-21 18:25:34.864397+00,2026-08-28 06:30:26.485137+00
958,1,1275,1484,ALL,399000.00,true,2026-04-14,Calf Warehouse,GULA AREN 1300GR,RMBV-00025,CTN@10BTL,Rupiah,2026-12-31,PLS202604140022,3717,449,1,"{""type"":""ALL"",""branches"":[]}","{""ID"":1275,""unit"":""CTN@10BTL"",""price"":399000,""uomID"":449,""priceDate"":""2026-04-14"",""productID"":1484,""currencyID"":1,""expireDate"":""2026-12-31"",""supplierID"":5,""productCode"":""RMBV-00025"",""productName"":""GULA AREN 1300GR"",""currencyName"":""Rupiah"",""pricelistNum"":""PLS202604140022"",""supplierName"":""Calf Warehouse"",""productDetailID"":3717,""applicableBranch"":{""type"":""ALL"",""branches"":[]}}",2026-08-21 18:25:34.864397+00,2026-08-28 06:30:26.485137+00
959,1,1261,1522,ALL,44.10,true,2026-04-14,Calf Warehouse,ICE CREAM VANILLA NEW,RMFR-00064,GR,Rupiah,2026-12-31,PLS202604140018,3765,351,1,"{""type"":""ALL"",""branches"":[]}","{""ID"":1261,""unit"":""GR"",""price"":44.1,""uomID"":351,""priceDate"":""2026-04-14"",""productID"":1522,""currencyID"":1,""expireDate"":""2026-12-31"",""supplierID"":5,""productCode"":""RMFR-00064"",""productName"":""ICE CREAM VANILLA NEW"",""currencyName"":""Rupiah"",""pricelistNum"":""PLS202604140018"",""supplierName"":""Calf Warehouse"",""productDetailID"":3765,""applicableBranch"":{""type"":""ALL"",""branches"":[]}}",2026-08-21 18:25:34.864397+00,2026-08-28 06:30:26.485137+00
960,1,1262,1522,ALL,176400.00,true,2026-04-14,Calf Warehouse,ICE CREAM VANILLA NEW,RMFR-00064,PAIL@4000GR (8L),Rupiah,2026-12-31,PLS202604140018,3766,452,1,"{""type"":""ALL"",""branches"":[]}","{""ID"":1262,""unit"":""PAIL@4000GR (8L)"",""price"":176400,""uomID"":452,""priceDate"":""2026-04-14"",""productID"":1522,""currencyID"":1,""expireDate"":""2026-12-31"",""supplierID"":5,""productCode"":""RMFR-00064"",""productName"":""ICE CREAM VANILLA NEW"",""currencyName"":""Rupiah"",""pricelistNum"":""PLS202604140018"",""supplierName"":""Calf Warehouse"",""productDetailID"":3766,""applicableBranch"":{""type"":""ALL"",""branches"":[]}}",2026-08-21 18:25:34.864397+00,2026-08-28 06:30:26.485137+00
961,1,1241,1562,ALL,64050.00,true,2026-04-14,Calf Warehouse,CUP SEALER (NEW),INSU-00008,ROLL@1000PCS,Rupiah,2026-12-31,PLS202604140008,3837,437,1,"{""type"":""ALL"",""branches"":[]}","{""ID"":1241,""unit"":""ROLL@1000PCS"",""price"":64050,""uomID"":437,""priceDate"":""2026-04-14"",""productID"":1562,""currencyID"":1,""expireDate"":""2026-12-31"",""supplierID"":5,""productCode"":""INSU-00008"",""productName"":""CUP SEALER (NEW)"",""currencyName"":""Rupiah"",""pricelistNum"":""PLS202604140008"",""supplierName"":""Calf Warehouse"",""productDetailID"":3837,""applicableBranch"":{""type"":""ALL"",""branches"":[]}}",2026-08-21 18:25:34.864397+00,2026-08-28 06:30:26.485137+00
962,1,1242,1565,ALL,21578.00,true,2026-04-14,Calf Warehouse,PLASTIK KLIP 20X12CM (NEW),INSU-0039,PACK@100PCS,Rupiah,2026-12-31,PLS202604140009,3840,371,1,"{""type"":""ALL"",""branches"":[]}","{""ID"":1242,""unit"":""PACK@100PCS"",""price"":21578,""uomID"":371,""priceDate"":""2026-04-14"",""productID"":1565,""currencyID"":1,""expireDate"":""2026-12-31"",""supplierID"":5,""productCode"":""INSU-0039"",""productName"":""PLASTIK KLIP 20X12CM (NEW)"",""currencyName"":""Rupiah"",""pricelistNum"":""PLS202604140009"",""supplierName"":""Calf Warehouse"",""productDetailID"":3840,""applicableBranch"":{""type"":""ALL"",""branches"":[]}}",2026-08-21 18:25:34.864397+00,2026-08-28 06:30:26.485137+00
963,1,1279,1566,ALL,26512.50,true,2026-04-14,Calf Warehouse,PLASTIK TAKE AWAY 17 (NEW),INSU-00012,PACK@500GR,Rupiah,2026-12-31,PLS202604140024,3868,387,1,"{""type"":""ALL"",""branches"":[]}","{""ID"":1279,""unit"":""PACK@500GR"",""price"":26512.5,""uomID"":387,""priceDate"":""2026-04-14"",""productID"":1566,""currencyID"":1,""expireDate"":""2026-12-31"",""supplierID"":5,""productCode"":""INSU-00012"",""productName"":""PLASTIK TAKE AWAY 17 (NEW)"",""currencyName"":""Rupiah"",""pricelistNum"":""PLS202604140024"",""supplierName"":""Calf Warehouse"",""productDetailID"":3868,""applicableBranch"":{""type"":""ALL"",""branches"":[]}}",2026-08-21 18:25:34.864397+00,2026-08-28 06:30:26.485137+00
964,1,1278,1566,ALL,53025.00,true,2026-04-14,Calf Warehouse,PLASTIK TAKE AWAY 17 (NEW),INSU-00012,PACK@1KG,Rupiah,2026-12-31,PLS202604140024,3841,457,1,"{""type"":""ALL"",""branches"":[]}","{""ID"":1278,""unit"":""PACK@1KG"",""price"":53025,""uomID"":457,""priceDate"":""2026-04-14"",""productID"":1566,""currencyID"":1,""expireDate"":""2026-12-31"",""supplierID"":5,""productCode"":""INSU-00012"",""productName"":""PLASTIK TAKE AWAY 17 (NEW)"",""currencyName"":""Rupiah"",""pricelistNum"":""PLS202604140024"",""supplierName"":""Calf Warehouse"",""productDetailID"":3841,""applicableBranch"":{""type"":""ALL"",""branches"":[]}}",2026-08-21 18:25:34.864397+00,2026-08-28 06:30:26.485137+00
965,1,1281,1567,ALL,26512.50,true,2026-04-14,Calf Warehouse,PLASTIK TAKE AWAY 24 (NEW),INSU-00013,PACK@500GR,Rupiah,2026-12-31,PLS202604140025,3869,387,1,"{""type"":""ALL"",""branches"":[]}","{""ID"":1281,""unit"":""PACK@500GR"",""price"":26512.5,""uomID"":387,""priceDate"":""2026-04-14"",""productID"":1567,""currencyID"":1,""expireDate"":""2026-12-31"",""supplierID"":5,""productCode"":""INSU-00013"",""productName"":""PLASTIK TAKE AWAY 24 (NEW)"",""currencyName"":""Rupiah"",""pricelistNum"":""PLS202604140025"",""supplierName"":""Calf Warehouse"",""productDetailID"":3869,""applicableBranch"":{""type"":""ALL"",""branches"":[]}}",2026-08-21 18:25:34.864397+00,2026-08-28 06:30:26.485137+00
966,1,1280,1567,ALL,53025.00,true,2026-04-14,Calf Warehouse,PLASTIK TAKE AWAY 24 (NEW),INSU-00013,PACK@1KG,Rupiah,2026-12-31,PLS202604140025,3842,457,1,"{""type"":""ALL"",""branches"":[]}","{""ID"":1280,""unit"":""PACK@1KG"",""price"":53025,""uomID"":457,""priceDate"":""2026-04-14"",""productID"":1567,""currencyID"":1,""expireDate"":""2026-12-31"",""supplierID"":5,""productCode"":""INSU-00013"",""productName"":""PLASTIK TAKE AWAY 24 (NEW)"",""currencyName"":""Rupiah"",""pricelistNum"":""PLS202604140025"",""supplierName"":""Calf Warehouse"",""productDetailID"":3842,""applicableBranch"":{""type"":""ALL"",""branches"":[]}}",2026-08-21 18:25:34.864397+00,2026-08-28 06:30:26.485137+00
967,1,1283,1568,ALL,26512.50,true,2026-04-14,Calf Warehouse,PLASTIK TAKE AWAY 28 (NEW),INSU-00014,PACK@500GR,Rupiah,2026-12-31,PLS202604140026,3870,387,1,"{""type"":""ALL"",""branches"":[]}","{""ID"":1283,""unit"":""PACK@500GR"",""price"":26512.5,""uomID"":387,""priceDate"":""2026-04-14"",""productID"":1568,""currencyID"":1,""expireDate"":""2026-12-31"",""supplierID"":5,""productCode"":""INSU-00014"",""productName"":""PLASTIK TAKE AWAY 28 (NEW)"",""currencyName"":""Rupiah"",""pricelistNum"":""PLS202604140026"",""supplierName"":""Calf Warehouse"",""productDetailID"":3870,""applicableBranch"":{""type"":""ALL"",""branches"":[]}}",2026-08-21 18:25:34.864397+00,2026-08-28 06:30:26.485137+00
968,1,1282,1568,ALL,53025.00,true,2026-04-14,Calf Warehouse,PLASTIK TAKE AWAY 28 (NEW),INSU-00014,PACK@1KG,Rupiah,2026-12-31,PLS202604140026,3843,457,1,"{""type"":""ALL"",""branches"":[]}","{""ID"":1282,""unit"":""PACK@1KG"",""price"":53025,""uomID"":457,""priceDate"":""2026-04-14"",""productID"":1568,""currencyID"":1,""expireDate"":""2026-12-31"",""supplierID"":5,""productCode"":""INSU-00014"",""productName"":""PLASTIK TAKE AWAY 28 (NEW)"",""currencyName"":""Rupiah"",""pricelistNum"":""PLS202604140026"",""supplierName"":""Calf Warehouse"",""productDetailID"":3843,""applicableBranch"":{""type"":""ALL"",""branches"":[]}}",2026-08-21 18:25:34.864397+00,2026-08-28 06:30:26.485137+00
969,1,1285,1569,ALL,26512.50,true,2026-04-14,Calf Warehouse,PLASTIK TAKE AWAY 35 (NEW),INSU-00015,PACK@500GR,Rupiah,2026-12-31,PLS202604140027,3871,387,1,"{""type"":""ALL"",""branches"":[]}","{""ID"":1285,""unit"":""PACK@500GR"",""price"":26512.5,""uomID"":387,""priceDate"":""2026-04-14"",""productID"":1569,""currencyID"":1,""expireDate"":""2026-12-31"",""supplierID"":5,""productCode"":""INSU-00015"",""productName"":""PLASTIK TAKE AWAY 35 (NEW)"",""currencyName"":""Rupiah"",""pricelistNum"":""PLS202604140027"",""supplierName"":""Calf Warehouse"",""productDetailID"":3871,""applicableBranch"":{""type"":""ALL"",""branches"":[]}}",2026-08-21 18:25:34.864397+00,2026-08-28 06:30:26.485137+00
970,1,1284,1569,ALL,53025.00,true,2026-04-14,Calf Warehouse,PLASTIK TAKE AWAY 35 (NEW),INSU-00015,PACK@1KG,Rupiah,2026-12-31,PLS202604140027,3844,457,1,"{""type"":""ALL"",""branches"":[]}","{""ID"":1284,""unit"":""PACK@1KG"",""price"":53025,""uomID"":457,""priceDate"":""2026-04-14"",""productID"":1569,""currencyID"":1,""expireDate"":""2026-12-31"",""supplierID"":5,""productCode"":""INSU-00015"",""productName"":""PLASTIK TAKE AWAY 35 (NEW)"",""currencyName"":""Rupiah"",""pricelistNum"":""PLS202604140027"",""supplierName"":""Calf Warehouse"",""productDetailID"":3844,""applicableBranch"":{""type"":""ALL"",""branches"":[]}}",2026-08-21 18:25:34.864397+00,2026-08-28 06:30:26.485137+00
971,1,1277,1630,ALL,34650.00,true,2026-04-14,Calf Warehouse,GULA MERAH PALMARIE 1300GR,RMBV-00033,BTL@1300GR,Rupiah,2026-12-31,PLS202604140023,3978,302,1,"{""type"":""ALL"",""branches"":[]}","{""ID"":1277,""unit"":""BTL@1300GR"",""price"":34650,""uomID"":302,""priceDate"":""2026-04-14"",""productID"":1630,""currencyID"":1,""expireDate"":""2026-12-31"",""supplierID"":5,""productCode"":""RMBV-00033"",""productName"":""GULA MERAH PALMARIE 1300GR"",""currencyName"":""Rupiah"",""pricelistNum"":""PLS202604140023"",""supplierName"":""Calf Warehouse"",""productDetailID"":3978,""applicableBranch"":{""type"":""ALL"",""branches"":[]}}",2026-08-21 18:25:34.864397+00,2026-08-28 06:30:26.485137+00
972,1,1276,1631,ALL,32550.00,true,2026-04-14,Calf Warehouse,GULA KELAPA PALMARIE 1300GR,RMBV-00032,BTL@1300GR,Rupiah,2026-12-31,PLS202604140023,3981,302,1,"{""type"":""ALL"",""branches"":[]}","{""ID"":1276,""unit"":""BTL@1300GR"",""price"":32550,""uomID"":302,""priceDate"":""2026-04-14"",""productID"":1631,""currencyID"":1,""expireDate"":""2026-12-31"",""supplierID"":5,""productCode"":""RMBV-00032"",""productName"":""GULA KELAPA PALMARIE 1300GR"",""currencyName"":""Rupiah"",""pricelistNum"":""PLS202604140023"",""supplierName"":""Calf Warehouse"",""productDetailID"":3981,""applicableBranch"":{""type"":""ALL"",""branches"":[]}}",2026-08-21 18:25:34.864397+00,2026-08-28 06:30:26.485137+00
973,1,1286,1636,ALL,15750.00,true,2026-04-14,Calf Warehouse,PLASTIK TAKEAWAY BW UK 15,PABW-0001,PCS@250GR,Rupiah,2026-12-31,PLS202604140028,3993,409,1,"{""type"":""ALL"",""branches"":[]}","{""ID"":1286,""unit"":""PCS@250GR"",""price"":15750,""uomID"":409,""priceDate"":""2026-04-14"",""productID"":1636,""currencyID"":1,""expireDate"":""2026-12-31"",""supplierID"":5,""productCode"":""PABW-0001"",""productName"":""PLASTIK TAKEAWAY BW UK 15"",""currencyName"":""Rupiah"",""pricelistNum"":""PLS202604140028"",""supplierName"":""Calf Warehouse"",""productDetailID"":3993,""applicableBranch"":{""type"":""ALL"",""branches"":[]}}",2026-08-21 18:25:34.864397+00,2026-08-28 06:30:26.485137+00
974,1,1287,1637,ALL,15750.00,true,2026-04-14,Calf Warehouse,PLASTIK TAKEAWAY BW UK 20,PABW-0002,PCS@250GR,Rupiah,2026-12-31,PLS202604140028,3994,409,1,"{""type"":""ALL"",""branches"":[]}","{""ID"":1287,""unit"":""PCS@250GR"",""price"":15750,""uomID"":409,""priceDate"":""2026-04-14"",""productID"":1637,""currencyID"":1,""expireDate"":""2026-12-31"",""supplierID"":5,""productCode"":""PABW-0002"",""productName"":""PLASTIK TAKEAWAY BW UK 20"",""currencyName"":""Rupiah"",""pricelistNum"":""PLS202604140028"",""supplierName"":""Calf Warehouse"",""productDetailID"":3994,""applicableBranch"":{""type"":""ALL"",""branches"":[]}}",2026-08-21 18:25:34.864397+00,2026-08-28 06:30:26.485137+00
975,1,1288,1638,ALL,15750.00,true,2026-04-14,Calf Warehouse,PLASTIK TAKEAWAY BW UK 25,PABW-0003,PCS@250GR,Rupiah,2026-12-31,PLS202604140028,3995,409,1,"{""type"":""ALL"",""branches"":[]}","{""ID"":1288,""unit"":""PCS@250GR"",""price"":15750,""uomID"":409,""priceDate"":""2026-04-14"",""productID"":1638,""currencyID"":1,""expireDate"":""2026-12-31"",""supplierID"":5,""productCode"":""PABW-0003"",""productName"":""PLASTIK TAKEAWAY BW UK 25"",""currencyName"":""Rupiah"",""pricelistNum"":""PLS202604140028"",""supplierName"":""Calf Warehouse"",""productDetailID"":3995,""applicableBranch"":{""type"":""ALL"",""branches"":[]}}",2026-08-21 18:25:34.864397+00,2026-08-28 06:30:26.485137+00
976,1,1289,1639,ALL,30450.00,true,2026-04-14,Calf Warehouse,PLASTIK TAKEAWAY BW UK 30,PABW-0004,PCS@500GR,Rupiah,2026-12-31,PLS202604140028,3996,413,1,"{""type"":""ALL"",""branches"":[]}","{""ID"":1289,""unit"":""PCS@500GR"",""price"":30450,""uomID"":413,""priceDate"":""2026-04-14"",""productID"":1639,""currencyID"":1,""expireDate"":""2026-12-31"",""supplierID"":5,""productCode"":""PABW-0004"",""productName"":""PLASTIK TAKEAWAY BW UK 30"",""currencyName"":""Rupiah"",""pricelistNum"":""PLS202604140028"",""supplierName"":""Calf Warehouse"",""productDetailID"":3996,""applicableBranch"":{""type"":""ALL"",""branches"":[]}}",2026-08-21 18:25:34.864397+00,2026-08-28 06:30:26.485137+00
977,1,1292,1556,ALL,14850.00,true,2026-04-15,Calf Warehouse,STICKER GREETING CARD ICE (NEW),INSU-00003,PACK@100PCS,Rupiah,2026-12-31,PLS202604150001,3826,371,1,"{""type"":""ALL"",""branches"":[]}","{""ID"":1292,""unit"":""PACK@100PCS"",""price"":14850,""uomID"":371,""priceDate"":""2026-04-15"",""productID"":1556,""currencyID"":1,""expireDate"":""2026-12-31"",""supplierID"":5,""productCode"":""INSU-00003"",""productName"":""STICKER GREETING CARD ICE (NEW)"",""currencyName"":""Rupiah"",""pricelistNum"":""PLS202604150001"",""supplierName"":""Calf Warehouse"",""productDetailID"":3826,""applicableBranch"":{""type"":""ALL"",""branches"":[]}}",2026-08-21 18:25:34.864397+00,2026-08-28 06:30:26.485137+00
978,1,1291,1556,ALL,148.50,true,2026-04-15,Calf Warehouse,STICKER GREETING CARD ICE (NEW),INSU-00003,PCS,Rupiah,2026-12-31,PLS202604150001,3825,402,1,"{""type"":""ALL"",""branches"":[]}","{""ID"":1291,""unit"":""PCS"",""price"":148.5,""uomID"":402,""priceDate"":""2026-04-15"",""productID"":1556,""currencyID"":1,""expireDate"":""2026-12-31"",""supplierID"":5,""productCode"":""INSU-00003"",""productName"":""STICKER GREETING CARD ICE (NEW)"",""currencyName"":""Rupiah"",""pricelistNum"":""PLS202604150001"",""supplierName"":""Calf Warehouse"",""productDetailID"":3825,""applicableBranch"":{""type"":""ALL"",""branches"":[]}}",2026-08-21 18:25:34.864397+00,2026-08-28 06:30:26.485137+00
979,1,1294,1555,ALL,13125.00,true,2026-04-21,Calf Warehouse,STICKER BIRU CALF ROUND (NEW),INSU-0003,LBR@77PCS,Rupiah,2026-12-31,PLS202604210001,4017,471,1,"{""type"":""ALL"",""branches"":[]}","{""ID"":1294,""unit"":""LBR@77PCS"",""price"":13125,""uomID"":471,""priceDate"":""2026-04-21"",""productID"":1555,""currencyID"":1,""expireDate"":""2026-12-31"",""supplierID"":5,""productCode"":""INSU-0003"",""productName"":""STICKER BIRU CALF ROUND (NEW)"",""currencyName"":""Rupiah"",""pricelistNum"":""PLS202604210001"",""supplierName"":""Calf Warehouse"",""productDetailID"":4017,""applicableBranch"":{""type"":""ALL"",""branches"":[]}}",2026-08-21 18:25:34.864397+00,2026-08-28 06:30:26.485137+00
980,1,1310,1211,ALL,2061.00,true,2026-06-01,Calf Warehouse,CLEO BOTOL 550ML,RMBV-00023,BTL,Rupiah,2026-12-31,PLS202606010006,3009,298,1,"{""type"":""ALL"",""branches"":[]}","{""ID"":1310,""unit"":""BTL"",""price"":2061,""uomID"":298,""priceDate"":""2026-06-01"",""productID"":1211,""currencyID"":1,""expireDate"":""2026-12-31"",""supplierID"":5,""productCode"":""RMBV-00023"",""productName"":""CLEO BOTOL 550ML"",""currencyName"":""Rupiah"",""pricelistNum"":""PLS202606010006"",""supplierName"":""Calf Warehouse"",""productDetailID"":3009,""applicableBranch"":{""type"":""ALL"",""branches"":[]}}",2026-08-21 18:25:34.864397+00,2026-08-28 06:30:26.485137+00
981,1,1311,1211,ALL,49464.00,true,2026-06-01,Calf Warehouse,CLEO BOTOL 550ML,RMBV-00023,CTN@24BTL,Rupiah,2026-12-31,PLS202606010006,3010,330,1,"{""type"":""ALL"",""branches"":[]}","{""ID"":1311,""unit"":""CTN@24BTL"",""price"":49464,""uomID"":330,""priceDate"":""2026-06-01"",""productID"":1211,""currencyID"":1,""expireDate"":""2026-12-31"",""supplierID"":5,""productCode"":""RMBV-00023"",""productName"":""CLEO BOTOL 550ML"",""currencyName"":""Rupiah"",""pricelistNum"":""PLS202606010006"",""supplierName"":""Calf Warehouse"",""productDetailID"":3010,""applicableBranch"":{""type"":""ALL"",""branches"":[]}}",2026-08-21 18:25:34.864397+00,2026-08-28 06:30:26.485137+00
982,1,1312,1212,ALL,20910.00,true,2026-06-01,Calf Warehouse,CLEO GALON 18 L,RMBV-00024,GALON@18000GR,Rupiah,2026-12-31,PLS202606010006,3012,349,1,"{""type"":""ALL"",""branches"":[]}","{""ID"":1312,""unit"":""GALON@18000GR"",""price"":20910,""uomID"":349,""priceDate"":""2026-06-01"",""productID"":1212,""currencyID"":1,""expireDate"":""2026-12-31"",""supplierID"":5,""productCode"":""RMBV-00024"",""productName"":""CLEO GALON 18 L"",""currencyName"":""Rupiah"",""pricelistNum"":""PLS202606010006"",""supplierName"":""Calf Warehouse"",""productDetailID"":3012,""applicableBranch"":{""type"":""ALL"",""branches"":[]}}",2026-08-21 18:25:34.864397+00,2026-08-28 06:30:26.485137+00
983,1,1301,1215,ALL,1099200.00,true,2026-06-01,Calf Warehouse,CREAMER (MAX) 500GR,RMBV-00002,CTN@24PCS,Rupiah,2026-12-31,PLS202606010002,3020,332,1,"{""type"":""ALL"",""branches"":[]}","{""ID"":1301,""unit"":""CTN@24PCS"",""price"":1099200,""uomID"":332,""priceDate"":""2026-06-01"",""productID"":1215,""currencyID"":1,""expireDate"":""2026-12-31"",""supplierID"":5,""productCode"":""RMBV-00002"",""productName"":""CREAMER (MAX) 500GR"",""currencyName"":""Rupiah"",""pricelistNum"":""PLS202606010002"",""supplierName"":""Calf Warehouse"",""productDetailID"":3020,""applicableBranch"":{""type"":""ALL"",""branches"":[]}}",2026-08-21 18:25:34.864397+00,2026-08-28 06:30:26.485137+00
984,1,1299,1215,ALL,91.60,true,2026-06-01,Calf Warehouse,CREAMER (MAX) 500GR,RMBV-00002,GR,Rupiah,2026-12-31,PLS202606010002,3018,351,1,"{""type"":""ALL"",""branches"":[]}","{""ID"":1299,""unit"":""GR"",""price"":91.6,""uomID"":351,""priceDate"":""2026-06-01"",""productID"":1215,""currencyID"":1,""expireDate"":""2026-12-31"",""supplierID"":5,""productCode"":""RMBV-00002"",""productName"":""CREAMER (MAX) 500GR"",""currencyName"":""Rupiah"",""pricelistNum"":""PLS202606010002"",""supplierName"":""Calf Warehouse"",""productDetailID"":3018,""applicableBranch"":{""type"":""ALL"",""branches"":[]}}",2026-08-21 18:25:34.864397+00,2026-08-28 06:30:26.485137+00
985,1,1300,1215,ALL,45800.00,true,2026-06-01,Calf Warehouse,CREAMER (MAX) 500GR,RMBV-00002,PCS@500GR,Rupiah,2026-12-31,PLS202606010002,3019,413,1,"{""type"":""ALL"",""branches"":[]}","{""ID"":1300,""unit"":""PCS@500GR"",""price"":45800,""uomID"":413,""priceDate"":""2026-06-01"",""productID"":1215,""currencyID"":1,""expireDate"":""2026-12-31"",""supplierID"":5,""productCode"":""RMBV-00002"",""productName"":""CREAMER (MAX) 500GR"",""currencyName"":""Rupiah"",""pricelistNum"":""PLS202606010002"",""supplierName"":""Calf Warehouse"",""productDetailID"":3019,""applicableBranch"":{""type"":""ALL"",""branches"":[]}}",2026-08-21 18:25:34.864397+00,2026-08-28 06:30:26.485137+00
986,1,1306,1648,ALL,32826.00,true,2026-06-01,Calf Warehouse,POWDER TEH TARIK MAMIO,RMPD-00016,PACK@500GR,Rupiah,2026-12-31,PLS202606010004,4012,387,1,"{""type"":""ALL"",""branches"":[]}","{""ID"":1306,""unit"":""PACK@500GR"",""price"":32826,""uomID"":387,""priceDate"":""2026-06-01"",""productID"":1648,""currencyID"":1,""expireDate"":""2026-12-31"",""supplierID"":5,""productCode"":""RMPD-00016"",""productName"":""POWDER TEH TARIK MAMIO"",""currencyName"":""Rupiah"",""pricelistNum"":""PLS202606010004"",""supplierName"":""Calf Warehouse"",""productDetailID"":4012,""applicableBranch"":{""type"":""ALL"",""branches"":[]}}",2026-08-21 18:25:34.864397+00,2026-08-28 06:30:26.485137+00
987,1,1305,1648,ALL,65.65,true,2026-06-01,Calf Warehouse,POWDER TEH TARIK MAMIO,RMPD-00016,GR,Rupiah,2026-12-31,PLS202606010004,4011,351,1,"{""type"":""ALL"",""branches"":[]}","{""ID"":1305,""unit"":""GR"",""price"":65.65,""uomID"":351,""priceDate"":""2026-06-01"",""productID"":1648,""currencyID"":1,""expireDate"":""2026-12-31"",""supplierID"":5,""productCode"":""RMPD-00016"",""productName"":""POWDER TEH TARIK MAMIO"",""currencyName"":""Rupiah"",""pricelistNum"":""PLS202606010004"",""supplierName"":""Calf Warehouse"",""productDetailID"":4011,""applicableBranch"":{""type"":""ALL"",""branches"":[]}}",2026-08-21 18:25:34.864397+00,2026-08-28 06:30:26.485137+00
988,1,1297,1290,ALL,364500.00,true,2026-06-01,Calf Warehouse,KALENG 330ML,PCPB-00008,PACK@150PCS,Rupiah,2026-12-31,PLS202606010001,3217,375,1,"{""type"":""ALL"",""branches"":[]}","{""ID"":1297,""unit"":""PACK@150PCS"",""price"":364500,""uomID"":375,""priceDate"":""2026-06-01"",""productID"":1290,""currencyID"":1,""expireDate"":""2026-12-31"",""supplierID"":5,""productCode"":""PCPB-00008"",""productName"":""KALENG 330ML"",""currencyName"":""Rupiah"",""pricelistNum"":""PLS202606010001"",""supplierName"":""Calf Warehouse"",""productDetailID"":3217,""applicableBranch"":{""type"":""ALL"",""branches"":[]}}",2026-08-21 18:25:34.864397+00,2026-08-28 06:30:26.485137+00
989,1,1298,1290,ALL,534600.00,true,2026-06-01,Calf Warehouse,KALENG 330ML,PCPB-00008,PACK@220PCS,Rupiah,2026-12-31,PLS202606010001,3218,378,1,"{""type"":""ALL"",""branches"":[]}","{""ID"":1298,""unit"":""PACK@220PCS"",""price"":534600,""uomID"":378,""priceDate"":""2026-06-01"",""productID"":1290,""currencyID"":1,""expireDate"":""2026-12-31"",""supplierID"":5,""productCode"":""PCPB-00008"",""productName"":""KALENG 330ML"",""currencyName"":""Rupiah"",""pricelistNum"":""PLS202606010001"",""supplierName"":""Calf Warehouse"",""productDetailID"":3218,""applicableBranch"":{""type"":""ALL"",""branches"":[]}}",2026-08-21 18:25:34.864397+00,2026-08-28 06:30:26.485137+00
990,1,1296,1290,ALL,2430.00,true,2026-06-01,Calf Warehouse,KALENG 330ML,PCPB-00008,PCS,Rupiah,2026-12-31,PLS202606010001,3216,402,1,"{""type"":""ALL"",""branches"":[]}","{""ID"":1296,""unit"":""PCS"",""price"":2430,""uomID"":402,""priceDate"":""2026-06-01"",""productID"":1290,""currencyID"":1,""expireDate"":""2026-12-31"",""supplierID"":5,""productCode"":""PCPB-00008"",""productName"":""KALENG 330ML"",""currencyName"":""Rupiah"",""pricelistNum"":""PLS202606010001"",""supplierName"":""Calf Warehouse"",""productDetailID"":3216,""applicableBranch"":{""type"":""ALL"",""branches"":[]}}",2026-08-21 18:25:34.864397+00,2026-08-28 06:30:26.485137+00
991,1,1308,1450,ALL,200850.00,true,2026-06-01,Calf Warehouse,TRUFFLE OIL 250ML,RMKC-00033,BTL@250GR,Rupiah,2026-12-31,PLS202606010005,3602,305,1,"{""type"":""ALL"",""branches"":[]}","{""ID"":1308,""unit"":""BTL@250GR"",""price"":200850,""uomID"":305,""priceDate"":""2026-06-01"",""productID"":1450,""currencyID"":1,""expireDate"":""2026-12-31"",""supplierID"":5,""productCode"":""RMKC-00033"",""productName"":""TRUFFLE OIL 250ML"",""currencyName"":""Rupiah"",""pricelistNum"":""PLS202606010005"",""supplierName"":""Calf Warehouse"",""productDetailID"":3602,""applicableBranch"":{""type"":""ALL"",""branches"":[]}}",2026-08-21 18:25:34.864397+00,2026-08-28 06:30:26.485137+00
992,1,1309,1450,ALL,2410200.00,true,2026-06-01,Calf Warehouse,TRUFFLE OIL 250ML,RMKC-00033,CTN@12BTL,Rupiah,2026-12-31,PLS202606010005,3603,317,1,"{""type"":""ALL"",""branches"":[]}","{""ID"":1309,""unit"":""CTN@12BTL"",""price"":2410200,""uomID"":317,""priceDate"":""2026-06-01"",""productID"":1450,""currencyID"":1,""expireDate"":""2026-12-31"",""supplierID"":5,""productCode"":""RMKC-00033"",""productName"":""TRUFFLE OIL 250ML"",""currencyName"":""Rupiah"",""pricelistNum"":""PLS202606010005"",""supplierName"":""Calf Warehouse"",""productDetailID"":3603,""applicableBranch"":{""type"":""ALL"",""branches"":[]}}",2026-08-21 18:25:34.864397+00,2026-08-28 06:30:26.485137+00
993,1,1307,1450,ALL,803.40,true,2026-06-01,Calf Warehouse,TRUFFLE OIL 250ML,RMKC-00033,GR,Rupiah,2026-12-31,PLS202606010005,3601,351,1,"{""type"":""ALL"",""branches"":[]}","{""ID"":1307,""unit"":""GR"",""price"":803.4,""uomID"":351,""priceDate"":""2026-06-01"",""productID"":1450,""currencyID"":1,""expireDate"":""2026-12-31"",""supplierID"":5,""productCode"":""RMKC-00033"",""productName"":""TRUFFLE OIL 250ML"",""currencyName"":""Rupiah"",""pricelistNum"":""PLS202606010005"",""supplierName"":""Calf Warehouse"",""productDetailID"":3601,""applicableBranch"":{""type"":""ALL"",""branches"":[]}}",2026-08-21 18:25:34.864397+00,2026-08-28 06:30:26.485137+00
994,1,1303,1453,ALL,11450.00,true,2026-06-01,Calf Warehouse,TUTUP CUP ES,PCPB-00013,BALL@50PCS,Rupiah,2026-12-31,PLS202606010003,3608,293,1,"{""type"":""ALL"",""branches"":[]}","{""ID"":1303,""unit"":""BALL@50PCS"",""price"":11450,""uomID"":293,""priceDate"":""2026-06-01"",""productID"":1453,""currencyID"":1,""expireDate"":""2026-12-31"",""supplierID"":5,""productCode"":""PCPB-00013"",""productName"":""TUTUP CUP ES"",""currencyName"":""Rupiah"",""pricelistNum"":""PLS202606010003"",""supplierName"":""Calf Warehouse"",""productDetailID"":3608,""applicableBranch"":{""type"":""ALL"",""branches"":[]}}",2026-08-21 18:25:34.864397+00,2026-08-28 06:30:26.485137+00
995,1,1304,1453,ALL,229000.00,true,2026-06-01,Calf Warehouse,TUTUP CUP ES,PCPB-00013,CTN@20BALL,Rupiah,2026-12-31,PLS202606010003,3609,325,1,"{""type"":""ALL"",""branches"":[]}","{""ID"":1304,""unit"":""CTN@20BALL"",""price"":229000,""uomID"":325,""priceDate"":""2026-06-01"",""productID"":1453,""currencyID"":1,""expireDate"":""2026-12-31"",""supplierID"":5,""productCode"":""PCPB-00013"",""productName"":""TUTUP CUP ES"",""currencyName"":""Rupiah"",""pricelistNum"":""PLS202606010003"",""supplierName"":""Calf Warehouse"",""productDetailID"":3609,""applicableBranch"":{""type"":""ALL"",""branches"":[]}}",2026-08-21 18:25:34.864397+00,2026-08-28 06:30:26.485137+00
996,1,1302,1453,ALL,229.00,true,2026-06-01,Calf Warehouse,TUTUP CUP ES,PCPB-00013,PCS,Rupiah,2026-12-31,PLS202606010003,3607,402,1,"{""type"":""ALL"",""branches"":[]}","{""ID"":1302,""unit"":""PCS"",""price"":229,""uomID"":402,""priceDate"":""2026-06-01"",""productID"":1453,""currencyID"":1,""expireDate"":""2026-12-31"",""supplierID"":5,""productCode"":""PCPB-00013"",""productName"":""TUTUP CUP ES"",""currencyName"":""Rupiah"",""pricelistNum"":""PLS202606010003"",""supplierName"":""Calf Warehouse"",""productDetailID"":3607,""applicableBranch"":{""type"":""ALL"",""branches"":[]}}",2026-08-21 18:25:34.864397+00,2026-08-28 06:30:26.485137+00
997,1,1313,1607,ALL,134032.50,true,2026-06-19,Calf Warehouse,BEEF BRATWURST,RMMT-00006,PACK@1000GR,Rupiah,2026-12-31,PLS202606190001,3924,370,1,"{""type"":""ALL"",""branches"":[]}","{""ID"":1313,""unit"":""PACK@1000GR"",""price"":134032.5,""uomID"":370,""priceDate"":""2026-06-19"",""productID"":1607,""currencyID"":1,""expireDate"":""2026-12-31"",""supplierID"":5,""productCode"":""RMMT-00006"",""productName"":""BEEF BRATWURST"",""currencyName"":""Rupiah"",""pricelistNum"":""PLS202606190001"",""supplierName"":""Calf Warehouse"",""productDetailID"":3924,""applicableBranch"":{""type"":""ALL"",""branches"":[]}}",2026-08-21 18:25:34.864397+00,2026-08-28 06:30:26.485137+00
998,1,1314,1607,ALL,67016.25,true,2026-06-19,Calf Warehouse,BEEF BRATWURST,RMMT-00006,PACK@500GR,Rupiah,2026-12-31,PLS202606190001,4030,387,1,"{""type"":""ALL"",""branches"":[]}","{""ID"":1314,""unit"":""PACK@500GR"",""price"":67016.25,""uomID"":387,""priceDate"":""2026-06-19"",""productID"":1607,""currencyID"":1,""expireDate"":""2026-12-31"",""supplierID"":5,""productCode"":""RMMT-00006"",""productName"":""BEEF BRATWURST"",""currencyName"":""Rupiah"",""pricelistNum"":""PLS202606190001"",""supplierName"":""Calf Warehouse"",""productDetailID"":4030,""applicableBranch"":{""type"":""ALL"",""branches"":[]}}",2026-08-21 18:25:34.864397+00,2026-08-28 06:30:26.485137+00
999,1,1321,1643,ALL,200000.00,true,2026-07-01,Calf Warehouse,SPACER NYLON,TLLS-00011,PCS,Rupiah,2026-12-31,PLS202607010001,4003,402,1,"{""type"":""ALL"",""branches"":[]}","{""ID"":1321,""unit"":""PCS"",""price"":200000,""uomID"":402,""priceDate"":""2026-07-01"",""productID"":1643,""currencyID"":1,""expireDate"":""2026-12-31"",""supplierID"":5,""productCode"":""TLLS-00011"",""productName"":""SPACER NYLON"",""currencyName"":""Rupiah"",""pricelistNum"":""PLS202607010001"",""supplierName"":""Calf Warehouse"",""productDetailID"":4003,""applicableBranch"":{""type"":""ALL"",""branches"":[]}}",2026-08-21 18:25:34.864397+00,2026-08-28 06:30:26.485137+00
1000,1,1315,1174,ALL,53.50,true,2026-07-13,Calf Warehouse,AYAM PAHA FILLET,RMMT-00003,GR,Rupiah,2026-12-31,PLS202607130001,2921,351,1,"{""type"":""ALL"",""branches"":[]}","{""ID"":1315,""unit"":""GR"",""price"":53.5,""uomID"":351,""priceDate"":""2026-07-13"",""productID"":1174,""currencyID"":1,""expireDate"":""2026-12-31"",""supplierID"":5,""productCode"":""RMMT-00003"",""productName"":""AYAM PAHA FILLET"",""currencyName"":""Rupiah"",""pricelistNum"":""PLS202607130001"",""supplierName"":""Calf Warehouse"",""productDetailID"":2921,""applicableBranch"":{""type"":""ALL"",""branches"":[]}}",2026-08-21 18:25:34.864397+00,2026-08-27 06:00:27.553506+00
1001,1,1316,1174,ALL,53500.00,true,2026-07-13,Calf Warehouse,AYAM PAHA FILLET,RMMT-00003,KG,Rupiah,2026-12-31,PLS202607130001,2922,364,1,"{""type"":""ALL"",""branches"":[]}","{""ID"":1316,""unit"":""KG"",""price"":53500,""uomID"":364,""priceDate"":""2026-07-13"",""productID"":1174,""currencyID"":1,""expireDate"":""2026-12-31"",""supplierID"":5,""productCode"":""RMMT-00003"",""productName"":""AYAM PAHA FILLET"",""currencyName"":""Rupiah"",""pricelistNum"":""PLS202607130001"",""supplierName"":""Calf Warehouse"",""productDetailID"":2922,""applicableBranch"":{""type"":""ALL"",""branches"":[]}}",2026-08-21 18:25:34.864397+00,2026-08-28 06:30:26.485137+00
1002,1,1322,1258,ALL,240000.00,true,2026-07-14,Calf Warehouse,GAS 12KG,EGGS-00002,TABUNG,Rupiah,2026-12-31,PLS202607140002,3133,439,1,"{""type"":""ALL"",""branches"":[]}","{""ID"":1322,""unit"":""TABUNG"",""price"":240000,""uomID"":439,""priceDate"":""2026-07-14"",""productID"":1258,""currencyID"":1,""expireDate"":""2026-12-31"",""supplierID"":5,""productCode"":""EGGS-00002"",""productName"":""GAS 12KG"",""currencyName"":""Rupiah"",""pricelistNum"":""PLS202607140002"",""supplierName"":""Calf Warehouse"",""productDetailID"":3133,""applicableBranch"":{""type"":""ALL"",""branches"":[]}}",2026-08-21 18:25:34.864397+00,2026-08-28 06:30:26.485137+00
1003,1,1317,1289,ALL,650375.00,true,2026-07-14,Calf Warehouse,KALENG 250ML,PCPB-00007,PACK@275PCS,Rupiah,2026-12-31,PLS202607140001,3214,383,1,"{""type"":""ALL"",""branches"":[]}","{""ID"":1317,""unit"":""PACK@275PCS"",""price"":650375,""uomID"":383,""priceDate"":""2026-07-14"",""productID"":1289,""currencyID"":1,""expireDate"":""2026-12-31"",""supplierID"":5,""productCode"":""PCPB-00007"",""productName"":""KALENG 250ML"",""currencyName"":""Rupiah"",""pricelistNum"":""PLS202607140001"",""supplierName"":""Calf Warehouse"",""productDetailID"":3214,""applicableBranch"":{""type"":""ALL"",""branches"":[]}}",2026-08-21 18:25:34.864397+00,2026-08-28 06:30:26.485137+00
1004,1,1318,1289,ALL,94600.00,true,2026-07-14,Calf Warehouse,KALENG 250ML,PCPB-00007,PACK@40PCS,Rupiah,2026-12-31,PLS202607140001,3213,385,1,"{""type"":""ALL"",""branches"":[]}","{""ID"":1318,""unit"":""PACK@40PCS"",""price"":94600,""uomID"":385,""priceDate"":""2026-07-14"",""productID"":1289,""currencyID"":1,""expireDate"":""2026-12-31"",""supplierID"":5,""productCode"":""PCPB-00007"",""productName"":""KALENG 250ML"",""currencyName"":""Rupiah"",""pricelistNum"":""PLS202607140001"",""supplierName"":""Calf Warehouse"",""productDetailID"":3213,""applicableBranch"":{""type"":""ALL"",""branches"":[]}}",2026-08-21 18:25:34.864397+00,2026-08-28 06:30:26.485137+00
1005,1,1319,1289,ALL,22999625.00,true,2026-07-14,Calf Warehouse,KALENG 250ML,PCPB-00007,PALLET SINGLE@9725PCS,Rupiah,2026-12-31,PLS202607140001,3215,401,1,"{""type"":""ALL"",""branches"":[]}","{""ID"":1319,""unit"":""PALLET SINGLE@9725PCS"",""price"":22999625,""uomID"":401,""priceDate"":""2026-07-14"",""productID"":1289,""currencyID"":1,""expireDate"":""2026-12-31"",""supplierID"":5,""productCode"":""PCPB-00007"",""productName"":""KALENG 250ML"",""currencyName"":""Rupiah"",""pricelistNum"":""PLS202607140001"",""supplierName"":""Calf Warehouse"",""productDetailID"":3215,""applicableBranch"":{""type"":""ALL"",""branches"":[]}}",2026-08-21 18:25:34.864397+00,2026-08-28 06:30:26.485137+00
1006,1,1320,1289,ALL,2365.00,true,2026-07-14,Calf Warehouse,KALENG 250ML,PCPB-00007,PCS,Rupiah,2026-12-31,PLS202607140001,3212,402,1,"{""type"":""ALL"",""branches"":[]}","{""ID"":1320,""unit"":""PCS"",""price"":2365,""uomID"":402,""priceDate"":""2026-07-14"",""productID"":1289,""currencyID"":1,""expireDate"":""2026-12-31"",""supplierID"":5,""productCode"":""PCPB-00007"",""productName"":""KALENG 250ML"",""currencyName"":""Rupiah"",""pricelistNum"":""PLS202607140001"",""supplierName"":""Calf Warehouse"",""productDetailID"":3212,""applicableBranch"":{""type"":""ALL"",""branches"":[]}}",2026-08-21 18:25:34.864397+00,2026-08-28 06:30:26.485137+00
207947,1,578,1181,ALL,4500000.00,true,2025-12-31,Calf Central Kitchen,BEANS PREMIUM,RBAP-00001,KARUNG@25KG,Rupiah,2026-12-31,PLS202512310001,2940,361,1,"{""type"":""ALL"",""branches"":[]}","{""ID"":578,""unit"":""KARUNG@25KG"",""price"":4500000,""uomID"":361,""priceDate"":""2025-12-31"",""productID"":1181,""currencyID"":1,""expireDate"":""2026-12-31"",""supplierID"":6,""productCode"":""RBAP-00001"",""productName"":""BEANS PREMIUM"",""currencyName"":""Rupiah"",""pricelistNum"":""PLS202512310001"",""supplierName"":""Calf Central Kitchen"",""productDetailID"":2940,""applicableBranch"":{""type"":""ALL"",""branches"":[]}}",2026-08-27 06:30:20.265747+00,2026-08-28 06:30:26.485137+00
208014,1,1179,1215,ALL,1072800.00,true,2026-03-01,Calf Warehouse,CREAMER (MAX) 500GR,RMBV-00002,CTN@24PCS,Rupiah,2026-05-31,PLS202603010002,3020,332,1,"{""type"":""ALL"",""branches"":[]}","{""ID"":1179,""unit"":""CTN@24PCS"",""price"":1072800,""uomID"":332,""priceDate"":""2026-03-01"",""productID"":1215,""currencyID"":1,""expireDate"":""2026-05-31"",""supplierID"":5,""productCode"":""RMBV-00002"",""productName"":""CREAMER (MAX) 500GR"",""currencyName"":""Rupiah"",""pricelistNum"":""PLS202603010002"",""supplierName"":""Calf Warehouse"",""productDetailID"":3020,""applicableBranch"":{""type"":""ALL"",""branches"":[]}}",2026-08-27 06:30:20.265747+00,2026-08-28 06:30:26.485137+00