id,company_id,esb_id,product_esb_id,code,name,output_qty,flag_active,bom_type_id,bom_type_name,product_name,uom_name,raw_data,synced_at,updated_at
1,3,4,,WIPK-00011,ADONAN DIMSUM,1.00,true,1,Assembly,ADONAN DIMSUM,ADONAN@15000GR,{},2026-08-21 18:25:37.136637+00,2026-08-21 18:36:22.069564+00
2,3,5,,RMFR-00003,DIMSUM CALF,1.00,true,1,Assembly,DIMSUM,PACK@100PCS,{},2026-08-21 18:25:37.136637+00,2026-08-21 18:36:22.069564+00
3,3,1,,ESPR-00001,ESPRESSO PREMIUM,1.00,true,1,Assembly,ESPRESSO PREMIUM,KG@1000GR,{},2026-08-21 18:25:37.136637+00,2026-08-21 18:36:22.069564+00
4,3,2,,ESPR-00002,ESPRESSO REGULER,1.00,true,1,Assembly,ESPRESSO REGULER,KG@1000GR,{},2026-08-21 18:25:37.136637+00,2026-08-21 18:36:22.069564+00
5,3,3,,ROAS-00001,ROASTED BEANS COLD BREW,1.00,true,1,Assembly,BEANS COLD BREW,KG@1000GR,{},2026-08-21 18:25:37.136637+00,2026-08-21 18:36:22.069564+00
6,6,1,,CRMR-00001,CREAMER LIQUID,1.00,true,1,Assembly,CREAMER LIQUID,KG@1000GR,{},2026-08-21 18:25:37.136637+00,2026-08-21 18:36:22.069564+00
7,6,6,,PREM-00030,Es Kopi Calf Premium - COTR (145ml),1.00,true,1,Assembly,Es Kopi Calf Premium - COTR (145ml),PORSI@145GR,{},2026-08-21 18:25:37.136637+00,2026-08-21 18:36:22.069564+00
8,6,2,,ESPR-00001,ESPRESSO PREMIUM,1.00,true,1,Assembly,ESPRESSO PREMIUM,KG@1000GR,{},2026-08-21 18:25:37.136637+00,2026-08-21 18:36:22.069564+00
9,6,3,,ESPR-00002,ESPRESSO REGULER,1.00,true,1,Assembly,ESPRESSO REGULER,KG@1000GR,{},2026-08-21 18:25:37.136637+00,2026-08-21 18:36:22.069564+00
10,6,4,,MILK-00009,ICED CHOCOLATE - COTR (230ml),1.00,true,1,Assembly,ICED CHOCOLATE - COTR (230ml),PORSI@230GR,{},2026-08-21 18:25:37.136637+00,2026-08-21 18:36:22.069564+00
11,6,15,,SPCL-00002,Matcha Latte - COTR (145 ml),1.00,true,1,Assembly,Matcha Latte - COTR (145ml),PORSI@145GR,{},2026-08-21 18:25:37.136637+00,2026-08-21 18:36:22.069564+00
12,6,14,,SPCL-00001,Matcha Latte - COTR (145ml),1.00,false,1,Assembly,Matcha Latte - COTR (145ml),PORSI@145GR,{},2026-08-21 18:25:37.136637+00,2026-08-21 18:36:22.069564+00
13,6,5,,PREM-00003,PREMIUM CAN - COTR (230ml),1.00,true,1,Assembly,PREMIUM CAN - COTR (230ml),PORSI@230GR,{},2026-08-21 18:25:37.136637+00,2026-08-21 18:36:22.069564+00
14,6,16,,PREMIX-000007,PREMIX CHOCOLATE - COTR (BATCH@23.600 ML),1.00,true,1,Assembly,PREMIX CHOCOLATE - COTR (BATCH@23.600 ML),BATCH@23600GR,{},2026-08-21 18:25:37.136637+00,2026-08-21 18:36:22.069564+00
15,6,10,,PREMIX-00002,PREMIX CHOCOLATE - COTR (BATCH@24.800 ML),1.00,true,1,Assembly,PREMIX CHOCOLATE - COTR (BATCH@24.800 ML),BATCH@24800ML,{},2026-08-21 18:25:37.136637+00,2026-08-21 18:36:22.069564+00
16,6,13,,PREMIX-00006,PREMIX MATCHA LATTE - COTR (BATCH@19.350 ML),1.00,true,1,Assembly,PREMIX MATCHA LATTE - COTR (BATCH@19.350 ML),BATCH@19350GR,{},2026-08-21 18:25:37.136637+00,2026-08-21 18:36:22.069564+00
17,6,9,,PREMIX-00001,PREMIX PREMIUM - COTR (BATCH@23.295 ML),1.00,true,1,Assembly,PREMIX PREMIUM - COTR (BATCH@23.295 ML),BATCH@23295GR,{},2026-08-21 18:25:37.136637+00,2026-08-21 18:36:22.069564+00
18,6,11,,PREMIX-00003,PREMIX SMOOTH BANANA - COTR (BATCH@24.400 ML),1.00,true,1,Assembly,PREMIX SMOOTH BANANA - COTR (BATCH@24.400 ML),BATCH@24400ML,{},2026-08-21 18:25:37.136637+00,2026-08-21 18:36:22.069564+00
19,6,12,,PREMIX-00004,PREMIX SMOOTH VANILLA - COTR (BATCH@24.400 ML),1.00,true,1,Assembly,PREMIX SMOOTH VANILLA - COTR (BATCH@24.400 ML),BATCH@24400ML,{},2026-08-21 18:25:37.136637+00,2026-08-21 18:36:22.069564+00
20,6,7,,SMTH-00006,SMOOTH BANANA TIRAMISU - COTR (230ml),1.00,true,1,Assembly,SMOOTH BANANA TIRAMISU - COTR (230ml),PORSI@230GR,{},2026-08-21 18:25:37.136637+00,2026-08-21 18:36:22.069564+00
21,6,8,,SMTH-00007,SMOOTH VANILLA PECAN - COTR (230ml),1.00,true,1,Assembly,SMOOTH VANILLA PECAN - COTR (230ml),PORSI@230GR,{},2026-08-21 18:25:37.136637+00,2026-08-21 18:36:22.069564+00
22,1,240,,BULK-00053,- Smooth Pistachio - GALON 5L (Event/Bulk),1.00,true,1,Assembly,- Smooth Pistachio - GALON 5L (Event/Bulk),PORSI@5015GR,"{""bomID"":240,""notes"":"""",""bomCode"":""BULK-00053"",""bomName"":""- Smooth Pistachio - GALON 5L (Event/Bulk)"",""uomName"":""PORSI@5015GR"",""bomTypeID"":1,""flagActive"":1,""bomTypeName"":""Assembly"",""productName"":""- Smooth Pistachio - GALON 5L (Event/Bulk)""}",2026-08-21 18:25:37.136637+00,2026-08-28 06:30:34.085877+00
23,1,239,,BULK-00052,Add on - Aromatic (1 Liter) (Bulk/Event),1.00,true,1,Assembly,Add on - Aromatic (1 Liter) (Bulk/Event),BTL@1040GR,"{""bomID"":239,""notes"":"""",""bomCode"":""BULK-00052"",""bomName"":""Add on - Aromatic (1 Liter) (Bulk/Event)"",""uomName"":""BTL@1040GR"",""bomTypeID"":1,""flagActive"":1,""bomTypeName"":""Assembly"",""productName"":""Add on - Aromatic (1 Liter) (Bulk/Event)""}",2026-08-21 18:25:37.136637+00,2026-08-28 06:30:34.085877+00
24,1,224,,BULK-00037,Add on - Aromatic (6 Liter) (Bulk/Event),1.00,true,1,Assembly,Add on - Aromatic (6 Liter) (Bulk/Event),TANK@6000GR,"{""bomID"":224,""notes"":"""",""bomCode"":""BULK-00037"",""bomName"":""Add on - Aromatic (6 Liter) (Bulk/Event)"",""uomName"":""TANK@6000GR"",""bomTypeID"":1,""flagActive"":1,""bomTypeName"":""Assembly"",""productName"":""Add on - Aromatic (6 Liter) (Bulk/Event)""}",2026-08-21 18:25:37.136637+00,2026-08-28 06:30:34.085877+00
25,1,234,,BULK-00047,Add on - Chocolate (1 Liter) (Bulk/Event),1.00,true,1,Assembly,Add on - Chocolate (1 Liter) (Bulk/Event),BTL@1040GR,"{""bomID"":234,""notes"":"""",""bomCode"":""BULK-00047"",""bomName"":""Add on - Chocolate (1 Liter) (Bulk/Event)"",""uomName"":""BTL@1040GR"",""bomTypeID"":1,""flagActive"":1,""bomTypeName"":""Assembly"",""productName"":""Add on - Chocolate (1 Liter) (Bulk/Event)""}",2026-08-21 18:25:37.136637+00,2026-08-28 06:30:34.085877+00
26,1,223,,BULK-00036,Add on - Chocolate (6 Liter) (Bulk/Event),1.00,true,1,Assembly,Add on - Chocolate (6 Liter) (Bulk/Event),TANK@6000GR,"{""bomID"":223,""notes"":"""",""bomCode"":""BULK-00036"",""bomName"":""Add on - Chocolate (6 Liter) (Bulk/Event)"",""uomName"":""TANK@6000GR"",""bomTypeID"":1,""flagActive"":1,""bomTypeName"":""Assembly"",""productName"":""Add on - Chocolate (6 Liter) (Bulk/Event)""}",2026-08-21 18:25:37.136637+00,2026-08-28 06:30:34.085877+00
27,1,233,,BULK-00045,Add on - Premium (1 Liter) (Bulk/Event),1.00,true,1,Assembly,Add on - Premium (1 Liter) (Bulk/Event),PORSI@1004GR,"{""bomID"":233,""notes"":"""",""bomCode"":""BULK-00045"",""bomName"":""Add on - Premium (1 Liter) (Bulk/Event)"",""uomName"":""PORSI@1004GR"",""bomTypeID"":1,""flagActive"":1,""bomTypeName"":""Assembly"",""productName"":""Add on - Premium (1 Liter) (Bulk/Event)""}",2026-08-21 18:25:37.136637+00,2026-08-28 06:30:34.085877+00
28,1,222,,BULK-00035,Add on - Premium (6 Liter) (Bulk/Event),1.00,true,1,Assembly,Add on - Premium (6 Liter) (Bulk/Event),TANK@6000GR,"{""bomID"":222,""notes"":"""",""bomCode"":""BULK-00035"",""bomName"":""Add on - Premium (6 Liter) (Bulk/Event)"",""uomName"":""TANK@6000GR"",""bomTypeID"":1,""flagActive"":1,""bomTypeName"":""Assembly"",""productName"":""Add on - Premium (6 Liter) (Bulk/Event)""}",2026-08-21 18:25:37.136637+00,2026-08-28 06:30:34.085877+00
29,1,196,,SPEC-00009,Affogato,1.00,true,3,Menu,,,"{""bomID"":196,""notes"":"""",""bomCode"":""SPEC-00009"",""bomName"":""Affogato"",""uomName"":null,""bomTypeID"":3,""flagActive"":1,""bomTypeName"":""Menu"",""productName"":null}",2026-08-21 18:25:37.136637+00,2026-08-28 06:30:34.085877+00
30,1,146,,NONC-00003,Air Mineral,1.00,true,3,Menu,,,"{""bomID"":146,""notes"":"""",""bomCode"":""NONC-00003"",""bomName"":""Air Mineral"",""uomName"":null,""bomTypeID"":3,""flagActive"":1,""bomTypeName"":""Menu"",""productName"":null}",2026-08-21 18:25:37.136637+00,2026-08-28 06:30:34.085877+00
31,1,134,,SPEC-00002,AMERICANO,1.00,true,3,Menu,,,"{""bomID"":134,""notes"":"""",""bomCode"":""SPEC-00002"",""bomName"":""AMERICANO"",""uomName"":null,""bomTypeID"":3,""flagActive"":1,""bomTypeName"":""Menu"",""productName"":null}",2026-08-21 18:25:37.136637+00,2026-08-28 06:30:34.085877+00
32,1,96,,NONC-00002,Apple Tea,1.00,true,3,Menu,,,"{""bomID"":96,""notes"":"""",""bomCode"":""NONC-00002"",""bomName"":""Apple Tea"",""uomName"":null,""bomTypeID"":3,""flagActive"":1,""bomTypeName"":""Menu"",""productName"":null}",2026-08-21 18:25:37.136637+00,2026-08-28 06:30:34.085877+00
33,1,91,,NONC-00001,Apple Tea Cheese,1.00,true,3,Menu,,,"{""bomID"":91,""notes"":"""",""bomCode"":""NONC-00001"",""bomName"":""Apple Tea Cheese"",""uomName"":null,""bomTypeID"":3,""flagActive"":1,""bomTypeName"":""Menu"",""productName"":null}",2026-08-21 18:25:37.136637+00,2026-08-28 06:30:34.085877+00
34,1,202,,MILK-00010,Aromatic Milk Tea,1.00,true,3,Menu,,,"{""bomID"":202,""notes"":"""",""bomCode"":""MILK-00010"",""bomName"":""Aromatic Milk Tea"",""uomName"":null,""bomTypeID"":3,""flagActive"":1,""bomTypeName"":""Menu"",""productName"":null}",2026-08-21 18:25:37.136637+00,2026-08-28 06:30:34.085877+00
35,1,65,,BULK-00001,Aromatic Milk Tea - Can 330 (Event/Bulk),1.00,true,1,Assembly,- Aromatic Milk Tea - Can 330 (Event/Bulk),PORSI@300GR,"{""bomID"":65,""notes"":"""",""bomCode"":""BULK-00001"",""bomName"":""Aromatic Milk Tea - Can 330 (Event/Bulk)"",""uomName"":""PORSI@300GR"",""bomTypeID"":1,""flagActive"":1,""bomTypeName"":""Assembly"",""productName"":""- Aromatic Milk Tea - Can 330 (Event/Bulk)""}",2026-08-21 18:25:37.136637+00,2026-08-28 06:30:34.085877+00
36,1,77,,BULK-00002,Aromatic Milk Tea - Cup Hot 110ml (Event/Bulk),1.00,true,1,Assembly,- Aromatic Milk Tea - Cup Hot 110ml (Event/Bulk),PORSI@110GR,"{""bomID"":77,""notes"":"""",""bomCode"":""BULK-00002"",""bomName"":""Aromatic Milk Tea - Cup Hot 110ml (Event/Bulk)"",""uomName"":""PORSI@110GR"",""bomTypeID"":1,""flagActive"":1,""bomTypeName"":""Assembly"",""productName"":""- Aromatic Milk Tea - Cup Hot 110ml (Event/Bulk)""}",2026-08-21 18:25:37.136637+00,2026-08-28 06:30:34.085877+00
37,1,253,,,Aromatic Milk Tea Tumbler,1.00,true,3,Menu,,,"{""bomID"":253,""notes"":"""",""bomCode"":"""",""bomName"":""Aromatic Milk Tea Tumbler"",""uomName"":null,""bomTypeID"":3,""flagActive"":1,""bomTypeName"":""Menu"",""productName"":null}",2026-08-21 18:25:37.136637+00,2026-08-28 06:30:34.085877+00
38,1,243,,BULK-00054,Aromatic Milktea - Can 250ml (Event/Bulk),1.00,true,1,Assembly,- Aromatic Milktea - Can 250ml (Event/Bulk),PCS@250GR,"{""bomID"":243,""notes"":"""",""bomCode"":""BULK-00054"",""bomName"":""Aromatic Milktea - Can 250ml (Event/Bulk)"",""uomName"":""PCS@250GR"",""bomTypeID"":1,""flagActive"":1,""bomTypeName"":""Assembly"",""productName"":""- Aromatic Milktea - Can 250ml (Event/Bulk)""}",2026-08-21 18:25:37.136637+00,2026-08-28 06:30:34.085877+00
39,1,275,,BULK-00066,Aromatic Milktea - Cup Es 170ml (Bulk/Event),1.00,true,1,Assembly,- Aromatic Milktea - Cup Es 170ml (Bulk/Event),PORSI@170GR,"{""bomID"":275,""notes"":"""",""bomCode"":""BULK-00066"",""bomName"":""Aromatic Milktea - Cup Es 170ml (Bulk/Event)"",""uomName"":""PORSI@170GR"",""bomTypeID"":1,""flagActive"":1,""bomTypeName"":""Assembly"",""productName"":""- Aromatic Milktea - Cup Es 170ml (Bulk/Event)""}",2026-08-21 18:25:37.136637+00,2026-08-28 06:30:34.085877+00
40,1,341,,SDISH-0018I-NEW,AYAM SAMBAL BALADO - NASI,1.00,true,3,Menu,,,"{""bomID"":341,""notes"":"""",""bomCode"":""SDISH-0018I-NEW"",""bomName"":""AYAM SAMBAL BALADO - NASI"",""uomName"":null,""bomTypeID"":3,""flagActive"":1,""bomTypeName"":""Menu"",""productName"":null}",2026-08-21 18:25:37.136637+00,2026-08-28 06:30:34.085877+00
41,1,342,,SDISH-092-NEW,AYAM SAMBAL IJO - NASI,1.00,true,3,Menu,,,"{""bomID"":342,""notes"":"""",""bomCode"":""SDISH-092-NEW"",""bomName"":""AYAM SAMBAL IJO - NASI"",""uomName"":null,""bomTypeID"":3,""flagActive"":1,""bomTypeName"":""Menu"",""productName"":null}",2026-08-21 18:25:37.136637+00,2026-08-28 06:30:34.085877+00
42,1,124,,FRPP-00002,Banana Tiramisu Frappuccino,1.00,true,3,Menu,,,"{""bomID"":124,""notes"":"""",""bomCode"":""FRPP-00002"",""bomName"":""Banana Tiramisu Frappuccino"",""uomName"":null,""bomTypeID"":3,""flagActive"":1,""bomTypeName"":""Menu"",""productName"":null}",2026-08-21 18:25:37.136637+00,2026-08-28 06:30:34.085877+00
43,1,337,,SDISH-099-NEW,BEEF CREAMY GARLIC - NASI,1.00,true,3,Menu,,,"{""bomID"":337,""notes"":"""",""bomCode"":""SDISH-099-NEW"",""bomName"":""BEEF CREAMY GARLIC - NASI"",""uomName"":null,""bomTypeID"":3,""flagActive"":1,""bomTypeName"":""Menu"",""productName"":null}",2026-08-21 18:25:37.136637+00,2026-08-28 06:30:34.085877+00
44,1,345,,SDISH-0950-NEW,BEEF KOREAN SAUCE - NASI,1.00,true,3,Menu,,,"{""bomID"":345,""notes"":"""",""bomCode"":""SDISH-0950-NEW"",""bomName"":""BEEF KOREAN SAUCE - NASI"",""uomName"":null,""bomTypeID"":3,""flagActive"":1,""bomTypeName"":""Menu"",""productName"":null}",2026-08-21 18:25:37.136637+00,2026-08-28 06:30:34.085877+00
45,1,339,,SIDH-091-NEW,BEEF MUSHROOM TRUFFLE - NASI,1.00,true,3,Menu,,,"{""bomID"":339,""notes"":"""",""bomCode"":""SIDH-091-NEW"",""bomName"":""BEEF MUSHROOM TRUFFLE - NASI"",""uomName"":null,""bomTypeID"":3,""flagActive"":1,""bomTypeName"":""Menu"",""productName"":null}",2026-08-21 18:25:37.136637+00,2026-08-28 06:30:34.085877+00
46,1,347,,SDISH-09231-NEW,BEEF SAMBAL BALADO - NASI,1.00,true,3,Menu,,,"{""bomID"":347,""notes"":"""",""bomCode"":""SDISH-09231-NEW"",""bomName"":""BEEF SAMBAL BALADO - NASI"",""uomName"":null,""bomTypeID"":3,""flagActive"":1,""bomTypeName"":""Menu"",""productName"":null}",2026-08-21 18:25:37.136637+00,2026-08-28 06:30:34.085877+00
47,1,346,,SDISH-09992-NEW,BEEF SAMBAL IJO - NASI,1.00,true,3,Menu,,,"{""bomID"":346,""notes"":"""",""bomCode"":""SDISH-09992-NEW"",""bomName"":""BEEF SAMBAL IJO - NASI"",""uomName"":null,""bomTypeID"":3,""flagActive"":1,""bomTypeName"":""Menu"",""productName"":null}",2026-08-21 18:25:37.136637+00,2026-08-28 06:30:34.085877+00
48,1,285,,SPEC-00013,Berry Shot,1.00,true,3,Menu,,,"{""bomID"":285,""notes"":"""",""bomCode"":""SPEC-00013"",""bomName"":""Berry Shot"",""uomName"":null,""bomTypeID"":3,""flagActive"":1,""bomTypeName"":""Menu"",""productName"":null}",2026-08-21 18:25:37.136637+00,2026-08-28 06:30:34.085877+00
49,1,254,,,Black Honey,1.00,true,3,Menu,,,"{""bomID"":254,""notes"":"""",""bomCode"":"""",""bomName"":""Black Honey"",""uomName"":null,""bomTypeID"":3,""flagActive"":1,""bomTypeName"":""Menu"",""productName"":null}",2026-08-21 18:25:37.136637+00,2026-08-28 06:30:34.085877+00
50,1,140,,DRTY-00001,Blast/Dirty Latte,1.00,true,3,Menu,,,"{""bomID"":140,""notes"":"""",""bomCode"":""DRTY-00001"",""bomName"":""Blast/Dirty Latte"",""uomName"":null,""bomTypeID"":3,""flagActive"":1,""bomTypeName"":""Menu"",""productName"":null}",2026-08-21 18:25:37.136637+00,2026-08-28 06:30:34.085877+00
51,1,92,,SDISH-101NEW,BOLOGNAISE FRIES,1.00,true,3,Menu,,,"{""bomID"":92,""notes"":"""",""bomCode"":""SDISH-101NEW"",""bomName"":""BOLOGNAISE FRIES"",""uomName"":null,""bomTypeID"":3,""flagActive"":1,""bomTypeName"":""Menu"",""productName"":null}",2026-08-21 18:25:37.136637+00,2026-08-28 06:30:34.085877+00
52,1,255,,,Box Pet Can,1.00,true,3,Menu,,,"{""bomID"":255,""notes"":"""",""bomCode"":"""",""bomName"":""Box Pet Can"",""uomName"":null,""bomTypeID"":3,""flagActive"":1,""bomTypeName"":""Menu"",""productName"":null}",2026-08-21 18:25:37.136637+00,2026-08-28 06:30:34.085877+00
53,1,191,,BRML-00001,Brewmalt,1.00,true,3,Menu,,,"{""bomID"":191,""notes"":"""",""bomCode"":""BRML-00001"",""bomName"":""Brewmalt"",""uomName"":null,""bomTypeID"":3,""flagActive"":1,""bomTypeName"":""Menu"",""productName"":null}",2026-08-21 18:25:37.136637+00,2026-08-28 06:30:34.085877+00
54,1,59,,BULK-00003,Brewmalt - Can 330ml (Event/Bulk),1.00,true,1,Assembly,- Brewmalt - Can 330ml (Event/Bulk),PORSI@231GR,"{""bomID"":59,""notes"":"""",""bomCode"":""BULK-00003"",""bomName"":""Brewmalt - Can 330ml (Event/Bulk)"",""uomName"":""PORSI@231GR"",""bomTypeID"":1,""flagActive"":1,""bomTypeName"":""Assembly"",""productName"":""- Brewmalt - Can 330ml (Event/Bulk)""}",2026-08-21 18:25:37.136637+00,2026-08-28 06:30:34.085877+00
55,1,78,,BULK-00004,Brewmalt - Cup Frosted (Event/Bulk),1.00,true,1,Assembly,- Brewmalt - Cup Frosted (Event/Bulk),PORSI@150GR,"{""bomID"":78,""notes"":"""",""bomCode"":""BULK-00004"",""bomName"":""Brewmalt - Cup Frosted (Event/Bulk)"",""uomName"":""PORSI@150GR"",""bomTypeID"":1,""flagActive"":1,""bomTypeName"":""Assembly"",""productName"":""- Brewmalt - Cup Frosted (Event/Bulk)""}",2026-08-21 18:25:37.136637+00,2026-08-28 06:30:34.085877+00
56,1,99,,BRML-00002,Brewmalt Can,1.00,true,3,Menu,,,"{""bomID"":99,""notes"":"""",""bomCode"":""BRML-00002"",""bomName"":""Brewmalt Can"",""uomName"":null,""bomTypeID"":3,""flagActive"":1,""bomTypeName"":""Menu"",""productName"":null}",2026-08-21 18:25:37.136637+00,2026-08-28 06:30:34.085877+00
57,1,163,,SIDE-00020NEW,BROWNIES,1.00,true,3,Menu,,,"{""bomID"":163,""notes"":"""",""bomCode"":""SIDE-00020NEW"",""bomName"":""BROWNIES"",""uomName"":null,""bomTypeID"":3,""flagActive"":1,""bomTypeName"":""Menu"",""productName"":null}",2026-08-21 18:25:37.136637+00,2026-08-28 06:30:34.085877+00
58,1,225,,,Brownies Fudgy + Es Kopi Calf Premium,1.00,true,3,Menu,,,"{""bomID"":225,""notes"":"""",""bomCode"":"""",""bomName"":""Brownies Fudgy + Es Kopi Calf Premium"",""uomName"":null,""bomTypeID"":3,""flagActive"":1,""bomTypeName"":""Menu"",""productName"":null}",2026-08-21 18:25:37.136637+00,2026-08-28 06:30:34.085877+00
59,1,235,,BULK-00048,Bulk Order - Paket 1 (Bulk/Event),1.00,true,1,Assembly,- Bulk Order - Paket 1 (Bulk/Event),PAKET@12750GR,"{""bomID"":235,""notes"":"""",""bomCode"":""BULK-00048"",""bomName"":""Bulk Order - Paket 1 (Bulk/Event)"",""uomName"":""PAKET@12750GR"",""bomTypeID"":1,""flagActive"":1,""bomTypeName"":""Assembly"",""productName"":""- Bulk Order - Paket 1 (Bulk/Event)""}",2026-08-21 18:25:37.136637+00,2026-08-28 06:30:34.085877+00
60,1,236,,,Bulk Order - Paket 4 (Bulk/Event),1.00,true,1,Assembly,- Bulk Order - Paket 4 (Bulk/Event),PAKET@24750GR,"{""bomID"":236,""notes"":"""",""bomCode"":"""",""bomName"":""Bulk Order - Paket 4 (Bulk/Event)"",""uomName"":""PAKET@24750GR"",""bomTypeID"":1,""flagActive"":1,""bomTypeName"":""Assembly"",""productName"":""- Bulk Order - Paket 4 (Bulk/Event)""}",2026-08-21 18:25:37.136637+00,2026-08-28 06:30:34.085877+00
61,1,205,,PREM-002000,BUNDLING PROMO 2 LT PREM,1.00,true,3,Menu,,,"{""bomID"":205,""notes"":"""",""bomCode"":""PREM-002000"",""bomName"":""BUNDLING PROMO 2 LT PREM"",""uomName"":null,""bomTypeID"":3,""flagActive"":1,""bomTypeName"":""Menu"",""productName"":null}",2026-08-21 18:25:37.136637+00,2026-08-28 06:30:34.085877+00
62,1,206,,PREM-002001,BUNDLING PROMO 3 PREM CUP,1.00,true,3,Menu,,,"{""bomID"":206,""notes"":"""",""bomCode"":""PREM-002001"",""bomName"":""BUNDLING PROMO 3 PREM CUP"",""uomName"":null,""bomTypeID"":3,""flagActive"":1,""bomTypeName"":""Menu"",""productName"":null}",2026-08-21 18:25:37.136637+00,2026-08-28 06:30:34.085877+00
63,1,175,,MILK-00002,Butterscotch Cookies,1.00,true,3,Menu,,,"{""bomID"":175,""notes"":"""",""bomCode"":""MILK-00002"",""bomName"":""Butterscotch Cookies"",""uomName"":null,""bomTypeID"":3,""flagActive"":1,""bomTypeName"":""Menu"",""productName"":null}",2026-08-21 18:25:37.136637+00,2026-08-28 06:30:34.085877+00
64,1,172,,MCHT-00001,Butterscotch Macchiato,1.00,true,3,Menu,,,"{""bomID"":172,""notes"":"""",""bomCode"":""MCHT-00001"",""bomName"":""Butterscotch Macchiato"",""uomName"":null,""bomTypeID"":3,""flagActive"":1,""bomTypeName"":""Menu"",""productName"":null}",2026-08-21 18:25:37.136637+00,2026-08-28 06:30:34.085877+00
65,1,90,,MCHT-00003,Butterscotch Macchiato (Less Sugar),1.00,true,3,Menu,,,"{""bomID"":90,""notes"":"""",""bomCode"":""MCHT-00003"",""bomName"":""Butterscotch Macchiato (Less Sugar)"",""uomName"":null,""bomTypeID"":3,""flagActive"":1,""bomTypeName"":""Menu"",""productName"":null}",2026-08-21 18:25:37.136637+00,2026-08-28 06:30:34.085877+00
66,1,66,,BULK-00005,Butterscotch Macchiato - Cup Es (Event/Bulk),1.00,true,1,Assembly,- Butterscotch Macchiato - Cup Es (Event/Bulk),PORSI@195GR,"{""bomID"":66,""notes"":"""",""bomCode"":""BULK-00005"",""bomName"":""Butterscotch Macchiato - Cup Es (Event/Bulk)"",""uomName"":""PORSI@195GR"",""bomTypeID"":1,""flagActive"":1,""bomTypeName"":""Assembly"",""productName"":""- Butterscotch Macchiato - Cup Es (Event/Bulk)""}",2026-08-21 18:25:37.136637+00,2026-08-28 06:30:34.085877+00
67,1,256,,,Butterscotch Macchiato Tumbler,1.00,true,3,Menu,,,"{""bomID"":256,""notes"":"""",""bomCode"":"""",""bomName"":""Butterscotch Macchiato Tumbler"",""uomName"":null,""bomTypeID"":3,""flagActive"":1,""bomTypeName"":""Menu"",""productName"":null}",2026-08-21 18:25:37.136637+00,2026-08-28 06:30:34.085877+00
68,1,141,,MILK-00005,Butterscotch Rum,1.00,true,3,Menu,,,"{""bomID"":141,""notes"":"""",""bomCode"":""MILK-00005"",""bomName"":""Butterscotch Rum"",""uomName"":null,""bomTypeID"":3,""flagActive"":1,""bomTypeName"":""Menu"",""productName"":null}",2026-08-21 18:25:37.136637+00,2026-08-28 06:30:34.085877+00
69,1,242,,BULK-00056,Calf Chocolate - Can 250ml (Event/Bulk),1.00,true,1,Assembly,- Calf Chocolate - Can 250ml (Event/Bulk),PCS@250GR,"{""bomID"":242,""notes"":"""",""bomCode"":""BULK-00056"",""bomName"":""Calf Chocolate - Can 250ml (Event/Bulk)"",""uomName"":""PCS@250GR"",""bomTypeID"":1,""flagActive"":1,""bomTypeName"":""Assembly"",""productName"":""- Calf Chocolate - Can 250ml (Event/Bulk)""}",2026-08-21 18:25:37.136637+00,2026-08-28 06:30:34.085877+00
70,1,249,,BULK-00062,Calf Event - Paket 1 // Choco Only,1.00,true,1,Assembly,- Calf Event - Paket 1 // Chocolate Only (Event/Bulk),TANK@24000GR,"{""bomID"":249,""notes"":"""",""bomCode"":""BULK-00062"",""bomName"":""Calf Event - Paket 1 // Choco Only"",""uomName"":""TANK@24000GR"",""bomTypeID"":1,""flagActive"":1,""bomTypeName"":""Assembly"",""productName"":""- Calf Event - Paket 1 // Chocolate Only (Event/Bulk)""}",2026-08-21 18:25:37.136637+00,2026-08-28 06:30:34.085877+00
71,1,209,,BULK-00026,Calf Event - Paket 1 // Prem + Aromatic (24L),1.00,true,1,Assembly,- Calf Event - Paket 1 // Prem + Aromatic (Bulk/Event),TANK@24000GR,"{""bomID"":209,""notes"":"""",""bomCode"":""BULK-00026"",""bomName"":""Calf Event - Paket 1 // Prem + Aromatic (24L)"",""uomName"":""TANK@24000GR"",""bomTypeID"":1,""flagActive"":1,""bomTypeName"":""Assembly"",""productName"":""- Calf Event - Paket 1 // Prem + Aromatic (Bulk/Event)""}",2026-08-21 18:25:37.136637+00,2026-08-28 06:30:34.085877+00
72,1,208,,BULK-00025,Calf Event - Paket 1 // Prem + Choco (24L),1.00,true,1,Assembly,- Calf Event - Paket 1 // Prem + Choco (Bulk/Event),TANK@24000GR,"{""bomID"":208,""notes"":"""",""bomCode"":""BULK-00025"",""bomName"":""Calf Event - Paket 1 // Prem + Choco (24L)"",""uomName"":""TANK@24000GR"",""bomTypeID"":1,""flagActive"":1,""bomTypeName"":""Assembly"",""productName"":""- Calf Event - Paket 1 // Prem + Choco (Bulk/Event)""}",2026-08-21 18:25:37.136637+00,2026-08-28 06:30:34.085877+00
73,1,207,,BULK-00024,Calf Event - Paket 1 // Premium Only (24L),1.00,true,1,Assembly,- Calf Event - Paket 1 // Premium Only (Bulk/Event),TANK@24000GR,"{""bomID"":207,""notes"":"""",""bomCode"":""BULK-00024"",""bomName"":""Calf Event - Paket 1 // Premium Only (24L)"",""uomName"":""TANK@24000GR"",""bomTypeID"":1,""flagActive"":1,""bomTypeName"":""Assembly"",""productName"":""- Calf Event - Paket 1 // Premium Only (Bulk/Event)""}",2026-08-21 18:25:37.136637+00,2026-08-28 06:30:34.085877+00
74,1,210,,BULK-00027,Calf Event - Paket 2 // Premium (18L),1.00,true,1,Assembly,- Calf Event - Paket 2 // Premium (Bulk/Event),TANK@18000GR,"{""bomID"":210,""notes"":"""",""bomCode"":""BULK-00027"",""bomName"":""Calf Event - Paket 2 // Premium (18L)"",""uomName"":""TANK@18000GR"",""bomTypeID"":1,""flagActive"":1,""bomTypeName"":""Assembly"",""productName"":""- Calf Event - Paket 2 // Premium (Bulk/Event)""}",2026-08-21 18:25:37.136637+00,2026-08-28 06:30:34.085877+00
75,1,213,,BULK-00030,Calf Event - Paket 3 // Aromatic (330ml),1.00,true,1,Assembly,- Calf Event - Paket 3 // Aromatic Milktea (Bulk/Event),PAKET@33000GR,"{""bomID"":213,""notes"":"""",""bomCode"":""BULK-00030"",""bomName"":""Calf Event - Paket 3 // Aromatic (330ml)"",""uomName"":""PAKET@33000GR"",""bomTypeID"":1,""flagActive"":1,""bomTypeName"":""Assembly"",""productName"":""- Calf Event - Paket 3 // Aromatic Milktea (Bulk/Event)""}",2026-08-21 18:25:37.136637+00,2026-08-28 06:30:34.085877+00
76,1,211,,BULK-00028,Calf Event - Paket 3 // Premium (330ml),1.00,true,1,Assembly,- Calf Event - Paket 3 // Premium (Bulk/Event),PAKET@33000GR,"{""bomID"":211,""notes"":"""",""bomCode"":""BULK-00028"",""bomName"":""Calf Event - Paket 3 // Premium (330ml)"",""uomName"":""PAKET@33000GR"",""bomTypeID"":1,""flagActive"":1,""bomTypeName"":""Assembly"",""productName"":""- Calf Event - Paket 3 // Premium (Bulk/Event)""}",2026-08-21 18:25:37.136637+00,2026-08-28 06:30:34.085877+00
77,1,212,,BULK-00029,Calf Event - Paket 3 // Smooth Pistachio (330ml),1.00,true,1,Assembly,- Calf Event - Paket 3 // Smooth Pistachio (Bulk/Event),PAKET@33000GR,"{""bomID"":212,""notes"":"""",""bomCode"":""BULK-00029"",""bomName"":""Calf Event - Paket 3 // Smooth Pistachio (330ml)"",""uomName"":""PAKET@33000GR"",""bomTypeID"":1,""flagActive"":1,""bomTypeName"":""Assembly"",""productName"":""- Calf Event - Paket 3 // Smooth Pistachio (Bulk/Event)""}",2026-08-21 18:25:37.136637+00,2026-08-28 06:30:34.085877+00
78,1,214,,BULK-00031,Calf Event - Paket 4 // Premium (250ml),1.00,true,1,Assembly,- Calf Event - Paket 4 // Premium (250ml),PAKET@25000GR,"{""bomID"":214,""notes"":"""",""bomCode"":""BULK-00031"",""bomName"":""Calf Event - Paket 4 // Premium (250ml)"",""uomName"":""PAKET@25000GR"",""bomTypeID"":1,""flagActive"":1,""bomTypeName"":""Assembly"",""productName"":""- Calf Event - Paket 4 // Premium (250ml)""}",2026-08-21 18:25:37.136637+00,2026-08-28 06:30:34.085877+00
79,1,361,,BULK-00087,Calf Event Non Barista - Premium + Chocolate,1.00,true,1,Assembly,- Calf Event Non Barista // Premium + Chocolate,PAKET@22000GR,"{""bomID"":361,""notes"":"""",""bomCode"":""BULK-00087"",""bomName"":""Calf Event Non Barista - Premium + Chocolate"",""uomName"":""PAKET@22000GR"",""bomTypeID"":1,""flagActive"":1,""bomTypeName"":""Assembly"",""productName"":""- Calf Event Non Barista // Premium + Chocolate""}",2026-08-21 18:25:37.136637+00,2026-08-28 06:30:34.085877+00
80,1,360,,BULK-00086,Calf Event Non Barista - Premium Only,1.00,true,1,Assembly,- Calf Event Non Barista // Premium Only,PAKET@22000GR,"{""bomID"":360,""notes"":"""",""bomCode"":""BULK-00086"",""bomName"":""Calf Event Non Barista - Premium Only"",""uomName"":""PAKET@22000GR"",""bomTypeID"":1,""flagActive"":1,""bomTypeName"":""Assembly"",""productName"":""- Calf Event Non Barista // Premium Only""}",2026-08-21 18:25:37.136637+00,2026-08-28 06:30:34.085877+00
81,1,215,,BULK-00032,Calf Freeflow - Paket 1 // Premium (12L),1.00,true,1,Assembly,- Calf Freeflow - Paket 1 // Premium (Bulk/Event),TANK@12000GR,"{""bomID"":215,""notes"":"""",""bomCode"":""BULK-00032"",""bomName"":""Calf Freeflow - Paket 1 // Premium (12L)"",""uomName"":""TANK@12000GR"",""bomTypeID"":1,""flagActive"":1,""bomTypeName"":""Assembly"",""productName"":""- Calf Freeflow - Paket 1 // Premium (Bulk/Event)""}",2026-08-21 18:25:37.136637+00,2026-08-28 06:30:34.085877+00
82,1,217,,BULK-00034,Calf Freeflow - Paket 2 // Prem + Aromatic (12L),1.00,true,1,Assembly,- Calf Freeflow - Paket 2 // Premium + Aromatic (Bulk/Event),TANK@12000GR,"{""bomID"":217,""notes"":"""",""bomCode"":""BULK-00034"",""bomName"":""Calf Freeflow - Paket 2 // Prem + Aromatic (12L)"",""uomName"":""TANK@12000GR"",""bomTypeID"":1,""flagActive"":1,""bomTypeName"":""Assembly"",""productName"":""- Calf Freeflow - Paket 2 // Premium + Aromatic (Bulk/Event)""}",2026-08-21 18:25:37.136637+00,2026-08-28 06:30:34.085877+00
83,1,216,,BULK-00033,Calf Freeflow - Paket 2 // Premium + Choco (12L),1.00,true,1,Assembly,- Calf Freeflow - Paket 2 // Premium + Chocolate (Bulk/Event),TANK@12000GR,"{""bomID"":216,""notes"":"""",""bomCode"":""BULK-00033"",""bomName"":""Calf Freeflow - Paket 2 // Premium + Choco (12L)"",""uomName"":""TANK@12000GR"",""bomTypeID"":1,""flagActive"":1,""bomTypeName"":""Assembly"",""productName"":""- Calf Freeflow - Paket 2 // Premium + Chocolate (Bulk/Event)""}",2026-08-21 18:25:37.136637+00,2026-08-28 06:30:34.085877+00
84,1,283,,BULK-00072,Calf Iftar Raya - Matcha + Premium,1.00,true,1,Assembly,Calf Iftar Raya - Matcha + Premium (Bulk/Event),TANK@12000GR,"{""bomID"":283,""notes"":"""",""bomCode"":""BULK-00072"",""bomName"":""Calf Iftar Raya - Matcha + Premium"",""uomName"":""TANK@12000GR"",""bomTypeID"":1,""flagActive"":1,""bomTypeName"":""Assembly"",""productName"":""Calf Iftar Raya - Matcha + Premium (Bulk/Event)""}",2026-08-21 18:25:37.136637+00,2026-08-28 06:30:34.085877+00
85,1,359,,BULK-00084,Calf Lite - Premium + Berry Shot,1.00,true,1,Assembly,- Calf Lite // Premium + Berry Shot,PAKET@11000GR,"{""bomID"":359,""notes"":"""",""bomCode"":""BULK-00084"",""bomName"":""Calf Lite - Premium + Berry Shot"",""uomName"":""PAKET@11000GR"",""bomTypeID"":1,""flagActive"":1,""bomTypeName"":""Assembly"",""productName"":""- Calf Lite // Premium + Berry Shot""}",2026-08-21 18:25:37.136637+00,2026-08-28 06:30:34.085877+00
86,1,356,,BULK-00081,Calf Lite - Premium + Chocolate,1.00,true,1,Assembly,- Calf Lite - Premium + Chocolate,PAKET@11000GR,"{""bomID"":356,""notes"":"""",""bomCode"":""BULK-00081"",""bomName"":""Calf Lite - Premium + Chocolate"",""uomName"":""PAKET@11000GR"",""bomTypeID"":1,""flagActive"":1,""bomTypeName"":""Assembly"",""productName"":""- Calf Lite - Premium + Chocolate""}",2026-08-21 18:25:37.136637+00,2026-08-28 06:30:34.085877+00
87,1,358,,BULK-00083,Calf Lite - Premium + Classic Milktea,1.00,true,1,Assembly,- Calf Lite - Premium + Matcha,PAKET@11000GR,"{""bomID"":358,""notes"":"""",""bomCode"":""BULK-00083"",""bomName"":""Calf Lite - Premium + Classic Milktea"",""uomName"":""PAKET@11000GR"",""bomTypeID"":1,""flagActive"":1,""bomTypeName"":""Assembly"",""productName"":""- Calf Lite - Premium + Matcha""}",2026-08-21 18:25:37.136637+00,2026-08-28 06:30:34.085877+00
88,1,357,," BULK-00082",Calf Lite - Premium + Matcha,1.00,true,1,Assembly,- Calf Lite - Premium + Matcha,PAKET@11000GR,"{""bomID"":357,""notes"":"""",""bomCode"":"" BULK-00082"",""bomName"":""Calf Lite - Premium + Matcha"",""uomName"":""PAKET@11000GR"",""bomTypeID"":1,""flagActive"":1,""bomTypeName"":""Assembly"",""productName"":""- Calf Lite - Premium + Matcha""}",2026-08-21 18:25:37.136637+00,2026-08-28 06:30:34.085877+00
89,1,355,,BULK-00080,Calf Lite - Premium Only,1.00,true,1,Assembly,- Calf Lite // Premium Only,PAKET@11000GR,"{""bomID"":355,""notes"":"""",""bomCode"":""BULK-00080"",""bomName"":""Calf Lite - Premium Only"",""uomName"":""PAKET@11000GR"",""bomTypeID"":1,""flagActive"":1,""bomTypeName"":""Assembly"",""productName"":""- Calf Lite // Premium Only""}",2026-08-21 18:25:37.136637+00,2026-08-28 06:30:34.085877+00
90,1,353,,BULK-00079,Calf Plus - Premium + Berry Shot,1.00,true,1,Assembly,- Calf Plus // Premium + Berry Shot,PAKET@22000GR,"{""bomID"":353,""notes"":"""",""bomCode"":""BULK-00079"",""bomName"":""Calf Plus - Premium + Berry Shot"",""uomName"":""PAKET@22000GR"",""bomTypeID"":1,""flagActive"":1,""bomTypeName"":""Assembly"",""productName"":""- Calf Plus // Premium + Berry Shot""}",2026-08-21 18:25:37.136637+00,2026-08-28 06:30:34.085877+00
91,1,350,,BULK-00076,Calf Plus - Premium + Chocolate,1.00,true,1,Assembly,- Calf Plus // Premium + Chocolate,PAKET@22000GR,"{""bomID"":350,""notes"":"""",""bomCode"":""BULK-00076"",""bomName"":""Calf Plus - Premium + Chocolate"",""uomName"":""PAKET@22000GR"",""bomTypeID"":1,""flagActive"":1,""bomTypeName"":""Assembly"",""productName"":""- Calf Plus // Premium + Chocolate""}",2026-08-21 18:25:37.136637+00,2026-08-28 06:30:34.085877+00
92,1,352,,BULK-00078,Calf Plus - Premium + Classic Milktea,1.00,true,1,Assembly,- Calf Plus // Premium + Classic Milktea,PAKET@22000GR,"{""bomID"":352,""notes"":"""",""bomCode"":""BULK-00078"",""bomName"":""Calf Plus - Premium + Classic Milktea"",""uomName"":""PAKET@22000GR"",""bomTypeID"":1,""flagActive"":1,""bomTypeName"":""Assembly"",""productName"":""- Calf Plus // Premium + Classic Milktea""}",2026-08-21 18:25:37.136637+00,2026-08-28 06:30:34.085877+00
93,1,351,,BULK-00077,Calf Plus - Premium + Matcha,1.00,true,1,Assembly,- Calf Plus // Premium + Matcha,PCS@2200GR,"{""bomID"":351,""notes"":"""",""bomCode"":""BULK-00077"",""bomName"":""Calf Plus - Premium + Matcha"",""uomName"":""PCS@2200GR"",""bomTypeID"":1,""flagActive"":1,""bomTypeName"":""Assembly"",""productName"":""- Calf Plus // Premium + Matcha""}",2026-08-21 18:25:37.136637+00,2026-08-28 06:30:34.085877+00
94,1,349,,BULK-00075,Calf Plus - Premium Only,1.00,true,1,Assembly,- Calf Plus // Premium Only,PAKET@22000GR,"{""bomID"":349,""notes"":"""",""bomCode"":""BULK-00075"",""bomName"":""Calf Plus - Premium Only"",""uomName"":""PAKET@22000GR"",""bomTypeID"":1,""flagActive"":1,""bomTypeName"":""Assembly"",""productName"":""- Calf Plus // Premium Only""}",2026-08-21 18:25:37.136637+00,2026-08-28 06:30:34.085877+00
95,1,73,,BULK-00006,Calf Premium - Botol 1L (Event/Bulk),1.00,true,1,Assembly,- Calf Premium - Botol 1L (Event/Bulk),PORSI@1004GR,"{""bomID"":73,""notes"":"""",""bomCode"":""BULK-00006"",""bomName"":""Calf Premium - Botol 1L (Event/Bulk)"",""uomName"":""PORSI@1004GR"",""bomTypeID"":1,""flagActive"":1,""bomTypeName"":""Assembly"",""productName"":""- Calf Premium - Botol 1L (Event/Bulk)""}",2026-08-21 18:25:37.136637+00,2026-08-28 06:30:34.085877+00
96,1,67,,BULK-00007,Calf Premium - Can 250 (Event/Bulk),1.00,true,1,Assembly,- Calf Premium - Can 250 (Event/Bulk),PORSI@200GR,"{""bomID"":67,""notes"":"""",""bomCode"":""BULK-00007"",""bomName"":""Calf Premium - Can 250 (Event/Bulk)"",""uomName"":""PORSI@200GR"",""bomTypeID"":1,""flagActive"":1,""bomTypeName"":""Assembly"",""productName"":""- Calf Premium - Can 250 (Event/Bulk)""}",2026-08-21 18:25:37.136637+00,2026-08-28 06:30:34.085877+00
97,1,53,,BULK-00008,Calf Premium - Can 330 (Event/Bulk),1.00,true,1,Assembly,- Calf Premium - Can 330 (Event/Bulk),PORSI@314GR,"{""bomID"":53,""notes"":"""",""bomCode"":""BULK-00008"",""bomName"":""Calf Premium - Can 330 (Event/Bulk)"",""uomName"":""PORSI@314GR"",""bomTypeID"":1,""flagActive"":1,""bomTypeName"":""Assembly"",""productName"":""- Calf Premium - Can 330 (Event/Bulk)""}",2026-08-21 18:25:37.136637+00,2026-08-28 06:30:34.085877+00
98,1,54,,BULK-00009,Calf Premium - Cup Es 190ml (Event/Bulk),1.00,true,1,Assembly,- Calf Premium - Cup Es 190ml (Event/Bulk),PORSI@190GR,"{""bomID"":54,""notes"":"""",""bomCode"":""BULK-00009"",""bomName"":""Calf Premium - Cup Es 190ml (Event/Bulk)"",""uomName"":""PORSI@190GR"",""bomTypeID"":1,""flagActive"":1,""bomTypeName"":""Assembly"",""productName"":""- Calf Premium - Cup Es 190ml (Event/Bulk)""}",2026-08-21 18:25:37.136637+00,2026-08-28 06:30:34.085877+00
99,1,74,,BULK-00010,Calf Premium - Cup Hot 110ml (Event/Bulk),1.00,true,1,Assembly,- Calf Premium - Cup Hot 110ml (Event/Bulk),PORSI@110GR,"{""bomID"":74,""notes"":"""",""bomCode"":""BULK-00010"",""bomName"":""Calf Premium - Cup Hot 110ml (Event/Bulk)"",""uomName"":""PORSI@110GR"",""bomTypeID"":1,""flagActive"":1,""bomTypeName"":""Assembly"",""productName"":""- Calf Premium - Cup Hot 110ml (Event/Bulk)""}",2026-08-21 18:25:37.136637+00,2026-08-28 06:30:34.085877+00
100,1,237,,BULK-00050,Calf Premium - Fosted Cup (170ml) (Bulk/Event),1.00,true,1,Assembly,Calf Premium - Fosted Cup (170ml) (Bulk/Event),PORSI@170GR,"{""bomID"":237,""notes"":"""",""bomCode"":""BULK-00050"",""bomName"":""Calf Premium - Fosted Cup (170ml) (Bulk/Event)"",""uomName"":""PORSI@170GR"",""bomTypeID"":1,""flagActive"":1,""bomTypeName"":""Assembly"",""productName"":""Calf Premium - Fosted Cup (170ml) (Bulk/Event)""}",2026-08-21 18:25:37.136637+00,2026-08-28 06:30:34.085877+00
101,1,79,,BULK-00011,Calf Premium - Galon 5L (Event/Bulk),1.00,true,1,Assembly,- Calf Premium - Galon 5L (Event/Bulk),PORSI@5025GR,"{""bomID"":79,""notes"":"""",""bomCode"":""BULK-00011"",""bomName"":""Calf Premium - Galon 5L (Event/Bulk)"",""uomName"":""PORSI@5025GR"",""bomTypeID"":1,""flagActive"":1,""bomTypeName"":""Assembly"",""productName"":""- Calf Premium - Galon 5L (Event/Bulk)""}",2026-08-21 18:25:37.136637+00,2026-08-28 06:30:34.085877+00
102,1,197,,PREM-00002,Calf Premium Can,1.00,true,3,Menu,,,"{""bomID"":197,""notes"":"""",""bomCode"":""PREM-00002"",""bomName"":""Calf Premium Can"",""uomName"":null,""bomTypeID"":3,""flagActive"":1,""bomTypeName"":""Menu"",""productName"":null}",2026-08-21 18:25:37.136637+00,2026-08-28 06:30:34.085877+00
103,1,142,,PREM-00024,Calf Premium Can (Extra Sugar),1.00,true,3,Menu,,,"{""bomID"":142,""notes"":"""",""bomCode"":""PREM-00024"",""bomName"":""Calf Premium Can (Extra Sugar)"",""uomName"":null,""bomTypeID"":3,""flagActive"":1,""bomTypeName"":""Menu"",""productName"":null}",2026-08-21 18:25:37.136637+00,2026-08-28 06:30:34.085877+00
104,1,130,,PREM-00017,Calf Premium Can (Less Sugar),1.00,true,3,Menu,,,"{""bomID"":130,""notes"":"""",""bomCode"":""PREM-00017"",""bomName"":""Calf Premium Can (Less Sugar)"",""uomName"":null,""bomTypeID"":3,""flagActive"":1,""bomTypeName"":""Menu"",""productName"":null}",2026-08-21 18:25:37.136637+00,2026-08-28 06:30:34.085877+00
105,1,111,,PREM-00010,Calf Premium Can (No Sugar),1.00,true,3,Menu,,,"{""bomID"":111,""notes"":"""",""bomCode"":""PREM-00010"",""bomName"":""Calf Premium Can (No Sugar)"",""uomName"":null,""bomTypeID"":3,""flagActive"":1,""bomTypeName"":""Menu"",""productName"":null}",2026-08-21 18:25:37.136637+00,2026-08-28 06:30:34.085877+00
106,1,257,,,Calf Premium Can Tumbler,1.00,true,3,Menu,,,"{""bomID"":257,""notes"":"""",""bomCode"":"""",""bomName"":""Calf Premium Can Tumbler"",""uomName"":null,""bomTypeID"":3,""flagActive"":1,""bomTypeName"":""Menu"",""productName"":null}",2026-08-21 18:25:37.136637+00,2026-08-28 06:30:34.085877+00
107,1,186,,PREM-00008,Calf Premium Float,1.00,true,3,Menu,,,"{""bomID"":186,""notes"":"""",""bomCode"":""PREM-00008"",""bomName"":""Calf Premium Float"",""uomName"":null,""bomTypeID"":3,""flagActive"":1,""bomTypeName"":""Menu"",""productName"":null}",2026-08-21 18:25:37.136637+00,2026-08-28 06:30:34.085877+00
108,1,116,,PREM-00029,Calf Premium Float (Extra Sugar),1.00,true,3,Menu,,,"{""bomID"":116,""notes"":"""",""bomCode"":""PREM-00029"",""bomName"":""Calf Premium Float (Extra Sugar)"",""uomName"":null,""bomTypeID"":3,""flagActive"":1,""bomTypeName"":""Menu"",""productName"":null}",2026-08-21 18:25:37.136637+00,2026-08-28 06:30:34.085877+00
109,1,93,,PREM-00022,Calf Premium Float (Less Sugar),1.00,true,3,Menu,,,"{""bomID"":93,""notes"":"""",""bomCode"":""PREM-00022"",""bomName"":""Calf Premium Float (Less Sugar)"",""uomName"":null,""bomTypeID"":3,""flagActive"":1,""bomTypeName"":""Menu"",""productName"":null}",2026-08-21 18:25:37.136637+00,2026-08-28 06:30:34.085877+00
110,1,158,,PREM-00015,Calf Premium Float (No Sugar),1.00,true,3,Menu,,,"{""bomID"":158,""notes"":"""",""bomCode"":""PREM-00015"",""bomName"":""Calf Premium Float (No Sugar)"",""uomName"":null,""bomTypeID"":3,""flagActive"":1,""bomTypeName"":""Menu"",""productName"":null}",2026-08-21 18:25:37.136637+00,2026-08-28 06:30:34.085877+00
111,1,251,,BULK-00064,Calf Regular - Cup Es 190ml (Event/Bulk),1.00,true,1,Assembly,Calf Regular - Cup Es 190 ml (Event/Bulk),PORSI@190GR,"{""bomID"":251,""notes"":"""",""bomCode"":""BULK-00064"",""bomName"":""Calf Regular - Cup Es 190ml (Event/Bulk)"",""uomName"":""PORSI@190GR"",""bomTypeID"":1,""flagActive"":1,""bomTypeName"":""Assembly"",""productName"":""Calf Regular - Cup Es 190 ml (Event/Bulk)""}",2026-08-21 18:25:37.136637+00,2026-08-28 06:30:34.085877+00
112,1,277,,BULK-00068,Calf Signature (All Premium),1.00,true,1,Assembly,- Calf Signature // Premium Only (Bulk/Event),PAKET@44000GR,"{""bomID"":277,""notes"":"""",""bomCode"":""BULK-00068"",""bomName"":""Calf Signature (All Premium)"",""uomName"":""PAKET@44000GR"",""bomTypeID"":1,""flagActive"":1,""bomTypeName"":""Assembly"",""productName"":""- Calf Signature // Premium Only (Bulk/Event)""}",2026-08-21 18:25:37.136637+00,2026-08-28 06:30:34.085877+00
113,1,278,,BULK-00069,Calf Signature / Premium + Chocolate,1.00,true,1,Assembly,- Calf Signature // Premium + Chocolate (Bulk/Event),PAKET@44000GR,"{""bomID"":278,""notes"":"""",""bomCode"":""BULK-00069"",""bomName"":""Calf Signature / Premium + Chocolate"",""uomName"":""PAKET@44000GR"",""bomTypeID"":1,""flagActive"":1,""bomTypeName"":""Assembly"",""productName"":""- Calf Signature // Premium + Chocolate (Bulk/Event)""}",2026-08-21 18:25:37.136637+00,2026-08-28 06:30:34.085877+00
114,1,348,,BULK-00074,Calf Signature // Premium + Berry Shot,1.00,true,1,Assembly,Calf Signature // Premium + Berry Shot,PAKET@44000GR,"{""bomID"":348,""notes"":"""",""bomCode"":""BULK-00074"",""bomName"":""Calf Signature // Premium + Berry Shot"",""uomName"":""PAKET@44000GR"",""bomTypeID"":1,""flagActive"":1,""bomTypeName"":""Assembly"",""productName"":""Calf Signature // Premium + Berry Shot""}",2026-08-21 18:25:37.136637+00,2026-08-28 06:30:34.085877+00
115,1,279,,BULK-00070,Calf Signature // Premium + Classic Milktea,1.00,true,1,Assembly,- Calf Signature // Premium + Classic Milktea  (Bulk/Event),PAKET@44000GR,"{""bomID"":279,""notes"":"""",""bomCode"":""BULK-00070"",""bomName"":""Calf Signature // Premium + Classic Milktea"",""uomName"":""PAKET@44000GR"",""bomTypeID"":1,""flagActive"":1,""bomTypeName"":""Assembly"",""productName"":""- Calf Signature // Premium + Classic Milktea  (Bulk/Event)""}",2026-08-21 18:25:37.136637+00,2026-08-28 06:30:34.085877+00
116,1,280,,BULK-00071,Calf Signature // Premium + Matcha,1.00,true,1,Assembly,- Calf Signature // Premium + Matcha (Bulk/Event),PAKET@44000GR,"{""bomID"":280,""notes"":"""",""bomCode"":""BULK-00071"",""bomName"":""Calf Signature // Premium + Matcha"",""uomName"":""PAKET@44000GR"",""bomTypeID"":1,""flagActive"":1,""bomTypeName"":""Assembly"",""productName"":""- Calf Signature // Premium + Matcha (Bulk/Event)""}",2026-08-21 18:25:37.136637+00,2026-08-28 06:30:34.085877+00
117,1,250,,BULK-00063,Calf Tuktuk - Paket 1 (Event/Bulk),1.00,true,1,Assembly,Calf Tuktuk - Paket 1 (Bulk/Event),PAKET@25000GR,"{""bomID"":250,""notes"":"""",""bomCode"":""BULK-00063"",""bomName"":""Calf Tuktuk - Paket 1 (Event/Bulk)"",""uomName"":""PAKET@25000GR"",""bomTypeID"":1,""flagActive"":1,""bomTypeName"":""Assembly"",""productName"":""Calf Tuktuk - Paket 1 (Bulk/Event)""}",2026-08-21 18:25:37.136637+00,2026-08-28 06:30:34.085877+00
118,1,258,,,Can,1.00,true,3,Menu,,,"{""bomID"":258,""notes"":"""",""bomCode"":"""",""bomName"":""Can"",""uomName"":null,""bomTypeID"":3,""flagActive"":1,""bomTypeName"":""Menu"",""productName"":null}",2026-08-21 18:25:37.136637+00,2026-08-28 06:30:34.085877+00
119,1,171,,MILK-00001,Caramel Cookies,1.00,true,3,Menu,,,"{""bomID"":171,""notes"":"""",""bomCode"":""MILK-00001"",""bomName"":""Caramel Cookies"",""uomName"":null,""bomTypeID"":3,""flagActive"":1,""bomTypeName"":""Menu"",""productName"":null}",2026-08-21 18:25:37.136637+00,2026-08-28 06:30:34.085877+00
120,1,103,,FRPP-00003,Caramel Frappuccino,1.00,true,3,Menu,,,"{""bomID"":103,""notes"":"""",""bomCode"":""FRPP-00003"",""bomName"":""Caramel Frappuccino"",""uomName"":null,""bomTypeID"":3,""flagActive"":1,""bomTypeName"":""Menu"",""productName"":null}",2026-08-21 18:25:37.136637+00,2026-08-28 06:30:34.085877+00
121,1,108,,JFRS-00003,Caramel Jefferson,1.00,true,3,Menu,,,"{""bomID"":108,""notes"":"""",""bomCode"":""JFRS-00003"",""bomName"":""Caramel Jefferson"",""uomName"":null,""bomTypeID"":3,""flagActive"":1,""bomTypeName"":""Menu"",""productName"":null}",2026-08-21 18:25:37.136637+00,2026-08-28 06:30:34.085877+00
122,1,114,,MCHT-00002,Caramel Macchiato,1.00,true,3,Menu,,,"{""bomID"":114,""notes"":"""",""bomCode"":""MCHT-00002"",""bomName"":""Caramel Macchiato"",""uomName"":null,""bomTypeID"":3,""flagActive"":1,""bomTypeName"":""Menu"",""productName"":null}",2026-08-21 18:25:37.136637+00,2026-08-28 06:30:34.085877+00
123,1,149,,MCHT-00004,Caramel Macchiato (Less Sugar),1.00,true,3,Menu,,,"{""bomID"":149,""notes"":"""",""bomCode"":""MCHT-00004"",""bomName"":""Caramel Macchiato (Less Sugar)"",""uomName"":null,""bomTypeID"":3,""flagActive"":1,""bomTypeName"":""Menu"",""productName"":null}",2026-08-21 18:25:37.136637+00,2026-08-28 06:30:34.085877+00
124,1,60,,BULK-00012,Caramel Macchiato - Cup Es (Event/Bulk),1.00,true,1,Assembly,- Caramel Macchiato - Cup Es (Event/Bulk),PORSI@195GR,"{""bomID"":60,""notes"":"""",""bomCode"":""BULK-00012"",""bomName"":""Caramel Macchiato - Cup Es (Event/Bulk)"",""uomName"":""PORSI@195GR"",""bomTypeID"":1,""flagActive"":1,""bomTypeName"":""Assembly"",""productName"":""- Caramel Macchiato - Cup Es (Event/Bulk)""}",2026-08-21 18:25:37.136637+00,2026-08-28 06:30:34.085877+00
125,1,259,,,Caramel Macchiato Tumbler,1.00,true,3,Menu,,,"{""bomID"":259,""notes"":"""",""bomCode"":"""",""bomName"":""Caramel Macchiato Tumbler"",""uomName"":null,""bomTypeID"":3,""flagActive"":1,""bomTypeName"":""Menu"",""productName"":null}",2026-08-21 18:25:37.136637+00,2026-08-28 06:30:34.085877+00
126,1,109,,SIDE-00001,Caramel Pudding,1.00,true,3,Menu,,,"{""bomID"":109,""notes"":"""",""bomCode"":""SIDE-00001"",""bomName"":""Caramel Pudding"",""uomName"":null,""bomTypeID"":3,""flagActive"":1,""bomTypeName"":""Menu"",""productName"":null}",2026-08-21 18:25:37.136637+00,2026-08-28 06:30:34.085877+00
127,1,159,,MILK-00004,Caramel Rum,1.00,true,3,Menu,,,"{""bomID"":159,""notes"":"""",""bomCode"":""MILK-00004"",""bomName"":""Caramel Rum"",""uomName"":null,""bomTypeID"":3,""flagActive"":1,""bomTypeName"":""Menu"",""productName"":null}",2026-08-21 18:25:37.136637+00,2026-08-28 06:30:34.085877+00
128,1,182,,SIDE-00002NEW,CHEEZE FRIES,1.00,true,3,Menu,,,"{""bomID"":182,""notes"":"""",""bomCode"":""SIDE-00002NEW"",""bomName"":""CHEEZE FRIES"",""uomName"":null,""bomTypeID"":3,""flagActive"":1,""bomTypeName"":""Menu"",""productName"":null}",2026-08-21 18:25:37.136637+00,2026-08-28 06:30:34.085877+00
129,1,336,,SDISH-098-NEW,CHICKEN CREAMY GARLIC - NASI,1.00,true,3,Menu,,,"{""bomID"":336,""notes"":"""",""bomCode"":""SDISH-098-NEW"",""bomName"":""CHICKEN CREAMY GARLIC - NASI"",""uomName"":null,""bomTypeID"":3,""flagActive"":1,""bomTypeName"":""Menu"",""productName"":null}",2026-08-21 18:25:37.136637+00,2026-08-28 06:30:34.085877+00
130,1,325,,SDISH-012-NEW,CHICKEN FINGER,1.00,true,3,Menu,,,"{""bomID"":325,""notes"":"""",""bomCode"":""SDISH-012-NEW"",""bomName"":""CHICKEN FINGER"",""uomName"":null,""bomTypeID"":3,""flagActive"":1,""bomTypeName"":""Menu"",""productName"":null}",2026-08-21 18:25:37.136637+00,2026-08-28 06:30:34.085877+00
131,1,314,,SIDE-00023,CHICKEN FINGER BUFFALO,1.00,true,3,Menu,,,"{""bomID"":314,""notes"":"""",""bomCode"":""SIDE-00023"",""bomName"":""CHICKEN FINGER BUFFALO"",""uomName"":null,""bomTypeID"":3,""flagActive"":1,""bomTypeName"":""Menu"",""productName"":null}",2026-08-21 18:25:37.136637+00,2026-08-28 06:30:34.085877+00
132,1,324,,SDISH-010-NEW,CHICKEN KARAAGE,1.00,true,3,Menu,,,"{""bomID"":324,""notes"":"""",""bomCode"":""SDISH-010-NEW"",""bomName"":""CHICKEN KARAAGE"",""uomName"":null,""bomTypeID"":3,""flagActive"":1,""bomTypeName"":""Menu"",""productName"":null}",2026-08-21 18:25:37.136637+00,2026-08-28 06:30:34.085877+00
133,1,315,,SIDE-00024,CHICKEN KARAGE,1.00,true,3,Menu,,,"{""bomID"":315,""notes"":"""",""bomCode"":""SIDE-00024"",""bomName"":""CHICKEN KARAGE"",""uomName"":null,""bomTypeID"":3,""flagActive"":1,""bomTypeName"":""Menu"",""productName"":null}",2026-08-21 18:25:37.136637+00,2026-08-28 06:30:34.085877+00
134,1,338,,SDISH-0110-NEW,CHICKEN MUSHROOM TRUFFLE - NASI,1.00,true,3,Menu,,,"{""bomID"":338,""notes"":"""",""bomCode"":""SDISH-0110-NEW"",""bomName"":""CHICKEN MUSHROOM TRUFFLE - NASI"",""uomName"":null,""bomTypeID"":3,""flagActive"":1,""bomTypeName"":""Menu"",""productName"":null}",2026-08-21 18:25:37.136637+00,2026-08-28 06:30:34.085877+00
135,1,157,,MAIN-00006,Chicken Rice Creamy Garlic,1.00,true,3,Menu,,,"{""bomID"":157,""notes"":"""",""bomCode"":""MAIN-00006"",""bomName"":""Chicken Rice Creamy Garlic"",""uomName"":null,""bomTypeID"":3,""flagActive"":1,""bomTypeName"":""Menu"",""productName"":null}",2026-08-21 18:25:37.136637+00,2026-08-28 06:30:34.085877+00
136,1,87,,MAIN-00007,Chicken Rice Mushroom Truffle,1.00,true,3,Menu,,,"{""bomID"":87,""notes"":"""",""bomCode"":""MAIN-00007"",""bomName"":""Chicken Rice Mushroom Truffle"",""uomName"":null,""bomTypeID"":3,""flagActive"":1,""bomTypeName"":""Menu"",""productName"":null}",2026-08-21 18:25:37.136637+00,2026-08-28 06:30:34.085877+00
137,1,311,,SIDE-00021,Choco Cheese Spread Toast,1.00,true,3,Menu,,,"{""bomID"":311,""notes"":"""",""bomCode"":""SIDE-00021"",""bomName"":""Choco Cheese Spread Toast"",""uomName"":null,""bomTypeID"":3,""flagActive"":1,""bomTypeName"":""Menu"",""productName"":null}",2026-08-21 18:25:37.136637+00,2026-08-28 06:30:34.085877+00
138,1,307,,,CLASSIC MILK TEA,1.00,true,3,Menu,,,"{""bomID"":307,""notes"":"""",""bomCode"":"""",""bomName"":""CLASSIC MILK TEA"",""uomName"":null,""bomTypeID"":3,""flagActive"":1,""bomTypeName"":""Menu"",""productName"":null}",2026-08-21 18:25:37.136637+00,2026-08-28 06:30:34.085877+00
139,1,343,,BULK-70,Classic Milk Tea - Cup Hot 110ml (Event/Bulk),1.00,true,1,Assembly,- Classic Milk Tea - Cup Hot 110ml (Event/Bulk),PORSI@110GR,"{""bomID"":343,""notes"":"""",""bomCode"":""BULK-70"",""bomName"":""Classic Milk Tea - Cup Hot 110ml (Event/Bulk)"",""uomName"":""PORSI@110GR"",""bomTypeID"":1,""flagActive"":1,""bomTypeName"":""Assembly"",""productName"":""- Classic Milk Tea - Cup Hot 110ml (Event/Bulk)""}",2026-08-21 18:25:37.136637+00,2026-08-28 06:30:34.085877+00
140,1,286,,SPEC-00014,Coconut Orange,1.00,true,3,Menu,,,"{""bomID"":286,""notes"":"""",""bomCode"":""SPEC-00014"",""bomName"":""Coconut Orange"",""uomName"":null,""bomTypeID"":3,""flagActive"":1,""bomTypeName"":""Menu"",""productName"":null}",2026-08-21 18:25:37.136637+00,2026-08-28 06:30:34.085877+00
141,1,263,,,Coffee Beer,1.00,true,3,Menu,,,"{""bomID"":263,""notes"":"""",""bomCode"":"""",""bomName"":""Coffee Beer"",""uomName"":null,""bomTypeID"":3,""flagActive"":1,""bomTypeName"":""Menu"",""productName"":null}",2026-08-21 18:25:37.136637+00,2026-08-28 06:30:34.085877+00
142,1,227,,SPEC-00011,Cold Brew Peach,1.00,true,3,Menu,,,"{""bomID"":227,""notes"":"""",""bomCode"":""SPEC-00011"",""bomName"":""Cold Brew Peach"",""uomName"":null,""bomTypeID"":3,""flagActive"":1,""bomTypeName"":""Menu"",""productName"":null}",2026-08-21 18:25:37.136637+00,2026-08-28 06:30:34.085877+00
143,1,80,,BULK-00013,Cold Brew Plain - Cup Hot 110ml (Event/Bulk),1.00,true,1,Assembly,- Cold Brew Plain - Cup Hot 110ml (Event/Bulk),PORSI@110GR,"{""bomID"":80,""notes"":"""",""bomCode"":""BULK-00013"",""bomName"":""Cold Brew Plain - Cup Hot 110ml (Event/Bulk)"",""uomName"":""PORSI@110GR"",""bomTypeID"":1,""flagActive"":1,""bomTypeName"":""Assembly"",""productName"":""- Cold Brew Plain - Cup Hot 110ml (Event/Bulk)""}",2026-08-21 18:25:37.136637+00,2026-08-28 06:30:34.085877+00
144,1,246,,BULK-00059,Coldberries - 170ml (Event/Bulk),1.00,true,1,Assembly,Coldberries - 170ml (Event/Bulk),PORSI@170GR,"{""bomID"":246,""notes"":"""",""bomCode"":""BULK-00059"",""bomName"":""Coldberries - 170ml (Event/Bulk)"",""uomName"":""PORSI@170GR"",""bomTypeID"":1,""flagActive"":1,""bomTypeName"":""Assembly"",""productName"":""Coldberries - 170ml (Event/Bulk)""}",2026-08-21 18:25:37.136637+00,2026-08-28 06:30:34.085877+00
145,1,63,,CRMR-00001,CREAMER LIQUID,1.00,true,1,Assembly,CREAMER LIQUID,KG@1000GR,"{""bomID"":63,""notes"":"""",""bomCode"":""CRMR-00001"",""bomName"":""CREAMER LIQUID"",""uomName"":""KG@1000GR"",""bomTypeID"":1,""flagActive"":1,""bomTypeName"":""Assembly"",""productName"":""CREAMER LIQUID""}",2026-08-21 18:25:37.136637+00,2026-08-28 06:30:34.085877+00
146,1,260,,,Cup Es,1.00,true,3,Menu,,,"{""bomID"":260,""notes"":"""",""bomCode"":"""",""bomName"":""Cup Es"",""uomName"":null,""bomTypeID"":3,""flagActive"":1,""bomTypeName"":""Menu"",""productName"":null}",2026-08-21 18:25:37.136637+00,2026-08-28 06:30:34.085877+00
147,1,261,,,Cup Frosted,1.00,true,3,Menu,,,"{""bomID"":261,""notes"":"""",""bomCode"":"""",""bomName"":""Cup Frosted"",""uomName"":null,""bomTypeID"":3,""flagActive"":1,""bomTypeName"":""Menu"",""productName"":null}",2026-08-21 18:25:37.136637+00,2026-08-28 06:30:34.085877+00
148,1,312,,,Cup HOT,1.00,true,3,Menu,,,"{""bomID"":312,""notes"":"""",""bomCode"":"""",""bomName"":""Cup HOT"",""uomName"":null,""bomTypeID"":3,""flagActive"":1,""bomTypeName"":""Menu"",""productName"":null}",2026-08-21 18:25:37.136637+00,2026-08-28 06:30:34.085877+00
149,1,262,,,Cup Jeff,1.00,true,3,Menu,,,"{""bomID"":262,""notes"":"""",""bomCode"":"""",""bomName"":""Cup Jeff"",""uomName"":null,""bomTypeID"":3,""flagActive"":1,""bomTypeName"":""Menu"",""productName"":null}",2026-08-21 18:25:37.136637+00,2026-08-28 06:30:34.085877+00
150,1,198,,FRPP-00001,Dark Choco Frappuccino,1.00,true,3,Menu,,,"{""bomID"":198,""notes"":"""",""bomCode"":""FRPP-00001"",""bomName"":""Dark Choco Frappuccino"",""uomName"":null,""bomTypeID"":3,""flagActive"":1,""bomTypeName"":""Menu"",""productName"":null}",2026-08-21 18:25:37.136637+00,2026-08-28 06:30:34.085877+00
151,1,190,,SIDE-00009,Dimsum,1.00,true,3,Menu,,,"{""bomID"":190,""notes"":"""",""bomCode"":""SIDE-00009"",""bomName"":""Dimsum"",""uomName"":null,""bomTypeID"":3,""flagActive"":1,""bomTypeName"":""Menu"",""productName"":null}",2026-08-21 18:25:37.136637+00,2026-08-28 06:30:34.085877+00
152,1,247,,BULK-00060,Dimsum (Bulk/event),1.00,true,1,Assembly,Dimsum (Bulk/Event),PORSI@4PCS,"{""bomID"":247,""notes"":"""",""bomCode"":""BULK-00060"",""bomName"":""Dimsum (Bulk/event)"",""uomName"":""PORSI@4PCS"",""bomTypeID"":1,""flagActive"":1,""bomTypeName"":""Assembly"",""productName"":""Dimsum (Bulk/Event)""}",2026-08-21 18:25:37.136637+00,2026-08-28 06:30:34.085877+00
153,1,304,,SIDE-00018,Dimsum Goreng Mentai,1.00,true,3,Menu,,,"{""bomID"":304,""notes"":"""",""bomCode"":""SIDE-00018"",""bomName"":""Dimsum Goreng Mentai"",""uomName"":null,""bomTypeID"":3,""flagActive"":1,""bomTypeName"":""Menu"",""productName"":null}",2026-08-21 18:25:37.136637+00,2026-08-28 06:30:34.085877+00
154,1,333,,SDISH-021-NEW,DIMSUM GORENG MENTAI NEW,1.00,true,3,Menu,,,"{""bomID"":333,""notes"":"""",""bomCode"":""SDISH-021-NEW"",""bomName"":""DIMSUM GORENG MENTAI NEW"",""uomName"":null,""bomTypeID"":3,""flagActive"":1,""bomTypeName"":""Menu"",""productName"":null}",2026-08-21 18:25:37.136637+00,2026-08-28 06:30:34.085877+00
155,1,334,,SDISH-022-NEW,DIMSUM GORENG MOZA,1.00,true,3,Menu,,,"{""bomID"":334,""notes"":"""",""bomCode"":""SDISH-022-NEW"",""bomName"":""DIMSUM GORENG MOZA"",""uomName"":null,""bomTypeID"":3,""flagActive"":1,""bomTypeName"":""Menu"",""productName"":null}",2026-08-21 18:25:37.136637+00,2026-08-28 06:30:34.085877+00
156,1,305,,SIDE-00019,Dimsum Goreng Mozzarella,1.00,true,3,Menu,,,"{""bomID"":305,""notes"":"""",""bomCode"":""SIDE-00019"",""bomName"":""Dimsum Goreng Mozzarella"",""uomName"":null,""bomTypeID"":3,""flagActive"":1,""bomTypeName"":""Menu"",""productName"":null}",2026-08-21 18:25:37.136637+00,2026-08-28 06:30:34.085877+00
157,1,331,,SDISH-019-NEW,DIMSUM GORENG ORI,1.00,true,3,Menu,,,"{""bomID"":331,""notes"":"""",""bomCode"":""SDISH-019-NEW"",""bomName"":""DIMSUM GORENG ORI"",""uomName"":null,""bomTypeID"":3,""flagActive"":1,""bomTypeName"":""Menu"",""productName"":null}",2026-08-21 18:25:37.136637+00,2026-08-28 06:30:34.085877+00
158,1,303,,SIDE-00017,Dimsum Goreng Original,1.00,true,3,Menu,,,"{""bomID"":303,""notes"":"""",""bomCode"":""SIDE-00017"",""bomName"":""Dimsum Goreng Original"",""uomName"":null,""bomTypeID"":3,""flagActive"":1,""bomTypeName"":""Menu"",""productName"":null}",2026-08-21 18:25:37.136637+00,2026-08-28 06:30:34.085877+00
159,1,332,,SDISH-020-NEW,DIMSUM GORENG TAR,1.00,true,3,Menu,,,"{""bomID"":332,""notes"":"""",""bomCode"":""SDISH-020-NEW"",""bomName"":""DIMSUM GORENG TAR"",""uomName"":null,""bomTypeID"":3,""flagActive"":1,""bomTypeName"":""Menu"",""productName"":null}",2026-08-21 18:25:37.136637+00,2026-08-28 06:30:34.085877+00
160,1,306,,SIDE-00021,Dimsum Goreng Tartar,1.00,true,3,Menu,,,"{""bomID"":306,""notes"":"""",""bomCode"":""SIDE-00021"",""bomName"":""Dimsum Goreng Tartar"",""uomName"":null,""bomTypeID"":3,""flagActive"":1,""bomTypeName"":""Menu"",""productName"":null}",2026-08-21 18:25:37.136637+00,2026-08-28 06:30:34.085877+00
161,1,192,,SIDE-00010,Dimsum Mentai,1.00,true,3,Menu,,,"{""bomID"":192,""notes"":"""",""bomCode"":""SIDE-00010"",""bomName"":""Dimsum Mentai"",""uomName"":null,""bomTypeID"":3,""flagActive"":1,""bomTypeName"":""Menu"",""productName"":null}",2026-08-21 18:25:37.136637+00,2026-08-28 06:30:34.085877+00
162,1,329,,SDISH-016-NEW,DIMSUM MENTAI NEW,1.00,true,3,Menu,,,"{""bomID"":329,""notes"":"""",""bomCode"":""SDISH-016-NEW"",""bomName"":""DIMSUM MENTAI NEW"",""uomName"":null,""bomTypeID"":3,""flagActive"":1,""bomTypeName"":""Menu"",""productName"":null}",2026-08-21 18:25:37.136637+00,2026-08-28 06:30:34.085877+00
163,1,327,,SDISH-014-NEW,DIMSUM MOZARELA,1.00,true,3,Menu,,,"{""bomID"":327,""notes"":"""",""bomCode"":""SDISH-014-NEW"",""bomName"":""DIMSUM MOZARELA"",""uomName"":null,""bomTypeID"":3,""flagActive"":1,""bomTypeName"":""Menu"",""productName"":null}",2026-08-21 18:25:37.136637+00,2026-08-28 06:30:34.085877+00
164,1,183,,SIDE-00011,Dimsum Mozarella,1.00,true,3,Menu,,,"{""bomID"":183,""notes"":"""",""bomCode"":""SIDE-00011"",""bomName"":""Dimsum Mozarella"",""uomName"":null,""bomTypeID"":3,""flagActive"":1,""bomTypeName"":""Menu"",""productName"":null}",2026-08-21 18:25:37.136637+00,2026-08-28 06:30:34.085877+00
165,1,309,,,Dimsum Nori,1.00,true,3,Menu,,,"{""bomID"":309,""notes"":"""",""bomCode"":"""",""bomName"":""Dimsum Nori"",""uomName"":null,""bomTypeID"":3,""flagActive"":1,""bomTypeName"":""Menu"",""productName"":null}",2026-08-21 18:25:37.136637+00,2026-08-28 06:30:34.085877+00
166,1,330,,SDISH-017-NEW,DIMSUM NORI NEW,1.00,true,3,Menu,,,"{""bomID"":330,""notes"":"""",""bomCode"":""SDISH-017-NEW"",""bomName"":""DIMSUM NORI NEW"",""uomName"":null,""bomTypeID"":3,""flagActive"":1,""bomTypeName"":""Menu"",""productName"":null}",2026-08-21 18:25:37.136637+00,2026-08-28 06:30:34.085877+00
167,1,326,,SDISH-013-NEW,DIMSUM ORIGINAL,1.00,true,3,Menu,,,"{""bomID"":326,""notes"":"""",""bomCode"":""SDISH-013-NEW"",""bomName"":""DIMSUM ORIGINAL"",""uomName"":null,""bomTypeID"":3,""flagActive"":1,""bomTypeName"":""Menu"",""productName"":null}",2026-08-21 18:25:37.136637+00,2026-08-28 06:30:34.085877+00
168,1,232,,SIDE-00025,Dimsum Tartar,1.00,true,3,Menu,,,"{""bomID"":232,""notes"":"""",""bomCode"":""SIDE-00025"",""bomName"":""Dimsum Tartar"",""uomName"":null,""bomTypeID"":3,""flagActive"":1,""bomTypeName"":""Menu"",""productName"":null}",2026-08-21 18:25:37.136637+00,2026-08-28 06:30:34.085877+00
169,1,328,,SDISH-015-NEW,DIMSUM TARTAR NEW,1.00,true,3,Menu,,,"{""bomID"":328,""notes"":"""",""bomCode"":""SDISH-015-NEW"",""bomName"":""DIMSUM TARTAR NEW"",""uomName"":null,""bomTypeID"":3,""flagActive"":1,""bomTypeName"":""Menu"",""productName"":null}",2026-08-21 18:25:37.136637+00,2026-08-28 06:30:34.085877+00
170,1,199,,DRTY-00002,Dirty Matcha,1.00,true,3,Menu,,,"{""bomID"":199,""notes"":"""",""bomCode"":""DRTY-00002"",""bomName"":""Dirty Matcha"",""uomName"":null,""bomTypeID"":3,""flagActive"":1,""bomTypeName"":""Menu"",""productName"":null}",2026-08-21 18:25:37.136637+00,2026-08-28 06:30:34.085877+00
171,1,131,,DRTY-00003,Dirty Mocca,1.00,true,3,Menu,,,"{""bomID"":131,""notes"":"""",""bomCode"":""DRTY-00003"",""bomName"":""Dirty Mocca"",""uomName"":null,""bomTypeID"":3,""flagActive"":1,""bomTypeName"":""Menu"",""productName"":null}",2026-08-21 18:25:37.136637+00,2026-08-28 06:30:34.085877+00
172,1,168,,PREM-00001,Es Kopi Calf Premium,1.00,true,3,Menu,,,"{""bomID"":168,""notes"":"""",""bomCode"":""PREM-00001"",""bomName"":""Es Kopi Calf Premium"",""uomName"":null,""bomTypeID"":3,""flagActive"":1,""bomTypeName"":""Menu"",""productName"":null}",2026-08-21 18:25:37.136637+00,2026-08-28 06:30:34.085877+00
173,1,85,,PREM-00023,Es Kopi Calf Premium (Extra Sugar),1.00,true,3,Menu,,,"{""bomID"":85,""notes"":"""",""bomCode"":""PREM-00023"",""bomName"":""Es Kopi Calf Premium (Extra Sugar)"",""uomName"":null,""bomTypeID"":3,""flagActive"":1,""bomTypeName"":""Menu"",""productName"":null}",2026-08-21 18:25:37.136637+00,2026-08-28 06:30:34.085877+00
174,1,167,,PREM-00016,Es Kopi Calf Premium (Less Sugar),1.00,true,3,Menu,,,"{""bomID"":167,""notes"":"""",""bomCode"":""PREM-00016"",""bomName"":""Es Kopi Calf Premium (Less Sugar)"",""uomName"":null,""bomTypeID"":3,""flagActive"":1,""bomTypeName"":""Menu"",""productName"":null}",2026-08-21 18:25:37.136637+00,2026-08-28 06:30:34.085877+00
175,1,155,,PREM-00009,Es Kopi Calf Premium (No Sugar),1.00,true,3,Menu,,,"{""bomID"":155,""notes"":"""",""bomCode"":""PREM-00009"",""bomName"":""Es Kopi Calf Premium (No Sugar)"",""uomName"":null,""bomTypeID"":3,""flagActive"":1,""bomTypeName"":""Menu"",""productName"":null}",2026-08-21 18:25:37.136637+00,2026-08-28 06:30:34.085877+00
176,1,64,,PREM-00030,Es Kopi Calf Premium - COTR (145ml),1.00,true,1,Assembly,Es Kopi Calf Premium - COTR (145ml),PORSI@145GR,"{""bomID"":64,""notes"":"""",""bomCode"":""PREM-00030"",""bomName"":""Es Kopi Calf Premium - COTR (145ml)"",""uomName"":""PORSI@145GR"",""bomTypeID"":1,""flagActive"":1,""bomTypeName"":""Assembly"",""productName"":""Es Kopi Calf Premium - COTR (145ml)""}",2026-08-21 18:25:37.136637+00,2026-08-28 06:30:34.085877+00
177,1,264,,,Es Kopi Calf Premium Tumbler,1.00,true,3,Menu,,,"{""bomID"":264,""notes"":"""",""bomCode"":"""",""bomName"":""Es Kopi Calf Premium Tumbler"",""uomName"":null,""bomTypeID"":3,""flagActive"":1,""bomTypeName"":""Menu"",""productName"":null}",2026-08-21 18:25:37.136637+00,2026-08-28 06:30:34.085877+00
178,1,127,,REGU-00001,Es Kopi Calf Regular,1.00,true,3,Menu,,,"{""bomID"":127,""notes"":"""",""bomCode"":""REGU-00001"",""bomName"":""Es Kopi Calf Regular"",""uomName"":null,""bomTypeID"":3,""flagActive"":1,""bomTypeName"":""Menu"",""productName"":null}",2026-08-21 18:25:37.136637+00,2026-08-28 06:30:34.085877+00
179,1,118,,REGU-00007,Es Kopi Calf Regular (Extra Sugar),1.00,true,3,Menu,,,"{""bomID"":118,""notes"":"""",""bomCode"":""REGU-00007"",""bomName"":""Es Kopi Calf Regular (Extra Sugar)"",""uomName"":null,""bomTypeID"":3,""flagActive"":1,""bomTypeName"":""Menu"",""productName"":null}",2026-08-21 18:25:37.136637+00,2026-08-28 06:30:34.085877+00
180,1,187,,REGU-00005,Es Kopi Calf Regular (Less Sugar),1.00,true,3,Menu,,,"{""bomID"":187,""notes"":"""",""bomCode"":""REGU-00005"",""bomName"":""Es Kopi Calf Regular (Less Sugar)"",""uomName"":null,""bomTypeID"":3,""flagActive"":1,""bomTypeName"":""Menu"",""productName"":null}",2026-08-21 18:25:37.136637+00,2026-08-28 06:30:34.085877+00
181,1,82,,REGU-00003,Es Kopi Calf Regular (No Sugar),1.00,true,3,Menu,,,"{""bomID"":82,""notes"":"""",""bomCode"":""REGU-00003"",""bomName"":""Es Kopi Calf Regular (No Sugar)"",""uomName"":null,""bomTypeID"":3,""flagActive"":1,""bomTypeName"":""Menu"",""productName"":null}",2026-08-21 18:25:37.136637+00,2026-08-28 06:30:34.085877+00
182,1,265,,,Es Kopi Calf Regular Tumbler,1.00,true,3,Menu,,,"{""bomID"":265,""notes"":"""",""bomCode"":"""",""bomName"":""Es Kopi Calf Regular Tumbler"",""uomName"":null,""bomTypeID"":3,""flagActive"":1,""bomTypeName"":""Menu"",""productName"":null}",2026-08-21 18:25:37.136637+00,2026-08-28 06:30:34.085877+00
183,1,231,,SHOT-00002,Espresso Double Shot,1.00,true,3,Menu,,,"{""bomID"":231,""notes"":"""",""bomCode"":""SHOT-00002"",""bomName"":""Espresso Double Shot"",""uomName"":null,""bomTypeID"":3,""flagActive"":1,""bomTypeName"":""Menu"",""productName"":null}",2026-08-21 18:25:37.136637+00,2026-08-28 06:30:34.085877+00
184,1,56,,ESPR-00001,ESPRESSO PREMIUM,1.00,true,1,Assembly,ESPRESSO PREMIUM,KG@1000GR,"{""bomID"":56,""notes"":"""",""bomCode"":""ESPR-00001"",""bomName"":""ESPRESSO PREMIUM"",""uomName"":""KG@1000GR"",""bomTypeID"":1,""flagActive"":1,""bomTypeName"":""Assembly"",""productName"":""ESPRESSO PREMIUM""}",2026-08-21 18:25:37.136637+00,2026-08-28 06:30:34.085877+00
185,1,50,,ESPR-00002,ESPRESSO REGULER,1.00,true,1,Assembly,ESPRESSO REGULER,KG@1000GR,"{""bomID"":50,""notes"":"""",""bomCode"":""ESPR-00002"",""bomName"":""ESPRESSO REGULER"",""uomName"":""KG@1000GR"",""bomTypeID"":1,""flagActive"":1,""bomTypeName"":""Assembly"",""productName"":""ESPRESSO REGULER""}",2026-08-21 18:25:37.136637+00,2026-08-28 06:30:34.085877+00
186,1,230,,SHOT-00001,Espresso Single Shot,1.00,true,3,Menu,,,"{""bomID"":230,""notes"":"""",""bomCode"":""SHOT-00001"",""bomName"":""Espresso Single Shot"",""uomName"":null,""bomTypeID"":3,""flagActive"":1,""bomTypeName"":""Menu"",""productName"":null}",2026-08-21 18:25:37.136637+00,2026-08-28 06:30:34.085877+00
187,1,228,,EXTR-00001,Extra Shot Espresso Premium,1.00,true,3,Menu,,,"{""bomID"":228,""notes"":"""",""bomCode"":""EXTR-00001"",""bomName"":""Extra Shot Espresso Premium"",""uomName"":null,""bomTypeID"":3,""flagActive"":1,""bomTypeName"":""Menu"",""productName"":null}",2026-08-21 18:25:37.136637+00,2026-08-28 06:30:34.085877+00
188,1,229,,EXTR-00002,Extra Shot Espresso Regular,1.00,true,3,Menu,,,"{""bomID"":229,""notes"":"""",""bomCode"":""EXTR-00002"",""bomName"":""Extra Shot Espresso Regular"",""uomName"":null,""bomTypeID"":3,""flagActive"":1,""bomTypeName"":""Menu"",""productName"":null}",2026-08-21 18:25:37.136637+00,2026-08-28 06:30:34.085877+00
189,1,284,,SPEC-00012,Fusion Black,1.00,true,3,Menu,,,"{""bomID"":284,""notes"":"""",""bomCode"":""SPEC-00012"",""bomName"":""Fusion Black"",""uomName"":null,""bomTypeID"":3,""flagActive"":1,""bomTypeName"":""Menu"",""productName"":null}",2026-08-21 18:25:37.136637+00,2026-08-28 06:30:34.085877+00
190,1,354,,BULK-00085,Fussion Balck - Cup Frosted,1.00,true,1,Assembly,Fussion Black - Cup Frosted,PORSI@150GR,"{""bomID"":354,""notes"":"""",""bomCode"":""BULK-00085"",""bomName"":""Fussion Balck - Cup Frosted"",""uomName"":""PORSI@150GR"",""bomTypeID"":1,""flagActive"":1,""bomTypeName"":""Assembly"",""productName"":""Fussion Black - Cup Frosted""}",2026-08-21 18:25:37.136637+00,2026-08-28 06:30:34.085877+00
191,1,281,,,HAMPERS LEBARAN,1.00,true,3,Menu,,,"{""bomID"":281,""notes"":"""",""bomCode"":"""",""bomName"":""HAMPERS LEBARAN"",""uomName"":null,""bomTypeID"":3,""flagActive"":1,""bomTypeName"":""Menu"",""productName"":null}",2026-08-21 18:25:37.136637+00,2026-08-28 06:30:34.085877+00
192,1,282,,,Hampers Premium 3 Can,1.00,true,3,Menu,,,"{""bomID"":282,""notes"":"""",""bomCode"":"""",""bomName"":""Hampers Premium 3 Can"",""uomName"":null,""bomTypeID"":3,""flagActive"":1,""bomTypeName"":""Menu"",""productName"":null}",2026-08-21 18:25:37.136637+00,2026-08-28 06:30:34.085877+00
193,1,81,,SPEC-00006,HOT CHOCOLATE,1.00,true,3,Menu,,,"{""bomID"":81,""notes"":"""",""bomCode"":""SPEC-00006"",""bomName"":""HOT CHOCOLATE"",""uomName"":null,""bomTypeID"":3,""flagActive"":1,""bomTypeName"":""Menu"",""productName"":null}",2026-08-21 18:25:37.136637+00,2026-08-28 06:30:34.085877+00
194,1,110,,SIDE-00016-NEW,ICE CREAM GENERAL,1.00,true,3,Menu,,,"{""bomID"":110,""notes"":"""",""bomCode"":""SIDE-00016-NEW"",""bomName"":""ICE CREAM GENERAL"",""uomName"":null,""bomTypeID"":3,""flagActive"":1,""bomTypeName"":""Menu"",""productName"":null}",2026-08-21 18:25:37.136637+00,2026-08-28 06:30:34.085877+00
195,1,88,,MILK-00008,Iced Chocolate,1.00,true,3,Menu,,,"{""bomID"":88,""notes"":"""",""bomCode"":""MILK-00008"",""bomName"":""Iced Chocolate"",""uomName"":null,""bomTypeID"":3,""flagActive"":1,""bomTypeName"":""Menu"",""productName"":null}",2026-08-21 18:25:37.136637+00,2026-08-28 06:30:34.085877+00
196,1,70,,MILK-00009,ICED CHOCOLATE - COTR (230ml),1.00,true,1,Assembly,ICED CHOCOLATE - COTR (230ml),PORSI@230GR,"{""bomID"":70,""notes"":"""",""bomCode"":""MILK-00009"",""bomName"":""ICED CHOCOLATE - COTR (230ml)"",""uomName"":""PORSI@230GR"",""bomTypeID"":1,""flagActive"":1,""bomTypeName"":""Assembly"",""productName"":""ICED CHOCOLATE - COTR (230ml)""}",2026-08-21 18:25:37.136637+00,2026-08-28 06:30:34.085877+00
197,1,68,,BULK-00014,Iced Chocolate - Cup Es 170ml (Event/Bulk),1.00,true,1,Assembly,- Iced Chocolate - Cup Es 170ml (Event/Bulk),PORSI@170GR,"{""bomID"":68,""notes"":"""",""bomCode"":""BULK-00014"",""bomName"":""Iced Chocolate - Cup Es 170ml (Event/Bulk)"",""uomName"":""PORSI@170GR"",""bomTypeID"":1,""flagActive"":1,""bomTypeName"":""Assembly"",""productName"":""- Iced Chocolate - Cup Es 170ml (Event/Bulk)""}",2026-08-21 18:25:37.136637+00,2026-08-28 06:30:34.085877+00
198,1,51,,BULK-00015,Iced Chocolate - Cup Hot 110ml (Event/Bulk),1.00,true,1,Assembly,- Iced Chocolate - Cup Hot 110ml (Event/Bulk),PORSI@110GR,"{""bomID"":51,""notes"":"""",""bomCode"":""BULK-00015"",""bomName"":""Iced Chocolate - Cup Hot 110ml (Event/Bulk)"",""uomName"":""PORSI@110GR"",""bomTypeID"":1,""flagActive"":1,""bomTypeName"":""Assembly"",""productName"":""- Iced Chocolate - Cup Hot 110ml (Event/Bulk)""}",2026-08-21 18:25:37.136637+00,2026-08-28 06:30:34.085877+00
199,1,266,,,Iced Chocolate Tumbler,1.00,true,3,Menu,,,"{""bomID"":266,""notes"":"""",""bomCode"":"""",""bomName"":""Iced Chocolate Tumbler"",""uomName"":null,""bomTypeID"":3,""flagActive"":1,""bomTypeName"":""Menu"",""productName"":null}",2026-08-21 18:25:37.136637+00,2026-08-28 06:30:34.085877+00
200,1,169,,SPEC-00004,Iced White,1.00,true,3,Menu,,,"{""bomID"":169,""notes"":"""",""bomCode"":""SPEC-00004"",""bomName"":""Iced White"",""uomName"":null,""bomTypeID"":3,""flagActive"":1,""bomTypeName"":""Menu"",""productName"":null}",2026-08-21 18:25:37.136637+00,2026-08-28 06:30:34.085877+00
201,1,125,,PREM-00004,Kopi Calf Premium 1Lt,1.00,true,3,Menu,,,"{""bomID"":125,""notes"":"""",""bomCode"":""PREM-00004"",""bomName"":""Kopi Calf Premium 1Lt"",""uomName"":null,""bomTypeID"":3,""flagActive"":1,""bomTypeName"":""Menu"",""productName"":null}",2026-08-21 18:25:37.136637+00,2026-08-28 06:30:34.085877+00
202,1,170,,PREM-00025,Kopi Calf Premium 1Lt (Extra Sugar),1.00,true,3,Menu,,,"{""bomID"":170,""notes"":"""",""bomCode"":""PREM-00025"",""bomName"":""Kopi Calf Premium 1Lt (Extra Sugar)"",""uomName"":null,""bomTypeID"":3,""flagActive"":1,""bomTypeName"":""Menu"",""productName"":null}",2026-08-21 18:25:37.136637+00,2026-08-28 06:30:34.085877+00
203,1,147,,PREM-00018,Kopi Calf Premium 1Lt (Less Sugar),1.00,true,3,Menu,,,"{""bomID"":147,""notes"":"""",""bomCode"":""PREM-00018"",""bomName"":""Kopi Calf Premium 1Lt (Less Sugar)"",""uomName"":null,""bomTypeID"":3,""flagActive"":1,""bomTypeName"":""Menu"",""productName"":null}",2026-08-21 18:25:37.136637+00,2026-08-28 06:30:34.085877+00
204,1,160,,PREM-00011,Kopi Calf Premium 1Lt (No Sugar),1.00,true,3,Menu,,,"{""bomID"":160,""notes"":"""",""bomCode"":""PREM-00011"",""bomName"":""Kopi Calf Premium 1Lt (No Sugar)"",""uomName"":null,""bomTypeID"":3,""flagActive"":1,""bomTypeName"":""Menu"",""productName"":null}",2026-08-21 18:25:37.136637+00,2026-08-28 06:30:34.085877+00
205,1,287,,BULK-00073,Kopi Calf Regular - 1 Liter (BULK/EVENT),1.00,true,1,Assembly,Kopi Calf Regular - 1 Liter (BULK/EVENT),PCS@1000GR,"{""bomID"":287,""notes"":"""",""bomCode"":""BULK-00073"",""bomName"":""Kopi Calf Regular - 1 Liter (BULK/EVENT)"",""uomName"":""PCS@1000GR"",""bomTypeID"":1,""flagActive"":1,""bomTypeName"":""Assembly"",""productName"":""Kopi Calf Regular - 1 Liter (BULK/EVENT)""}",2026-08-21 18:25:37.136637+00,2026-08-28 06:30:34.085877+00
206,1,154,,REGU-00002,Kopi Calf Regular 1Lt,1.00,true,3,Menu,,,"{""bomID"":154,""notes"":"""",""bomCode"":""REGU-00002"",""bomName"":""Kopi Calf Regular 1Lt"",""uomName"":null,""bomTypeID"":3,""flagActive"":1,""bomTypeName"":""Menu"",""productName"":null}",2026-08-21 18:25:37.136637+00,2026-08-28 06:30:34.085877+00
207,1,119,,REGU-00008,Kopi Calf Regular 1Lt (Extra Sugar),1.00,true,3,Menu,,,"{""bomID"":119,""notes"":"""",""bomCode"":""REGU-00008"",""bomName"":""Kopi Calf Regular 1Lt (Extra Sugar)"",""uomName"":null,""bomTypeID"":3,""flagActive"":1,""bomTypeName"":""Menu"",""productName"":null}",2026-08-21 18:25:37.136637+00,2026-08-28 06:30:34.085877+00
208,1,156,,REGU-00006,Kopi Calf Regular 1Lt (Less Sugar),1.00,true,3,Menu,,,"{""bomID"":156,""notes"":"""",""bomCode"":""REGU-00006"",""bomName"":""Kopi Calf Regular 1Lt (Less Sugar)"",""uomName"":null,""bomTypeID"":3,""flagActive"":1,""bomTypeName"":""Menu"",""productName"":null}",2026-08-21 18:25:37.136637+00,2026-08-28 06:30:34.085877+00
209,1,161,,REGU-00004,Kopi Calf Regular 1Lt (No Sugar),1.00,true,3,Menu,,,"{""bomID"":161,""notes"":"""",""bomCode"":""REGU-00004"",""bomName"":""Kopi Calf Regular 1Lt (No Sugar)"",""uomName"":null,""bomTypeID"":3,""flagActive"":1,""bomTypeName"":""Menu"",""productName"":null}",2026-08-21 18:25:37.136637+00,2026-08-28 06:30:34.085877+00
210,1,244,,BULK-00057,Liquid Jeffersom (Event/Bulk),1.00,true,1,Assembly,- Liquid Jefferson (Event/Bulk),PORSI@190GR,"{""bomID"":244,""notes"":"""",""bomCode"":""BULK-00057"",""bomName"":""Liquid Jeffersom (Event/Bulk)"",""uomName"":""PORSI@190GR"",""bomTypeID"":1,""flagActive"":1,""bomTypeName"":""Assembly"",""productName"":""- Liquid Jefferson (Event/Bulk)""}",2026-08-21 18:25:37.136637+00,2026-08-28 06:30:34.085877+00
211,1,193,,JFRS-00001,Liquid Jefferson,1.00,true,3,Menu,,,"{""bomID"":193,""notes"":"""",""bomCode"":""JFRS-00001"",""bomName"":""Liquid Jefferson"",""uomName"":null,""bomTypeID"":3,""flagActive"":1,""bomTypeName"":""Menu"",""productName"":null}",2026-08-21 18:25:37.136637+00,2026-08-28 06:30:34.085877+00
212,1,226,,SPEC-00010,Long Black Hot,1.00,true,3,Menu,,,"{""bomID"":226,""notes"":"""",""bomCode"":""SPEC-00010"",""bomName"":""Long Black Hot"",""uomName"":null,""bomTypeID"":3,""flagActive"":1,""bomTypeName"":""Menu"",""productName"":null}",2026-08-21 18:25:37.136637+00,2026-08-28 06:30:34.085877+00
213,1,107,,SPEC-00001,Long Black Iced,1.00,true,3,Menu,,,"{""bomID"":107,""notes"":"""",""bomCode"":""SPEC-00001"",""bomName"":""Long Black Iced"",""uomName"":null,""bomTypeID"":3,""flagActive"":1,""bomTypeName"":""Menu"",""productName"":null}",2026-08-21 18:25:37.136637+00,2026-08-28 06:30:34.085877+00
214,1,316,,SDISH-001-NEW,LUMPIA TAPE,1.00,true,3,Menu,,,"{""bomID"":316,""notes"":"""",""bomCode"":""SDISH-001-NEW"",""bomName"":""LUMPIA TAPE"",""uomName"":null,""bomTypeID"":3,""flagActive"":1,""bomTypeName"":""Menu"",""productName"":null}",2026-08-21 18:25:37.136637+00,2026-08-28 06:30:34.085877+00
215,1,344,,SDISH-0902-NEW,LUMPIA TAPE NEW,1.00,true,3,Menu,,,"{""bomID"":344,""notes"":"""",""bomCode"":""SDISH-0902-NEW"",""bomName"":""LUMPIA TAPE NEW"",""uomName"":null,""bomTypeID"":3,""flagActive"":1,""bomTypeName"":""Menu"",""productName"":null}",2026-08-21 18:25:37.136637+00,2026-08-28 06:30:34.085877+00
216,1,94,,PCPK-00004,LUNCH BOX L,1.00,true,3,Menu,,,"{""bomID"":94,""notes"":"""",""bomCode"":""PCPK-00004"",""bomName"":""LUNCH BOX L"",""uomName"":null,""bomTypeID"":3,""flagActive"":1,""bomTypeName"":""Menu"",""productName"":null}",2026-08-21 18:25:37.136637+00,2026-08-28 06:30:34.085877+00
217,1,152,,PCPK-00005,LUNCH BOX M,1.00,true,3,Menu,,,"{""bomID"":152,""notes"":"""",""bomCode"":""PCPK-00005"",""bomName"":""LUNCH BOX M"",""uomName"":null,""bomTypeID"":3,""flagActive"":1,""bomTypeName"":""Menu"",""productName"":null}",2026-08-21 18:25:37.136637+00,2026-08-28 06:30:34.085877+00
218,1,245,,BULK-00058,Magic Cheese Butter Cream (Event/Bulk),1.00,true,1,Assembly,- Magic Cheese Butter Cream (Event/Bulk),PORSI@190GR,"{""bomID"":245,""notes"":"""",""bomCode"":""BULK-00058"",""bomName"":""Magic Cheese Butter Cream (Event/Bulk)"",""uomName"":""PORSI@190GR"",""bomTypeID"":1,""flagActive"":1,""bomTypeName"":""Assembly"",""productName"":""- Magic Cheese Butter Cream (Event/Bulk)""}",2026-08-21 18:25:37.136637+00,2026-08-28 06:30:34.085877+00
219,1,104,,MGIC-00003,Magic Cheese Cream,1.00,true,3,Menu,,,"{""bomID"":104,""notes"":"""",""bomCode"":""MGIC-00003"",""bomName"":""Magic Cheese Cream"",""uomName"":null,""bomTypeID"":3,""flagActive"":1,""bomTypeName"":""Menu"",""productName"":null}",2026-08-21 18:25:37.136637+00,2026-08-28 06:30:34.085877+00
220,1,97,,MGIC-00001,Magic Coffee Cream,1.00,true,3,Menu,,,"{""bomID"":97,""notes"":"""",""bomCode"":""MGIC-00001"",""bomName"":""Magic Coffee Cream"",""uomName"":null,""bomTypeID"":3,""flagActive"":1,""bomTypeName"":""Menu"",""productName"":null}",2026-08-21 18:25:37.136637+00,2026-08-28 06:30:34.085877+00
221,1,181,,MGIC-00002,Magic Tiramisu Cream,1.00,true,3,Menu,,,"{""bomID"":181,""notes"":"""",""bomCode"":""MGIC-00002"",""bomName"":""Magic Tiramisu Cream"",""uomName"":null,""bomTypeID"":3,""flagActive"":1,""bomTypeName"":""Menu"",""productName"":null}",2026-08-21 18:25:37.136637+00,2026-08-28 06:30:34.085877+00
222,1,194,,SPEC-00003,Magic/Latte/Capuccino,1.00,true,3,Menu,,,"{""bomID"":194,""notes"":"""",""bomCode"":""SPEC-00003"",""bomName"":""Magic/Latte/Capuccino"",""uomName"":null,""bomTypeID"":3,""flagActive"":1,""bomTypeName"":""Menu"",""productName"":null}",2026-08-21 18:25:37.136637+00,2026-08-28 06:30:34.085877+00
223,1,101,,RFRS-00004,Mango Sparkle Bliss,1.00,true,3,Menu,,,"{""bomID"":101,""notes"":"""",""bomCode"":""RFRS-00004"",""bomName"":""Mango Sparkle Bliss"",""uomName"":null,""bomTypeID"":3,""flagActive"":1,""bomTypeName"":""Menu"",""productName"":null}",2026-08-21 18:25:37.136637+00,2026-08-28 06:30:34.085877+00
224,1,176,,RFRS-00001,Matcha Berry,1.00,true,3,Menu,,,"{""bomID"":176,""notes"":"""",""bomCode"":""RFRS-00001"",""bomName"":""Matcha Berry"",""uomName"":null,""bomTypeID"":3,""flagActive"":1,""bomTypeName"":""Menu"",""productName"":null}",2026-08-21 18:25:37.136637+00,2026-08-28 06:30:34.085877+00
225,1,135,,RFRS-00002,Matcha Latte,1.00,true,3,Menu,,,"{""bomID"":135,""notes"":"""",""bomCode"":""RFRS-00002"",""bomName"":""Matcha Latte"",""uomName"":null,""bomTypeID"":3,""flagActive"":1,""bomTypeName"":""Menu"",""productName"":null}",2026-08-21 18:25:37.136637+00,2026-08-28 06:30:34.085877+00
226,1,274,,BULK-00065,Matcha Latte - Cup Es 170ml (Bulk/Event),1.00,true,1,Assembly,- Matcha Latte - Cup Es 170ml (Bulk/Event),PORSI@170GR,"{""bomID"":274,""notes"":"""",""bomCode"":""BULK-00065"",""bomName"":""Matcha Latte - Cup Es 170ml (Bulk/Event)"",""uomName"":""PORSI@170GR"",""bomTypeID"":1,""flagActive"":1,""bomTypeName"":""Assembly"",""productName"":""- Matcha Latte - Cup Es 170ml (Bulk/Event)""}",2026-08-21 18:25:37.136637+00,2026-08-28 06:30:34.085877+00
227,1,276,,BULK-00067,Matcha Latte - Hot Cup 110ml (Bulk/Event),1.00,true,1,Assembly,- Matcha Latte - Hot Cup 110ml (Bulk/Event),PORSI@110GR,"{""bomID"":276,""notes"":"""",""bomCode"":""BULK-00067"",""bomName"":""Matcha Latte - Hot Cup 110ml (Bulk/Event)"",""uomName"":""PORSI@110GR"",""bomTypeID"":1,""flagActive"":1,""bomTypeName"":""Assembly"",""productName"":""- Matcha Latte - Hot Cup 110ml (Bulk/Event)""}",2026-08-21 18:25:37.136637+00,2026-08-28 06:30:34.085877+00
228,1,195,,MAIN-00010,Misua Creamy Truffle Oil,1.00,true,3,Menu,,,"{""bomID"":195,""notes"":"""",""bomCode"":""MAIN-00010"",""bomName"":""Misua Creamy Truffle Oil"",""uomName"":null,""bomTypeID"":3,""flagActive"":1,""bomTypeName"":""Menu"",""productName"":null}",2026-08-21 18:25:37.136637+00,2026-08-28 06:30:34.085877+00
229,1,164,,MAIN-00011,Misua Sambal Balado,1.00,true,3,Menu,,,"{""bomID"":164,""notes"":"""",""bomCode"":""MAIN-00011"",""bomName"":""Misua Sambal Balado"",""uomName"":null,""bomTypeID"":3,""flagActive"":1,""bomTypeName"":""Menu"",""productName"":null}",2026-08-21 18:25:37.136637+00,2026-08-28 06:30:34.085877+00
230,1,313,,SDISH-011-NEW,MIX PLATTER,1.00,true,3,Menu,,,"{""bomID"":313,""notes"":"""",""bomCode"":""SDISH-011-NEW"",""bomName"":""MIX PLATTER"",""uomName"":null,""bomTypeID"":3,""flagActive"":1,""bomTypeName"":""Menu"",""productName"":null}",2026-08-21 18:25:37.136637+00,2026-08-28 06:30:34.085877+00
231,1,95,,JFRS-00002,Mocha Jefferson,1.00,true,3,Menu,,,"{""bomID"":95,""notes"":"""",""bomCode"":""JFRS-00002"",""bomName"":""Mocha Jefferson"",""uomName"":null,""bomTypeID"":3,""flagActive"":1,""bomTypeName"":""Menu"",""productName"":null}",2026-08-21 18:25:37.136637+00,2026-08-28 06:30:34.085877+00
232,1,150,,SPEC-00005,Mont Blanc,1.00,true,3,Menu,,,"{""bomID"":150,""notes"":"""",""bomCode"":""SPEC-00005"",""bomName"":""Mont Blanc"",""uomName"":null,""bomTypeID"":3,""flagActive"":1,""bomTypeName"":""Menu"",""productName"":null}",2026-08-21 18:25:37.136637+00,2026-08-28 06:30:34.085877+00
233,1,200,,MAIN-00009,Nasi Ayam Sambal Balado,1.00,true,3,Menu,,,"{""bomID"":200,""notes"":"""",""bomCode"":""MAIN-00009"",""bomName"":""Nasi Ayam Sambal Balado"",""uomName"":null,""bomTypeID"":3,""flagActive"":1,""bomTypeName"":""Menu"",""productName"":null}",2026-08-21 18:25:37.136637+00,2026-08-28 06:30:34.085877+00
234,1,184,,MAIN-00004,Nasi Ayam Sambal Hijau,1.00,true,3,Menu,,,"{""bomID"":184,""notes"":"""",""bomCode"":""MAIN-00004"",""bomName"":""Nasi Ayam Sambal Hijau"",""uomName"":null,""bomTypeID"":3,""flagActive"":1,""bomTypeName"":""Menu"",""productName"":null}",2026-08-21 18:25:37.136637+00,2026-08-28 06:30:34.085877+00
235,1,112,,MAIN-00008,Nasi Shortplate Sambal Balado,1.00,true,3,Menu,,,"{""bomID"":112,""notes"":"""",""bomCode"":""MAIN-00008"",""bomName"":""Nasi Shortplate Sambal Balado"",""uomName"":null,""bomTypeID"":3,""flagActive"":1,""bomTypeName"":""Menu"",""productName"":null}",2026-08-21 18:25:37.136637+00,2026-08-28 06:30:34.085877+00
236,1,177,,MAIN-00003,Nasi Shortplate Sambal Hijau,1.00,true,3,Menu,,,"{""bomID"":177,""notes"":"""",""bomCode"":""MAIN-00003"",""bomName"":""Nasi Shortplate Sambal Hijau"",""uomName"":null,""bomTypeID"":3,""flagActive"":1,""bomTypeName"":""Menu"",""productName"":null}",2026-08-21 18:25:37.136637+00,2026-08-28 06:30:34.085877+00
237,1,252,,,NEW MATCHA LATTE,1.00,true,3,Menu,,,"{""bomID"":252,""notes"":"""",""bomCode"":"""",""bomName"":""NEW MATCHA LATTE"",""uomName"":null,""bomTypeID"":3,""flagActive"":1,""bomTypeName"":""Menu"",""productName"":null}",2026-08-21 18:25:37.136637+00,2026-08-28 06:30:34.085877+00
238,1,267,,,NEW MATCHA LATTE TUMBLER,1.00,true,3,Menu,,,"{""bomID"":267,""notes"":"""",""bomCode"":"""",""bomName"":""NEW MATCHA LATTE TUMBLER"",""uomName"":null,""bomTypeID"":3,""flagActive"":1,""bomTypeName"":""Menu"",""productName"":null}",2026-08-21 18:25:37.136637+00,2026-08-28 06:30:34.085877+00
239,1,270,,,Papar Bag Biru,1.00,true,3,Menu,,,"{""bomID"":270,""notes"":"""",""bomCode"":"""",""bomName"":""Papar Bag Biru"",""uomName"":null,""bomTypeID"":3,""flagActive"":1,""bomTypeName"":""Menu"",""productName"":null}",2026-08-21 18:25:37.136637+00,2026-08-28 06:30:34.085877+00
240,1,271,,,Paper Bag Putih,1.00,true,3,Menu,,,"{""bomID"":271,""notes"":"""",""bomCode"":"""",""bomName"":""Paper Bag Putih"",""uomName"":null,""bomTypeID"":3,""flagActive"":1,""bomTypeName"":""Menu"",""productName"":null}",2026-08-21 18:25:37.136637+00,2026-08-28 06:30:34.085877+00
241,1,143,,BLCK-00001,Peach Honey Lemon Cold Brew,1.00,true,3,Menu,,,"{""bomID"":143,""notes"":"""",""bomCode"":""BLCK-00001"",""bomName"":""Peach Honey Lemon Cold Brew"",""uomName"":null,""bomTypeID"":3,""flagActive"":1,""bomTypeName"":""Menu"",""productName"":null}",2026-08-21 18:25:37.136637+00,2026-08-28 06:30:34.085877+00
242,1,115,,SIDE-00005-NEW,PEANUT BUTTER TOAST,1.00,true,3,Menu,,,"{""bomID"":115,""notes"":"""",""bomCode"":""SIDE-00005-NEW"",""bomName"":""PEANUT BUTTER TOAST"",""uomName"":null,""bomTypeID"":3,""flagActive"":1,""bomTypeName"":""Menu"",""productName"":null}",2026-08-21 18:25:37.136637+00,2026-08-28 06:30:34.085877+00
243,1,178,,SPEC-00008,Piccolo,1.00,true,3,Menu,,,"{""bomID"":178,""notes"":"""",""bomCode"":""SPEC-00008"",""bomName"":""Piccolo"",""uomName"":null,""bomTypeID"":3,""flagActive"":1,""bomTypeName"":""Menu"",""productName"":null}",2026-08-21 18:25:37.136637+00,2026-08-28 06:30:34.085877+00
244,1,173,,BLCK-00003,Pinapple Honey Lemon Cold Brew,1.00,true,3,Menu,,,"{""bomID"":173,""notes"":"""",""bomCode"":""BLCK-00003"",""bomName"":""Pinapple Honey Lemon Cold Brew"",""uomName"":null,""bomTypeID"":3,""flagActive"":1,""bomTypeName"":""Menu"",""productName"":null}",2026-08-21 18:25:37.136637+00,2026-08-28 06:30:34.085877+00
245,1,174,,SIDE-00012,Pisang Goreng,1.00,true,3,Menu,,,"{""bomID"":174,""notes"":"""",""bomCode"":""SIDE-00012"",""bomName"":""Pisang Goreng"",""uomName"":null,""bomTypeID"":3,""flagActive"":1,""bomTypeName"":""Menu"",""productName"":null}",2026-08-21 18:25:37.136637+00,2026-08-28 06:30:34.085877+00
246,1,117,,SIDE-00013-NEW,PISANG GORENG COKLAT,1.00,true,3,Menu,,,"{""bomID"":117,""notes"":"""",""bomCode"":""SIDE-00013-NEW"",""bomName"":""PISANG GORENG COKLAT"",""uomName"":null,""bomTypeID"":3,""flagActive"":1,""bomTypeName"":""Menu"",""productName"":null}",2026-08-21 18:25:37.136637+00,2026-08-28 06:30:34.085877+00
247,1,100,,SIDE-00015-NEW,PISANG GORENG COKLAT KEJU,1.00,true,3,Menu,,,"{""bomID"":100,""notes"":"""",""bomCode"":""SIDE-00015-NEW"",""bomName"":""PISANG GORENG COKLAT KEJU"",""uomName"":null,""bomTypeID"":3,""flagActive"":1,""bomTypeName"":""Menu"",""productName"":null}",2026-08-21 18:25:37.136637+00,2026-08-28 06:30:34.085877+00
248,1,335,,SDISH-023-NEW,PISANG GORENG ICE CREAM,1.00,true,3,Menu,,,"{""bomID"":335,""notes"":"""",""bomCode"":""SDISH-023-NEW"",""bomName"":""PISANG GORENG ICE CREAM"",""uomName"":null,""bomTypeID"":3,""flagActive"":1,""bomTypeName"":""Menu"",""productName"":null}",2026-08-21 18:25:37.136637+00,2026-08-28 06:30:34.085877+00
249,1,139,,SIDE-00014,PISANG GORENG KEJU,1.00,true,3,Menu,,,"{""bomID"":139,""notes"":"""",""bomCode"":""SIDE-00014"",""bomName"":""PISANG GORENG KEJU"",""uomName"":null,""bomTypeID"":3,""flagActive"":1,""bomTypeName"":""Menu"",""productName"":null}",2026-08-21 18:25:37.136637+00,2026-08-28 06:30:34.085877+00
250,1,323,,SDISH-008-NEW,PISANG GORENG ORIGINAL,1.00,true,3,Menu,,,"{""bomID"":323,""notes"":"""",""bomCode"":""SDISH-008-NEW"",""bomName"":""PISANG GORENG ORIGINAL"",""uomName"":null,""bomTypeID"":3,""flagActive"":1,""bomTypeName"":""Menu"",""productName"":null}",2026-08-21 18:25:37.136637+00,2026-08-28 06:30:34.085877+00
251,1,340,,SDISH-0921-NEW,PISCOK ROLL,1.00,true,3,Menu,,,"{""bomID"":340,""notes"":"""",""bomCode"":""SDISH-0921-NEW"",""bomName"":""PISCOK ROLL"",""uomName"":null,""bomTypeID"":3,""flagActive"":1,""bomTypeName"":""Menu"",""productName"":null}",2026-08-21 18:25:37.136637+00,2026-08-28 06:30:34.085877+00
252,1,132,,MILK-00007,Pistachio Cheese,1.00,true,3,Menu,,,"{""bomID"":132,""notes"":"""",""bomCode"":""MILK-00007"",""bomName"":""Pistachio Cheese"",""uomName"":null,""bomTypeID"":3,""flagActive"":1,""bomTypeName"":""Menu"",""productName"":null}",2026-08-21 18:25:37.136637+00,2026-08-28 06:30:34.085877+00
253,1,71,,PREM-00003,PREMIUM CAN - COTR (200ml),1.00,true,1,Assembly,PREMIUM CAN - COTR (200ml),PORSI@200GR,"{""bomID"":71,""notes"":"""",""bomCode"":""PREM-00003"",""bomName"":""PREMIUM CAN - COTR (200ml)"",""uomName"":""PORSI@200GR"",""bomTypeID"":1,""flagActive"":1,""bomTypeName"":""Assembly"",""productName"":""PREMIUM CAN - COTR (200ml)""}",2026-08-21 18:25:37.136637+00,2026-08-28 06:30:34.085877+00
254,1,294,,PREM-00032,Premium Gula Jawa,1.00,true,3,Menu,,,"{""bomID"":294,""notes"":"""",""bomCode"":""PREM-00032"",""bomName"":""Premium Gula Jawa"",""uomName"":null,""bomTypeID"":3,""flagActive"":1,""bomTypeName"":""Menu"",""productName"":null}",2026-08-21 18:25:37.136637+00,2026-08-28 06:30:34.085877+00
255,1,296,,PREM-00034,Premium Gula Jawa ( Can ),1.00,true,3,Menu,,,"{""bomID"":296,""notes"":"""",""bomCode"":""PREM-00034"",""bomName"":""Premium Gula Jawa ( Can )"",""uomName"":null,""bomTypeID"":3,""flagActive"":1,""bomTypeName"":""Menu"",""productName"":null}",2026-08-21 18:25:37.136637+00,2026-08-28 06:30:34.085877+00
256,1,298,,PREM-00036,Premium Gula Jawa 1Lt,1.00,true,3,Menu,,,"{""bomID"":298,""notes"":"""",""bomCode"":""PREM-00036"",""bomName"":""Premium Gula Jawa 1Lt"",""uomName"":null,""bomTypeID"":3,""flagActive"":1,""bomTypeName"":""Menu"",""productName"":null}",2026-08-21 18:25:37.136637+00,2026-08-28 06:30:34.085877+00
257,1,363,,PREM-00037,Premium Gula Jawa Thumbler,1.00,true,3,Menu,,,"{""bomID"":363,""notes"":"""",""bomCode"":""PREM-00037"",""bomName"":""Premium Gula Jawa Thumbler"",""uomName"":null,""bomTypeID"":3,""flagActive"":1,""bomTypeName"":""Menu"",""productName"":null}",2026-08-21 18:25:37.136637+00,2026-08-28 06:30:34.085877+00
258,1,293,,PREM-00031,Premium Gula Kelapa,1.00,true,3,Menu,,,"{""bomID"":293,""notes"":"""",""bomCode"":""PREM-00031"",""bomName"":""Premium Gula Kelapa"",""uomName"":null,""bomTypeID"":3,""flagActive"":1,""bomTypeName"":""Menu"",""productName"":null}",2026-08-21 18:25:37.136637+00,2026-08-28 06:30:34.085877+00
259,1,295,,PREM-00033,Premium Gula Kelapa ( Can ),1.00,true,3,Menu,,,"{""bomID"":295,""notes"":"""",""bomCode"":""PREM-00033"",""bomName"":""Premium Gula Kelapa ( Can )"",""uomName"":null,""bomTypeID"":3,""flagActive"":1,""bomTypeName"":""Menu"",""productName"":null}",2026-08-21 18:25:37.136637+00,2026-08-28 06:30:34.085877+00
260,1,297,,PREM-00035,Premium Gula Kelapa 1Lt,1.00,true,3,Menu,,,"{""bomID"":297,""notes"":"""",""bomCode"":""PREM-00035"",""bomName"":""Premium Gula Kelapa 1Lt"",""uomName"":null,""bomTypeID"":3,""flagActive"":1,""bomTypeName"":""Menu"",""productName"":null}",2026-08-21 18:25:37.136637+00,2026-08-28 06:30:34.085877+00
261,1,364,,PREM-00038,Premium Gula Kelapa Thumbler,1.00,true,3,Menu,,,"{""bomID"":364,""notes"":"""",""bomCode"":""PREM-00038"",""bomName"":""Premium Gula Kelapa Thumbler"",""uomName"":null,""bomTypeID"":3,""flagActive"":1,""bomTypeName"":""Menu"",""productName"":null}",2026-08-21 18:25:37.136637+00,2026-08-28 06:30:34.085877+00
262,1,219,,BULK-00040,Premium Oat - Can 330ml (Bulk/Event),1.00,true,1,Assembly,- Premium Oat - Can 330ml (Bulk/Event),PORSI@300GR,"{""bomID"":219,""notes"":"""",""bomCode"":""BULK-00040"",""bomName"":""Premium Oat - Can 330ml (Bulk/Event)"",""uomName"":""PORSI@300GR"",""bomTypeID"":1,""flagActive"":1,""bomTypeName"":""Assembly"",""productName"":""- Premium Oat - Can 330ml (Bulk/Event)""}",2026-08-21 18:25:37.136637+00,2026-08-28 06:30:34.085877+00
263,1,89,,PREM-00005,Premium Oat Milk,1.00,true,3,Menu,,,"{""bomID"":89,""notes"":"""",""bomCode"":""PREM-00005"",""bomName"":""Premium Oat Milk"",""uomName"":null,""bomTypeID"":3,""flagActive"":1,""bomTypeName"":""Menu"",""productName"":null}",2026-08-21 18:25:37.136637+00,2026-08-28 06:30:34.085877+00
264,1,129,,PREM-00026,Premium Oat Milk (Extra Sugar),1.00,true,3,Menu,,,"{""bomID"":129,""notes"":"""",""bomCode"":""PREM-00026"",""bomName"":""Premium Oat Milk (Extra Sugar)"",""uomName"":null,""bomTypeID"":3,""flagActive"":1,""bomTypeName"":""Menu"",""productName"":null}",2026-08-21 18:25:37.136637+00,2026-08-28 06:30:34.085877+00
265,1,120,,PREM-00019,Premium Oat Milk (Less Sugar),1.00,true,3,Menu,,,"{""bomID"":120,""notes"":"""",""bomCode"":""PREM-00019"",""bomName"":""Premium Oat Milk (Less Sugar)"",""uomName"":null,""bomTypeID"":3,""flagActive"":1,""bomTypeName"":""Menu"",""productName"":null}",2026-08-21 18:25:37.136637+00,2026-08-28 06:30:34.085877+00
266,1,162,,PREM-00012,Premium Oat Milk (No Sugar),1.00,true,3,Menu,,,"{""bomID"":162,""notes"":"""",""bomCode"":""PREM-00012"",""bomName"":""Premium Oat Milk (No Sugar)"",""uomName"":null,""bomTypeID"":3,""flagActive"":1,""bomTypeName"":""Menu"",""productName"":null}",2026-08-21 18:25:37.136637+00,2026-08-28 06:30:34.085877+00
267,1,148,,PREM-00007,Premium Oat Milk 1Lt,1.00,true,3,Menu,,,"{""bomID"":148,""notes"":"""",""bomCode"":""PREM-00007"",""bomName"":""Premium Oat Milk 1Lt"",""uomName"":null,""bomTypeID"":3,""flagActive"":1,""bomTypeName"":""Menu"",""productName"":null}",2026-08-21 18:25:37.136637+00,2026-08-28 06:30:34.085877+00
268,1,83,,PREM-00028,Premium Oat Milk 1Lt (Extra Sugar),1.00,true,3,Menu,,,"{""bomID"":83,""notes"":"""",""bomCode"":""PREM-00028"",""bomName"":""Premium Oat Milk 1Lt (Extra Sugar)"",""uomName"":null,""bomTypeID"":3,""flagActive"":1,""bomTypeName"":""Menu"",""productName"":null}",2026-08-21 18:25:37.136637+00,2026-08-28 06:30:34.085877+00
269,1,153,,PREM-00021,Premium Oat Milk 1Lt (Less Sugar),1.00,true,3,Menu,,,"{""bomID"":153,""notes"":"""",""bomCode"":""PREM-00021"",""bomName"":""Premium Oat Milk 1Lt (Less Sugar)"",""uomName"":null,""bomTypeID"":3,""flagActive"":1,""bomTypeName"":""Menu"",""productName"":null}",2026-08-21 18:25:37.136637+00,2026-08-28 06:30:34.085877+00
270,1,201,,PREM-00014,Premium Oat Milk 1Lt (No Sugar),1.00,true,3,Menu,,,"{""bomID"":201,""notes"":"""",""bomCode"":""PREM-00014"",""bomName"":""Premium Oat Milk 1Lt (No Sugar)"",""uomName"":null,""bomTypeID"":3,""flagActive"":1,""bomTypeName"":""Menu"",""productName"":null}",2026-08-21 18:25:37.136637+00,2026-08-28 06:30:34.085877+00
271,1,185,,PREM-00006,Premium Oat Milk Can,1.00,true,3,Menu,,,"{""bomID"":185,""notes"":"""",""bomCode"":""PREM-00006"",""bomName"":""Premium Oat Milk Can"",""uomName"":null,""bomTypeID"":3,""flagActive"":1,""bomTypeName"":""Menu"",""productName"":null}",2026-08-21 18:25:37.136637+00,2026-08-28 06:30:34.085877+00
272,1,121,,PREM-00027,Premium Oat Milk Can (Extra Sugar),1.00,true,3,Menu,,,"{""bomID"":121,""notes"":"""",""bomCode"":""PREM-00027"",""bomName"":""Premium Oat Milk Can (Extra Sugar)"",""uomName"":null,""bomTypeID"":3,""flagActive"":1,""bomTypeName"":""Menu"",""productName"":null}",2026-08-21 18:25:37.136637+00,2026-08-28 06:30:34.085877+00
273,1,102,,PREM-00020,Premium Oat Milk Can (Less Sugar),1.00,true,3,Menu,,,"{""bomID"":102,""notes"":"""",""bomCode"":""PREM-00020"",""bomName"":""Premium Oat Milk Can (Less Sugar)"",""uomName"":null,""bomTypeID"":3,""flagActive"":1,""bomTypeName"":""Menu"",""productName"":null}",2026-08-21 18:25:37.136637+00,2026-08-28 06:30:34.085877+00
274,1,144,,PREM-00013,Premium Oat Milk Can (No Sugar),1.00,true,3,Menu,,,"{""bomID"":144,""notes"":"""",""bomCode"":""PREM-00013"",""bomName"":""Premium Oat Milk Can (No Sugar)"",""uomName"":null,""bomTypeID"":3,""flagActive"":1,""bomTypeName"":""Menu"",""productName"":null}",2026-08-21 18:25:37.136637+00,2026-08-28 06:30:34.085877+00
275,1,272,,,Premium Oat Milk Can Tumbler,1.00,true,3,Menu,,,"{""bomID"":272,""notes"":"""",""bomCode"":"""",""bomName"":""Premium Oat Milk Can Tumbler"",""uomName"":null,""bomTypeID"":3,""flagActive"":1,""bomTypeName"":""Menu"",""productName"":null}",2026-08-21 18:25:37.136637+00,2026-08-28 06:30:34.085877+00
276,1,273,,,Premium Oat Milk Tumbler,1.00,true,3,Menu,,,"{""bomID"":273,""notes"":"""",""bomCode"":"""",""bomName"":""Premium Oat Milk Tumbler"",""uomName"":null,""bomTypeID"":3,""flagActive"":1,""bomTypeName"":""Menu"",""productName"":null}",2026-08-21 18:25:37.136637+00,2026-08-28 06:30:34.085877+00
277,1,317,,SDISH-002-NEW,PUDDING CARAMEL,1.00,true,3,Menu,,,"{""bomID"":317,""notes"":"""",""bomCode"":""SDISH-002-NEW"",""bomName"":""PUDDING CARAMEL"",""uomName"":null,""bomTypeID"":3,""flagActive"":1,""bomTypeName"":""Menu"",""productName"":null}",2026-08-21 18:25:37.136637+00,2026-08-28 06:30:34.085877+00
278,1,204,,SIDE-00004,Pudding Coffee Cream,1.00,true,3,Menu,,,"{""bomID"":204,""notes"":"""",""bomCode"":""SIDE-00004"",""bomName"":""Pudding Coffee Cream"",""uomName"":null,""bomTypeID"":3,""flagActive"":1,""bomTypeName"":""Menu"",""productName"":null}",2026-08-21 18:25:37.136637+00,2026-08-28 06:30:34.085877+00
279,1,268,,,Rasa Yang Pernah Ada,1.00,true,3,Menu,,,"{""bomID"":268,""notes"":"""",""bomCode"":"""",""bomName"":""Rasa Yang Pernah Ada"",""uomName"":null,""bomTypeID"":3,""flagActive"":1,""bomTypeName"":""Menu"",""productName"":null}",2026-08-21 18:25:37.136637+00,2026-08-28 06:30:34.085877+00
280,1,269,,,Regal,1.00,true,3,Menu,,,"{""bomID"":269,""notes"":"""",""bomCode"":"""",""bomName"":""Regal"",""uomName"":null,""bomTypeID"":3,""flagActive"":1,""bomTypeName"":""Menu"",""productName"":null}",2026-08-21 18:25:37.136637+00,2026-08-28 06:30:34.085877+00
281,1,98,,MILK-00003,Regal Cheese,1.00,true,3,Menu,,,"{""bomID"":98,""notes"":"""",""bomCode"":""MILK-00003"",""bomName"":""Regal Cheese"",""uomName"":null,""bomTypeID"":3,""flagActive"":1,""bomTypeName"":""Menu"",""productName"":null}",2026-08-21 18:25:37.136637+00,2026-08-28 06:30:34.085877+00
282,1,188,,MILK-00006,Regal Rum,1.00,true,3,Menu,,,"{""bomID"":188,""notes"":"""",""bomCode"":""MILK-00006"",""bomName"":""Regal Rum"",""uomName"":null,""bomTypeID"":3,""flagActive"":1,""bomTypeName"":""Menu"",""productName"":null}",2026-08-21 18:25:37.136637+00,2026-08-28 06:30:34.085877+00
283,1,300,,REGU-00010,Regular Gula Jawa,1.00,true,3,Menu,,,"{""bomID"":300,""notes"":"""",""bomCode"":""REGU-00010"",""bomName"":""Regular Gula Jawa"",""uomName"":null,""bomTypeID"":3,""flagActive"":1,""bomTypeName"":""Menu"",""productName"":null}",2026-08-21 18:25:37.136637+00,2026-08-28 06:30:34.085877+00
284,1,302,,REGU-00012,Regular Gula Jawa 1Lt,1.00,true,3,Menu,,,"{""bomID"":302,""notes"":"""",""bomCode"":""REGU-00012"",""bomName"":""Regular Gula Jawa 1Lt"",""uomName"":null,""bomTypeID"":3,""flagActive"":1,""bomTypeName"":""Menu"",""productName"":null}",2026-08-21 18:25:37.136637+00,2026-08-28 06:30:34.085877+00
285,1,362,,REGU-00013,Regular Gula Jawa Tumbler,1.00,true,3,Menu,,,"{""bomID"":362,""notes"":"""",""bomCode"":""REGU-00013"",""bomName"":""Regular Gula Jawa Tumbler"",""uomName"":null,""bomTypeID"":3,""flagActive"":1,""bomTypeName"":""Menu"",""productName"":null}",2026-08-21 18:25:37.136637+00,2026-08-28 06:30:34.085877+00
286,1,299,,REGU-00009,Regular Gula Kelapa,1.00,true,3,Menu,,,"{""bomID"":299,""notes"":"""",""bomCode"":""REGU-00009"",""bomName"":""Regular Gula Kelapa"",""uomName"":null,""bomTypeID"":3,""flagActive"":1,""bomTypeName"":""Menu"",""productName"":null}",2026-08-21 18:25:37.136637+00,2026-08-28 06:30:34.085877+00
287,1,301,,REGU-00011,Regular Gula Kelapa 1Lt,1.00,true,3,Menu,,,"{""bomID"":301,""notes"":"""",""bomCode"":""REGU-00011"",""bomName"":""Regular Gula Kelapa 1Lt"",""uomName"":null,""bomTypeID"":3,""flagActive"":1,""bomTypeName"":""Menu"",""productName"":null}",2026-08-21 18:25:37.136637+00,2026-08-28 06:30:34.085877+00
288,1,365,,REGU-00014,Reguler Gula Kelapa Thumbler,1.00,true,3,Menu,,,"{""bomID"":365,""notes"":"""",""bomCode"":""REGU-00014"",""bomName"":""Reguler Gula Kelapa Thumbler"",""uomName"":null,""bomTypeID"":3,""flagActive"":1,""bomTypeName"":""Menu"",""productName"":null}",2026-08-21 18:25:37.136637+00,2026-08-28 06:30:34.085877+00
289,1,320,,SDISH-005-NEW,ROTI KUKUS COKLAT,1.00,true,3,Menu,,,"{""bomID"":320,""notes"":"""",""bomCode"":""SDISH-005-NEW"",""bomName"":""ROTI KUKUS COKLAT"",""uomName"":null,""bomTypeID"":3,""flagActive"":1,""bomTypeName"":""Menu"",""productName"":null}",2026-08-21 18:25:37.136637+00,2026-08-28 06:30:34.085877+00
290,1,321,,SDISH-006-NEW,ROTI KUKUS COKLAT KEJU,1.00,true,3,Menu,,,"{""bomID"":321,""notes"":"""",""bomCode"":""SDISH-006-NEW"",""bomName"":""ROTI KUKUS COKLAT KEJU"",""uomName"":null,""bomTypeID"":3,""flagActive"":1,""bomTypeName"":""Menu"",""productName"":null}",2026-08-21 18:25:37.136637+00,2026-08-28 06:30:34.085877+00
291,1,322,,SDISH-007,ROTI KUKUS COKLAT KEJU ES KRIM,1.00,true,3,Menu,,,"{""bomID"":322,""notes"":"""",""bomCode"":""SDISH-007"",""bomName"":""ROTI KUKUS COKLAT KEJU ES KRIM"",""uomName"":null,""bomTypeID"":3,""flagActive"":1,""bomTypeName"":""Menu"",""productName"":null}",2026-08-21 18:25:37.136637+00,2026-08-28 06:30:34.085877+00
292,1,179,,SIDE-00006,Roti Pandan Coklat,1.00,true,3,Menu,,,"{""bomID"":179,""notes"":"""",""bomCode"":""SIDE-00006"",""bomName"":""Roti Pandan Coklat"",""uomName"":null,""bomTypeID"":3,""flagActive"":1,""bomTypeName"":""Menu"",""productName"":null}",2026-08-21 18:25:37.136637+00,2026-08-28 06:30:34.085877+00
293,1,122,,SIDE-00007,Roti Pandan Coklat Keju,1.00,true,3,Menu,,,"{""bomID"":122,""notes"":"""",""bomCode"":""SIDE-00007"",""bomName"":""Roti Pandan Coklat Keju"",""uomName"":null,""bomTypeID"":3,""flagActive"":1,""bomTypeName"":""Menu"",""productName"":null}",2026-08-21 18:25:37.136637+00,2026-08-28 06:30:34.085877+00
294,1,84,,SIDE-00008,Roti Pandan Coklat Keju Ice Cream,1.00,true,3,Menu,,,"{""bomID"":84,""notes"":"""",""bomCode"":""SIDE-00008"",""bomName"":""Roti Pandan Coklat Keju Ice Cream"",""uomName"":null,""bomTypeID"":3,""flagActive"":1,""bomTypeName"":""Menu"",""productName"":null}",2026-08-21 18:25:37.136637+00,2026-08-28 06:30:34.085877+00
295,1,126,,MAIN-00001,Shortplate Rice Creamy Garlic,1.00,true,3,Menu,,,"{""bomID"":126,""notes"":"""",""bomCode"":""MAIN-00001"",""bomName"":""Shortplate Rice Creamy Garlic"",""uomName"":null,""bomTypeID"":3,""flagActive"":1,""bomTypeName"":""Menu"",""productName"":null}",2026-08-21 18:25:37.136637+00,2026-08-28 06:30:34.085877+00
296,1,133,,MAIN-00005,Shortplate Rice Korean Sauce,1.00,true,3,Menu,,,"{""bomID"":133,""notes"":"""",""bomCode"":""MAIN-00005"",""bomName"":""Shortplate Rice Korean Sauce"",""uomName"":null,""bomTypeID"":3,""flagActive"":1,""bomTypeName"":""Menu"",""productName"":null}",2026-08-21 18:25:37.136637+00,2026-08-28 06:30:34.085877+00
297,1,105,,MAIN-00002,Shortplate Rice Mushroom Truffle,1.00,true,3,Menu,,,"{""bomID"":105,""notes"":"""",""bomCode"":""MAIN-00002"",""bomName"":""Shortplate Rice Mushroom Truffle"",""uomName"":null,""bomTypeID"":3,""flagActive"":1,""bomTypeName"":""Menu"",""productName"":null}",2026-08-21 18:25:37.136637+00,2026-08-28 06:30:34.085877+00
298,1,165,,SMTH-00004,Smooth Banana Tiramisu,1.00,true,3,Menu,,,"{""bomID"":165,""notes"":"""",""bomCode"":""SMTH-00004"",""bomName"":""Smooth Banana Tiramisu"",""uomName"":null,""bomTypeID"":3,""flagActive"":1,""bomTypeName"":""Menu"",""productName"":null}",2026-08-21 18:25:37.136637+00,2026-08-28 06:30:34.085877+00
299,1,238,,BULK-00051,Smooth Banana Tiramisu - Can 330ml (Bulk/Event),1.00,true,1,Assembly,Smooth Banana Tiramisu - Can 330 (Bulk/Event),PORSI@300GR,"{""bomID"":238,""notes"":"""",""bomCode"":""BULK-00051"",""bomName"":""Smooth Banana Tiramisu - Can 330ml (Bulk/Event)"",""uomName"":""PORSI@300GR"",""bomTypeID"":1,""flagActive"":1,""bomTypeName"":""Assembly"",""productName"":""Smooth Banana Tiramisu - Can 330 (Bulk/Event)""}",2026-08-21 18:25:37.136637+00,2026-08-28 06:30:34.085877+00
300,1,57,,SMTH-00006,SMOOTH BANANA TIRAMISU - COTR (210ml),1.00,true,1,Assembly,SMOOTH BANANA TIRAMISU - COTR (210ml),PORSI@210GR,"{""bomID"":57,""notes"":"""",""bomCode"":""SMTH-00006"",""bomName"":""SMOOTH BANANA TIRAMISU - COTR (210ml)"",""uomName"":""PORSI@210GR"",""bomTypeID"":1,""flagActive"":1,""bomTypeName"":""Assembly"",""productName"":""SMOOTH BANANA TIRAMISU - COTR (210ml)""}",2026-08-21 18:25:37.136637+00,2026-08-28 06:30:34.085877+00
301,1,288,,SMTH-00008,Smooth Banana Tiramisu Tumbler,1.00,true,3,Menu,,,"{""bomID"":288,""notes"":"""",""bomCode"":""SMTH-00008"",""bomName"":""Smooth Banana Tiramisu Tumbler"",""uomName"":null,""bomTypeID"":3,""flagActive"":1,""bomTypeName"":""Menu"",""productName"":null}",2026-08-21 18:25:37.136637+00,2026-08-28 06:30:34.085877+00
302,1,136,,SMTH-00005,Smooth Caramel Butterscotch,1.00,true,3,Menu,,,"{""bomID"":136,""notes"":"""",""bomCode"":""SMTH-00005"",""bomName"":""Smooth Caramel Butterscotch"",""uomName"":null,""bomTypeID"":3,""flagActive"":1,""bomTypeName"":""Menu"",""productName"":null}",2026-08-21 18:25:37.136637+00,2026-08-28 06:30:34.085877+00
303,1,220,,BULK-00041,Smooth Caramel Butterscotch - 330ml (Bulk/Event),1.00,true,1,Assembly,- Smooth Caramel Butterscotch - Can 330ml (Bulk/Event),PORSI@300GR,"{""bomID"":220,""notes"":"""",""bomCode"":""BULK-00041"",""bomName"":""Smooth Caramel Butterscotch - 330ml (Bulk/Event)"",""uomName"":""PORSI@300GR"",""bomTypeID"":1,""flagActive"":1,""bomTypeName"":""Assembly"",""productName"":""- Smooth Caramel Butterscotch - Can 330ml (Bulk/Event)""}",2026-08-21 18:25:37.136637+00,2026-08-28 06:30:34.085877+00
304,1,290,,SMTH-00010,Smooth Caramel Butterscotch Tumbler,1.00,true,3,Menu,,,"{""bomID"":290,""notes"":"""",""bomCode"":""SMTH-00010"",""bomName"":""Smooth Caramel Butterscotch Tumbler"",""uomName"":null,""bomTypeID"":3,""flagActive"":1,""bomTypeName"":""Menu"",""productName"":null}",2026-08-21 18:25:37.136637+00,2026-08-28 06:30:34.085877+00
305,1,145,,SMTH-00002,Smooth Pistachio,1.00,true,3,Menu,,,"{""bomID"":145,""notes"":"""",""bomCode"":""SMTH-00002"",""bomName"":""Smooth Pistachio"",""uomName"":null,""bomTypeID"":3,""flagActive"":1,""bomTypeName"":""Menu"",""productName"":null}",2026-08-21 18:25:37.136637+00,2026-08-28 06:30:34.085877+00
306,1,218,,BULK-00039,Smooth Pistachio  - Can 330ml (Bulk/Event),1.00,true,1,Assembly,- Smooth Pistachio - Can 330ml (Bulk/Event),PORSI@300GR,"{""bomID"":218,""notes"":"""",""bomCode"":""BULK-00039"",""bomName"":""Smooth Pistachio  - Can 330ml (Bulk/Event)"",""uomName"":""PORSI@300GR"",""bomTypeID"":1,""flagActive"":1,""bomTypeName"":""Assembly"",""productName"":""- Smooth Pistachio - Can 330ml (Bulk/Event)""}",2026-08-21 18:25:37.136637+00,2026-08-28 06:30:34.085877+00
307,1,241,,BULK-00055,Smooth Pistachio - Can 250ml (Event/Bulk),1.00,true,1,Assembly,- Smooth Pistachio - Can 250ml (Event/Bulk),PCS@250GR,"{""bomID"":241,""notes"":"""",""bomCode"":""BULK-00055"",""bomName"":""Smooth Pistachio - Can 250ml (Event/Bulk)"",""uomName"":""PCS@250GR"",""bomTypeID"":1,""flagActive"":1,""bomTypeName"":""Assembly"",""productName"":""- Smooth Pistachio - Can 250ml (Event/Bulk)""}",2026-08-21 18:25:37.136637+00,2026-08-28 06:30:34.085877+00
308,1,289,,SMTH-00009,Smooth Pistachio Tumbler,1.00,true,3,Menu,,,"{""bomID"":289,""notes"":"""",""bomCode"":""SMTH-00009"",""bomName"":""Smooth Pistachio Tumbler"",""uomName"":null,""bomTypeID"":3,""flagActive"":1,""bomTypeName"":""Menu"",""productName"":null}",2026-08-21 18:25:37.136637+00,2026-08-28 06:30:34.085877+00
309,1,151,,SMTH-00003,Smooth Strawberry Sunkist,1.00,true,3,Menu,,,"{""bomID"":151,""notes"":"""",""bomCode"":""SMTH-00003"",""bomName"":""Smooth Strawberry Sunkist"",""uomName"":null,""bomTypeID"":3,""flagActive"":1,""bomTypeName"":""Menu"",""productName"":null}",2026-08-21 18:25:37.136637+00,2026-08-28 06:30:34.085877+00
310,1,248,,BULK-00061,Smooth Strawberry Sunkist - Can 330ml (Bulk/Event),1.00,true,1,Assembly,Smooth Strawberry Sunkist - Can 330ml (Bulk/Event),PORSI@300GR,"{""bomID"":248,""notes"":"""",""bomCode"":""BULK-00061"",""bomName"":""Smooth Strawberry Sunkist - Can 330ml (Bulk/Event)"",""uomName"":""PORSI@300GR"",""bomTypeID"":1,""flagActive"":1,""bomTypeName"":""Assembly"",""productName"":""Smooth Strawberry Sunkist - Can 330ml (Bulk/Event)""}",2026-08-21 18:25:37.136637+00,2026-08-28 06:30:34.085877+00
311,1,291,,SMTH-00011,Smooth Strawberry Sunkist Tumbler,1.00,true,3,Menu,,,"{""bomID"":291,""notes"":"""",""bomCode"":""SMTH-00011"",""bomName"":""Smooth Strawberry Sunkist Tumbler"",""uomName"":null,""bomTypeID"":3,""flagActive"":1,""bomTypeName"":""Menu"",""productName"":null}",2026-08-21 18:25:37.136637+00,2026-08-28 06:30:34.085877+00
312,1,86,,SMTH-00001,Smooth Vanilla Pecan,1.00,true,3,Menu,,,"{""bomID"":86,""notes"":"""",""bomCode"":""SMTH-00001"",""bomName"":""Smooth Vanilla Pecan"",""uomName"":null,""bomTypeID"":3,""flagActive"":1,""bomTypeName"":""Menu"",""productName"":null}",2026-08-21 18:25:37.136637+00,2026-08-28 06:30:34.085877+00
313,1,76,,BULK-00016,Smooth Vanilla Pecan - 1L (Event/Bulk),1.00,true,1,Assembly,- Smooth Vanilla Pecan - 1L (Event/Bulk),PORSI@900GR,"{""bomID"":76,""notes"":"""",""bomCode"":""BULK-00016"",""bomName"":""Smooth Vanilla Pecan - 1L (Event/Bulk)"",""uomName"":""PORSI@900GR"",""bomTypeID"":1,""flagActive"":1,""bomTypeName"":""Assembly"",""productName"":""- Smooth Vanilla Pecan - 1L (Event/Bulk)""}",2026-08-21 18:25:37.136637+00,2026-08-28 06:30:34.085877+00
314,1,221,,BULK-00043,Smooth Vanilla Pecan - Can 330ml (Bulk/Event),1.00,true,1,Assembly,Smooth Vanilla Pecan - Can 330ml (Bulk/Event),PORSI@300GR,"{""bomID"":221,""notes"":"""",""bomCode"":""BULK-00043"",""bomName"":""Smooth Vanilla Pecan - Can 330ml (Bulk/Event)"",""uomName"":""PORSI@300GR"",""bomTypeID"":1,""flagActive"":1,""bomTypeName"":""Assembly"",""productName"":""Smooth Vanilla Pecan - Can 330ml (Bulk/Event)""}",2026-08-21 18:25:37.136637+00,2026-08-28 06:30:34.085877+00
315,1,58,,SMTH-00007,SMOOTH VANILLA PECAN - COTR (210ml),1.00,true,1,Assembly,SMOOTH VANILLA PECAN - COTR (210ml),PORSI@210GR,"{""bomID"":58,""notes"":"""",""bomCode"":""SMTH-00007"",""bomName"":""SMOOTH VANILLA PECAN - COTR (210ml)"",""uomName"":""PORSI@210GR"",""bomTypeID"":1,""flagActive"":1,""bomTypeName"":""Assembly"",""productName"":""SMOOTH VANILLA PECAN - COTR (210ml)""}",2026-08-21 18:25:37.136637+00,2026-08-28 06:30:34.085877+00
316,1,69,,BULK-00017,Smooth Vanilla Pecan - GALON 5L (Event/Bulk),1.00,true,1,Assembly,- Smooth Vanilla Pecan - GALON 5L (Event/Bulk),PORSI@5015GR,"{""bomID"":69,""notes"":"""",""bomCode"":""BULK-00017"",""bomName"":""Smooth Vanilla Pecan - GALON 5L (Event/Bulk)"",""uomName"":""PORSI@5015GR"",""bomTypeID"":1,""flagActive"":1,""bomTypeName"":""Assembly"",""productName"":""- Smooth Vanilla Pecan - GALON 5L (Event/Bulk)""}",2026-08-21 18:25:37.136637+00,2026-08-28 06:30:34.085877+00
317,1,292,,SMTH-00012,Smooth Vanilla Pecan Tumbler,1.00,true,3,Menu,,,"{""bomID"":292,""notes"":"""",""bomCode"":""SMTH-00012"",""bomName"":""Smooth Vanilla Pecan Tumbler"",""uomName"":null,""bomTypeID"":3,""flagActive"":1,""bomTypeName"":""Menu"",""productName"":null}",2026-08-21 18:25:37.136637+00,2026-08-28 06:30:34.085877+00
318,1,166,,SPEC-00007,Split,1.00,true,3,Menu,,,"{""bomID"":166,""notes"":"""",""bomCode"":""SPEC-00007"",""bomName"":""Split"",""uomName"":null,""bomTypeID"":3,""flagActive"":1,""bomTypeName"":""Menu"",""productName"":null}",2026-08-21 18:25:37.136637+00,2026-08-28 06:30:34.085877+00
319,1,319,,SDICH-004-NEW,SRIKAYA TOAST,1.00,true,3,Menu,,,"{""bomID"":319,""notes"":"""",""bomCode"":""SDICH-004-NEW"",""bomName"":""SRIKAYA TOAST"",""uomName"":null,""bomTypeID"":3,""flagActive"":1,""bomTypeName"":""Menu"",""productName"":null}",2026-08-21 18:25:37.136637+00,2026-08-28 06:30:34.085877+00
320,1,310,,SIDE-00020,Srikaya Toast Butter,1.00,true,3,Menu,,,"{""bomID"":310,""notes"":"""",""bomCode"":""SIDE-00020"",""bomName"":""Srikaya Toast Butter"",""uomName"":null,""bomTypeID"":3,""flagActive"":1,""bomTypeName"":""Menu"",""productName"":null}",2026-08-21 18:25:37.136637+00,2026-08-28 06:30:34.085877+00
321,1,128,,BLCK-00002,Strawberry Honey Lemon Cold Brew,1.00,true,3,Menu,,,"{""bomID"":128,""notes"":"""",""bomCode"":""BLCK-00002"",""bomName"":""Strawberry Honey Lemon Cold Brew"",""uomName"":null,""bomTypeID"":3,""flagActive"":1,""bomTypeName"":""Menu"",""productName"":null}",2026-08-21 18:25:37.136637+00,2026-08-28 06:30:34.085877+00
322,1,189,,RFRS-00003,Sweet Apple Candy,1.00,true,3,Menu,,,"{""bomID"":189,""notes"":"""",""bomCode"":""RFRS-00003"",""bomName"":""Sweet Apple Candy"",""uomName"":null,""bomTypeID"":3,""flagActive"":1,""bomTypeName"":""Menu"",""productName"":null}",2026-08-21 18:25:37.136637+00,2026-08-28 06:30:34.085877+00
323,1,203,,SWTC-00004,Sweet Calf Blueberry,1.00,true,3,Menu,,,"{""bomID"":203,""notes"":"""",""bomCode"":""SWTC-00004"",""bomName"":""Sweet Calf Blueberry"",""uomName"":null,""bomTypeID"":3,""flagActive"":1,""bomTypeName"":""Menu"",""productName"":null}",2026-08-21 18:25:37.136637+00,2026-08-28 06:30:34.085877+00
324,1,52,,BULK-00018,Sweet Calf Blueberry - Can 330 (Event/Bulk),1.00,true,1,Assembly,- Sweet Calf Blueberry - Can 330 (Event/Bulk),PORSI@290GR,"{""bomID"":52,""notes"":"""",""bomCode"":""BULK-00018"",""bomName"":""Sweet Calf Blueberry - Can 330 (Event/Bulk)"",""uomName"":""PORSI@290GR"",""bomTypeID"":1,""flagActive"":1,""bomTypeName"":""Assembly"",""productName"":""- Sweet Calf Blueberry - Can 330 (Event/Bulk)""}",2026-08-21 18:25:37.136637+00,2026-08-28 06:30:34.085877+00
325,1,113,,SWTC-00005,Sweet Calf Cookies,1.00,true,3,Menu,,,"{""bomID"":113,""notes"":"""",""bomCode"":""SWTC-00005"",""bomName"":""Sweet Calf Cookies"",""uomName"":null,""bomTypeID"":3,""flagActive"":1,""bomTypeName"":""Menu"",""productName"":null}",2026-08-21 18:25:37.136637+00,2026-08-28 06:30:34.085877+00
326,1,72,,BULK-00019,Sweet Calf Cookies - Can 330 (Event/Bulk),1.00,true,1,Assembly,- Sweet Calf Cookies - Can 330 (Event/Bulk),PORSI@290GR,"{""bomID"":72,""notes"":"""",""bomCode"":""BULK-00019"",""bomName"":""Sweet Calf Cookies - Can 330 (Event/Bulk)"",""uomName"":""PORSI@290GR"",""bomTypeID"":1,""flagActive"":1,""bomTypeName"":""Assembly"",""productName"":""- Sweet Calf Cookies - Can 330 (Event/Bulk)""}",2026-08-21 18:25:37.136637+00,2026-08-28 06:30:34.085877+00
327,1,137,,SWTC-00002,Sweet Calf Matcha,1.00,true,3,Menu,,,"{""bomID"":137,""notes"":"""",""bomCode"":""SWTC-00002"",""bomName"":""Sweet Calf Matcha"",""uomName"":null,""bomTypeID"":3,""flagActive"":1,""bomTypeName"":""Menu"",""productName"":null}",2026-08-21 18:25:37.136637+00,2026-08-28 06:30:34.085877+00
328,1,61,,BULK-00020,Sweet Calf Matcha - Can 330 (Event/Bulk),1.00,true,1,Assembly,- Sweet Calf Matcha - Can 330 (Event/Bulk),PORSI@290GR,"{""bomID"":61,""notes"":"""",""bomCode"":""BULK-00020"",""bomName"":""Sweet Calf Matcha - Can 330 (Event/Bulk)"",""uomName"":""PORSI@290GR"",""bomTypeID"":1,""flagActive"":1,""bomTypeName"":""Assembly"",""productName"":""- Sweet Calf Matcha - Can 330 (Event/Bulk)""}",2026-08-21 18:25:37.136637+00,2026-08-28 06:30:34.085877+00
329,1,123,,SWTC-00003,Sweet Calf Strawberry,1.00,true,3,Menu,,,"{""bomID"":123,""notes"":"""",""bomCode"":""SWTC-00003"",""bomName"":""Sweet Calf Strawberry"",""uomName"":null,""bomTypeID"":3,""flagActive"":1,""bomTypeName"":""Menu"",""productName"":null}",2026-08-21 18:25:37.136637+00,2026-08-28 06:30:34.085877+00
330,1,62,,BULK-00021,Sweet Calf Strawberry - Can 330 (Event/Bulk),1.00,true,1,Assembly,- Sweet Calf Strawberry - Can 330 (Event/Bulk),PORSI@290GR,"{""bomID"":62,""notes"":"""",""bomCode"":""BULK-00021"",""bomName"":""Sweet Calf Strawberry - Can 330 (Event/Bulk)"",""uomName"":""PORSI@290GR"",""bomTypeID"":1,""flagActive"":1,""bomTypeName"":""Assembly"",""productName"":""- Sweet Calf Strawberry - Can 330 (Event/Bulk)""}",2026-08-21 18:25:37.136637+00,2026-08-28 06:30:34.085877+00
331,1,180,,SWTC-00006,Sweet Calf Tiramisu,1.00,true,3,Menu,,,"{""bomID"":180,""notes"":"""",""bomCode"":""SWTC-00006"",""bomName"":""Sweet Calf Tiramisu"",""uomName"":null,""bomTypeID"":3,""flagActive"":1,""bomTypeName"":""Menu"",""productName"":null}",2026-08-21 18:25:37.136637+00,2026-08-28 06:30:34.085877+00
332,1,75,,BULK-00022,Sweet Calf Tiramisu - Can 330 (Event/Bulk),1.00,true,1,Assembly,- Sweet Calf Tiramisu - Can 330 (Event/Bulk),PORSI@290GR,"{""bomID"":75,""notes"":"""",""bomCode"":""BULK-00022"",""bomName"":""Sweet Calf Tiramisu - Can 330 (Event/Bulk)"",""uomName"":""PORSI@290GR"",""bomTypeID"":1,""flagActive"":1,""bomTypeName"":""Assembly"",""productName"":""- Sweet Calf Tiramisu - Can 330 (Event/Bulk)""}",2026-08-21 18:25:37.136637+00,2026-08-28 06:30:34.085877+00
333,1,106,,SWTC-00001,Sweet Calf Toblerone,1.00,true,3,Menu,,,"{""bomID"":106,""notes"":"""",""bomCode"":""SWTC-00001"",""bomName"":""Sweet Calf Toblerone"",""uomName"":null,""bomTypeID"":3,""flagActive"":1,""bomTypeName"":""Menu"",""productName"":null}",2026-08-21 18:25:37.136637+00,2026-08-28 06:30:34.085877+00
334,1,55,,BULK-00023,Sweet Calf Toblerone - Can 330 (Event/Bulk),1.00,true,1,Assembly,- Sweet Calf Toblerone - Can 330 (Event/Bulk),PORSI@290GR,"{""bomID"":55,""notes"":"""",""bomCode"":""BULK-00023"",""bomName"":""Sweet Calf Toblerone - Can 330 (Event/Bulk)"",""uomName"":""PORSI@290GR"",""bomTypeID"":1,""flagActive"":1,""bomTypeName"":""Assembly"",""productName"":""- Sweet Calf Toblerone - Can 330 (Event/Bulk)""}",2026-08-21 18:25:37.136637+00,2026-08-28 06:30:34.085877+00
335,1,308,,,TARO MILK TEA,1.00,true,3,Menu,,,"{""bomID"":308,""notes"":"""",""bomCode"":"""",""bomName"":""TARO MILK TEA"",""uomName"":null,""bomTypeID"":3,""flagActive"":1,""bomTypeName"":""Menu"",""productName"":null}",2026-08-21 18:25:37.136637+00,2026-08-28 06:30:34.085877+00
336,1,318,,SDISH-003-NEW,TOAST CHOCO CHEESE,1.00,true,3,Menu,,,"{""bomID"":318,""notes"":"""",""bomCode"":""SDISH-003-NEW"",""bomName"":""TOAST CHOCO CHEESE"",""uomName"":null,""bomTypeID"":3,""flagActive"":1,""bomTypeName"":""Menu"",""productName"":null}",2026-08-21 18:25:37.136637+00,2026-08-28 06:30:34.085877+00
337,1,138,,RFRS-00005,Tropical Mango Cream,1.00,true,3,Menu,,,"{""bomID"":138,""notes"":"""",""bomCode"":""RFRS-00005"",""bomName"":""Tropical Mango Cream"",""uomName"":null,""bomTypeID"":3,""flagActive"":1,""bomTypeName"":""Menu"",""productName"":null}",2026-08-21 18:25:37.136637+00,2026-08-28 06:30:34.085877+00